x,y,curie
-1067978.505,23608.2601,7
-1070602.045,39036.0518,7
-1060943.299,52867.8463,7
-1047479.01,55548.5249,7
-1030910.214,54904.513,7
-1020116.832,50137.5245,7
-1014286.674,42054.2763,7
-1023129.706,33097.4674,7
-1034157.085,28763.1155,7
-1039535.023,26055.1551,7
-1059850.588,120462.0402,7
-1065224.568,107536.0624,7
-1075583.576,103564.6956,7
-1090390.328,102282.1521,7
-1104660.574,109053.7046,7
-1108555.164,119789.8577,7
-1110286.702,132018.4206,7
-1106488.443,147421.5095,7
-1095026.557,161341.7477,7
-1084105.648,175412.7511,7
-1078831.099,187889.2015,7
-1075283.907,204419.7308,7
-1076823.443,221269.4609,7
-1075945.335,236469.3791,7
-1067304.658,248605.6336,7
-1055216.989,254693.0653,7
-1041289.383,255157.0633,7
-1025082.206,257607.6945,7
-1009653.16,267474.5803,7
-992885.2165,280090.1543,7
-972394.2159,291750.7735,7
-961851.1404,290562.7529,7
-963905.2492,277206.7326,7
-971009.8048,270302.5601,7
-980245.7391,266008.4933,7
-986847.9092,250756.6935,7
-1000265.437,237790.2617,7
-1011531.284,230437.1087,7
-1026672.336,227691.1656,7
-1043426.851,225376.1804,7
-1057806.759,215258.4878,7
-1066983.905,199166.7225,7
-1072929.09,186346.6989,7
-1075264.021,165925.5673,7
-1071799.209,149651.4655,7
-1065091.599,136649.3191,7
-915533.0427,499681.0416,7
-909575.4383,510570.2529,7
-903347.0111,510481.7664,7
-902818.6721,498399.9749,7
-897523.2078,485071.4273,7
-898410.3773,475970.5579,7
-906018.6838,471229.894,7
-918193.6727,474434.701,7
-925858.5917,477494.7583,7
-926574.0925,484949.2069,7
-921973.2726,493076.5897,7
-746343.6387,862077.5239,7
-735785.9752,859750.8343,7
-731126.0808,850612.6032,7
-742614.6956,845828.7163,7
-751417.5455,844526.0141,7
-761842.083,847343.3476,7
-775545.9444,856315.8223,7
-775792.2358,863222.6325,7
-757043.8464,863922.3435,7
-792617.7073,884658.6944,7
-802089.4522,883032.6606,7
-810141.2299,886291.8667,7
-816153.7853,892687.2965,7
-818232.5536,899061.3213,7
-812119.6173,902657.5864,7
-802558.7863,896868.575,7
-796215.417,893548.9427,7
-787125.2612,895806.4131,7
-780451.4306,895563.6784,7
-1043649.79,236742.4698,6
-1035715.312,244439.2569,6
-1043448.819,251606.0492,6
-1053098.357,250019.1713,6
-1062908.287,243846.7826,6
-1055443.964,235715.0997,6
-1078934.399,140750.1321,6
-1086721.427,147897.6309,6
-1096412.481,142226.8243,6
-1102487.014,128958.3345,6
-1098597.835,116173.7785,6
-1084602.332,112541.8663,6
-1071820.065,120995.8207,6
-837250.6331,675786.3023,7
-839064.4034,669478.2166,7
-847531.7586,667562.066,7
-854045.3148,672442.0246,7
-849078.2925,677906.8466,7
-1943976.586,-12731.7791,8
-1933647.601,-14015.826,8
-1922201.122,-20277.6114,8
-1913007.484,-26602.9918,8
-1907434.401,-34505.38,8
-1913992.555,-48308.9967,8
-1924422.206,-41609.089,8
-1939061.869,-39769.5372,8
-1952331.186,-36410.2619,8
-1960375.561,-29261.1895,8
-1956082.285,-17072.5888,8
-1950081.959,-54873.6195,8
-1943850.048,-56425.9469,8
-1940829.376,-63923.1215,8
-1942849.05,-71781.2294,8
-1950079.256,-73391.9407,8
-1959640.72,-59614.1637,8
-1958026.169,-70148.163,8
-1602791.889,185389.2306,8
-1590536.415,183737.0048,8
-1579947.267,185302.5736,8
-1572454.08,189721.9365,8
-1564905.156,197239.164,8
-1565182.383,209378.9698,8
-1577782.908,218516.1755,8
-1584358.661,224340.5172,8
-1591672.697,233505.032,8
-1604208.75,239932.1435,8
-1612847.066,238977.9029,8
-1620371.351,228730.6417,8
-1630829.548,218969.9884,8
-1639459.355,209453.7248,8
-1646192.109,203274.4736,8
-1648191.192,195302.1117,8
-1639668.09,190048.2153,8
-1627334.799,187176.3306,8
-1613975.288,184790.6226,8
-1421437.09,177043.2982,8
-1411452.322,181205.9273,8
-1403766.301,187958.1428,8
-1400266.666,199769.5097,8
-1405868.429,211824.1549,8
-1417727.734,217505.5734,8
-1429927.375,220576.2253,8
-1442553.825,222224.3431,8
-1457574.081,226121.3897,8
-1465527.394,228786.011,8
-1478530.364,232127.5352,8
-1486025.031,220280.4563,8
-1486631.773,202187.6471,8
-1483124.714,193414.2565,8
-1477534.444,181334.4151,8
-1467399.728,174175.8006,8
-1453069.362,169325.7677,8
-1434252.548,173685.8852,8
-1297708.002,235547.6504,8
-1306148.037,230513.7366,8
-1314764.381,227858.6922,8
-1327707.818,226796.7448,8
-1337076.282,229015.1393,8
-1344284.711,234129.3693,8
-1345071.622,243277.9455,8
-1338294.555,251481.5517,8
-1330058.193,255785.3972,8
-1321231.46,259151.1866,8
-1307009.154,258690.9709,8
-1299664.943,257041.6764,8
-1292750.027,245037.6897,8
-1089849.029,26646.3208,8
-1090889.598,35314.6602,8
-1086061.328,44774.4083,8
-1077081.175,52026.8198,8
-1064163.572,59422.7048,8
-1054169.991,62603.0627,8
-1040565.779,72512.3025,8
-1012984.804,65894.4952,8
-1005994.798,59930.2968,8
-1014321.641,29990.2579,8
-1021969.164,24292.1317,8
-1028008.063,19715.6186,8
-1032520.623,210083.0183,8
-1041784.95,204791.0105,8
-1052661.134,199922.212,8
-1064876.931,185785.2868,8
-1068533.464,172888.9554,8
-1068968.191,156087.8469,8
-1065655.016,146393.1557,8
-1060522.028,135467.594,8
-1052453.841,118045.8201,8
-1051739.57,108281.8932,8
-1057077.315,100076.6376,8
-1067367.015,95827.968,8
-1076654.487,95155.9197,8
-1087055.439,95159.2142,8
-1106852.841,100290.5235,8
-1114927.425,110064.8119,8
-1117235.352,121799.8053,8
-1117924.748,131582.8904,8
-1114873.813,142313.149,8
-1110003.875,153340.6725,8
-1102909.542,166098.5723,8
-1094611.843,177008.0746,8
-1090136.477,189695.2167,8
-1085753.994,203569.4255,8
-1086204.975,215637.7673,8
-1084136.36,227435.9409,8
-1079807.832,247138.3301,8
-1069805.916,256472.9031,8
-1058136.473,259579.4528,8
-1045174.369,261194.0271,8
-1034921.281,263911.5455,8
-1025355.855,270287.8108,8
-1015267.671,281551.4702,8
-1004438.044,281812.7014,8
-993996.9695,285269.2985,8
-986863.7961,289204.2133,8
-978328.5388,293548.8679,8
-971083.5828,300934.1344,8
-962073.6657,300913.1885,8
-958297.2477,294531.1676,8
-954726.7047,285891.9653,8
-956365.1089,275517.4545,8
-961208.46,264432.0731,8
-966636.3993,258895.3476,8
-975697.6637,245052.6497,8
-988565.5841,234509.1362,8
-996406.5977,229603.4917,8
-1003844.877,226136.0955,8
-1013199.589,220472.0344,8
-1023560.053,215842.23,8
-905664.7808,348901.8421,8
-903151.2955,330486.7274,8
-904998.12,317839.0375,8
-910627.4758,308482.4586,8
-917531.3875,306783.8651,8
-924121.5519,309250.3877,8
-925993.3705,316293.5654,8
-929517.8409,332651.6128,8
-930166.9329,342481.5673,8
-931777.0383,357982.0166,8
-924245.9162,364925.3904,8
-910715.6358,356777.8259,8
-867782.465,363499.2036,8
-874366.5974,362871.0904,8
-878625.151,368990.1466,8
-879296.5163,374188.9817,8
-877034.7347,386756.4735,8
-872019.5466,392427.3845,8
-864873.2827,387491.3637,8
-860035.0921,378901.0997,8
-855677.7006,373145.7078,8
-856994.2013,368460.3522,8
-902939.0577,417486.9289,8
-910738.4268,414091.6418,8
-919003.9264,415086.274,8
-926269.2145,416598.6693,8
-927719.1253,422022.9447,8
-921788.6357,427843.3345,8
-913357.6721,434951.4748,8
-906483.2018,435093.6951,8
-893160.0277,432391.7259,8
-896708.9049,424395.1199,8
-891065.0841,487782.6002,8
-885690.8245,478206.2502,8
-887572.0393,468593.6928,8
-894584.0393,463435.6368,8
-904334.1662,463660.5258,8
-913379.8673,464870.9085,8
-921163.1611,463031.1475,8
-930489.8037,466267.721,8
-933428.0661,470934.0521,8
-933948.558,478076.5949,8
-930635.0179,489657.896,8
-926889.6015,495286.6194,8
-918191.514,507786.0799,8
-912220.6193,516726.0163,8
-905427.994,519604.1273,8
-899416.0326,515286.5845,8
-895936.0382,506578.1689,8
-896296.9388,500833.2181,8
-862365.9622,542140.5771,8
-856843.9233,539128.605,8
-852232.3976,543370.6934,8
-854309.3608,552491.4239,8
-857813.0947,558093.7793,8
-858838.9889,563434.8978,8
-855768.2302,571206.9668,8
-851051.6486,575814.2668,8
-854069.4544,580124.4906,8
-859453.6681,577645.316,8
-866563.8356,572110.8587,8
-869514.2886,566257.0481,8
-870110.7841,558221.1852,8
-866833.6885,550335.2871,8
-830147.1433,567186.6047,8
-827160.6044,559776.4219,8
-826147.4749,552887.3775,8
-820905.572,551904.3268,8
-818483.249,555944.3143,8
-817984.3239,565164.1596,8
-822756.5315,572262.8098,8
-824281.2973,577342.5709,8
-822259.3935,588903.2679,8
-824964.358,594298.7163,8
-829553.0483,591605.3851,8
-835469.993,585750.4564,8
-836835.8609,579477.0498,8
-833939.4256,573253.009,8
-831359.8953,486570.8645,8
-837166.2928,481088.7231,8
-841579.6039,476022.4884,8
-846796.6375,481650.2038,8
-843146.6552,490023.4739,8
-837044.2936,495040.386,8
-829960.1419,499026.0118,8
-820399.5986,502758.3484,8
-814384.3711,498478.4958,8
-838934.7091,656647.1182,8
-844707.284,654270.9753,8
-854550.7562,651024.9966,8
-860702.7912,656196.198,8
-859555.1799,666078.381,8
-860898.063,674672.2232,8
-859376.5699,682892.6843,8
-852211.863,685676.0031,8
-844024.9475,684656.7381,8
-837124.5166,683592.8611,8
-829098.5411,684974.5621,8
-821492.8911,684902.7346,8
-813968.3794,686030.5273,8
-806076.637,685495.1284,8
-798812.0788,682779.0317,8
-793792.8696,675180.9626,8
-795771.606,668268.5505,8
-800771.1928,664115.0144,8
-808735.8346,659966.1601,8
-811560.6779,656019.7508,8
-812260.3706,641731.3039,8
-806705.6825,635960.8581,8
-806894.4823,629366.5721,8
-816294.4733,621690.174,8
-823641.857,619725.1651,8
-830242.0267,621863.1832,8
-831940.503,627786.605,8
-830624.7835,636823.4279,8
-823477.7579,645488.2068,8
-759675.6983,824692.173,8
-752195.2692,830158.9632,8
-742792.7865,833534.0655,8
-733634.5741,834614.3546,8
-726521.7695,841758.6442,8
-722622.0923,855283.1742,8
-728206.3996,860728.0951,8
-738824.9049,864776.9389,8
-747067.2061,869767.2885,8
-760665.0757,872270.0037,8
-771526.3297,869694.2682,8
-779697.5365,873496.5441,8
-779596.6285,882553.3656,8
-776546.4721,891599.2543,8
-775482.1898,899608.7534,8
-776685.2266,911404.5396,8
-781574.6331,920656.0952,8
-792750.8612,921348.0357,8
-803614.6714,918791.2489,8
-813562.6405,913609.6745,8
-823198.8019,905177.1283,8
-828153.1214,891105.1762,8
-827307.479,880983.0979,8
-822333.4119,874873.2067,8
-817819.4235,870078.9112,8
-814831.7921,862939.2749,8
-791196.7727,836765.1568,8
-785953.646,828641.0205,8
-788492.588,819869.9807,8
-793814.0031,814611.9626,8
-800734.3511,808211.8292,8
-806480.8386,801495.1886,8
-810435.749,790750.8726,8
-805972.7888,776950.0232,8
-799557.8607,766961.5565,8
-791091.2824,761147.6258,8
-781180.7864,758882.1801,8
-767842.6268,761203.7002,8
-759550.6029,768020.5787,8
-759460.8243,778605.0074,8
-768730.5332,783055.3027,8
-781226.2704,793888.1476,8
-780065.8036,808139.3615,8
-769853.5647,817197.4902,8
-560962.4083,962483.2547,8
-551062.1,964964.3077,8
-542862.7208,970264.0714,8
-537452.4649,977489.9925,8
-542855.0918,984844.0661,8
-553116.765,992716.0258,8
-559462.183,996784.5442,8
-568660.4919,999649.2311,8
-576942.4307,999902.1827,8
-585648.7579,998691.7171,8
-590054.3932,993559.05,8
-596292.8099,984971.5189,8
-598438.5214,976073.8213,8
-600936.9338,968851.8906,8
-593165.5189,962425.7482,8
-582293.721,959513.163,8
-570938.9783,961206.8448,8
-597589.7486,932468.6693,8
-594678.6427,926571.0692,8
-586349.3028,927894.3145,8
-584682.4106,938083.0662,8
-588367.7015,944188.9105,8
-594268.1537,946949.0889,8
-598953.8868,942290.5397,8
-1147718.488,390648.1417,8
-1151499.177,377659.9665,8
-1156762.169,363526.0448,8
-1167506.835,360230.738,8
-1179858.845,367241.5941,8
-1192995.481,365652.6861,8
-1200970.595,360055.4415,8
-1205296.203,347229.271,8
-1214877.135,342079.2174,8
-1222998.774,345872.6961,8
-1223979.622,352373.3044,8
-1212092.374,359481.3602,8
-461643.3417,914388.4029,8
-477157.695,910599.6668,8
-484261.1485,912980.8921,8
-480389.6978,926613.9856,8
-479891.4107,940091.9249,8
-479046.9207,950867.3307,8
-600261.3895,1053671.946,9
-592930.0303,1055902.185,9
-580438.6282,1056731.57,9
-571897.2534,1055469.556,9
-563406.9091,1052113.974,9
-561207.6894,1046244.576,9
-577117.4491,1048969.442,9
-587827.0924,1046597.168,9
-600049.0867,1040942.962,9
-611109.4667,1029696.999,9
-622491.1208,1026984.293,9
-638339.151,1028130.814,9
-651218.156,1033758.621,9
-656697.8635,1043714.636,9
-649283.8249,1053845.637,9
-639072.5615,1056337.409,9
-625959.6029,1055395.232,9
-612243.4655,1052709.579,9
-464641.9864,907723.7586,9
-475468.4945,904800.3376,9
-485332.9338,905286.9483,9
-498853.5823,912489.5884,9
-510218.6161,894022.3108,9
-517678.4571,891270.5129,9
-530696.3187,898351.4584,9
-539797.5176,913317.5534,9
-533671.2374,921131.0373,9
-528202.1864,928595.0917,9
-530912.0993,936650.5686,9
-530335.4824,946462.1166,9
-514099.7377,966290.9424,9
-527076.9486,973413.2333,9
-536068.9954,984740.1753,9
-547963.2236,993702.7426,9
-560511.4438,1002328.794,9
-572398.1696,1005524.546,9
-584004.6556,1003910.568,9
-596226.3207,996802.4575,9
-604443.6697,991512.8253,9
-612133.0342,1001098.663,9
-618441.52,1011111.235,9
-624440.5246,1009177.956,9
-627167.8925,992516.5627,9
-620568.2097,982037.5346,9
-612552.2829,973556.1133,9
-618334.2332,963664.2335,9
-624748.9709,951577.0098,9
-614451.1529,939345.3784,9
-607928.4432,928533.9829,9
-599127.233,913976.4348,9
-587295.7663,914369.2627,9
-575572.4026,924631.8555,9
-572429.5341,935604.7533,9
-571970.4525,948872.6938,9
-562925.2268,957096.7044,9
-547172.4842,959594.8485,9
-534708.541,963760.3714,9
-614244.0948,890454.4946,9
-608541.4238,897199.1054,9
-611534.758,904292.8379,9
-618884.8869,903497.2102,9
-625729.0263,898630.8081,9
-631436.8517,891887.254,9
-629714.2104,884737.5909,9
-620696.9951,885483.8519,9
-624537.6213,1106724.919,9
-626312.4145,1094900.914,9
-633438.1566,1083359.413,9
-641751.3594,1074924.501,9
-652820.0479,1065659.868,9
-657511.9597,1065360.917,9
-661033.3767,1076254.767,9
-661085.8315,1088980.752,9
-659046.0827,1103123.407,9
-730665.6698,1021593.573,9
-723483.2176,1011678.331,9
-718064.6921,1001464.023,9
-720641.5935,988298.3626,9
-729722.2414,977316.6534,9
-739155.8549,968018.809,9
-836410.5401,843956.6576,9
-843600.0252,848295.8533,9
-845415.5633,855116.3169,9
-842816.9204,865471.1786,9
-840111.3501,871845.3092,9
-846217.8755,884206.9137,9
-841478.9826,893191.3453,9
-833361.7456,903622.1539,9
-827236.5352,913021.0515,9
-816143.743,920656.4792,9
-806049.8739,927777.5344,9
-795928.8267,932120.6619,9
-767306.412,930597.0556,9
-771927.6803,917618.2388,9
-771506.9005,906034.3715,9
-770939.4756,896392.5615,9
-773171.5171,884357.5834,9
-764792.0643,881286.8286,9
-754286.6802,881195.8674,9
-742103.368,872368.3817,9
-725354.8685,870602.4227,9
-713263.5519,871678.4643,9
-709212.8586,868223.0842,9
-705482.8056,853433.7881,9
-708097.8991,839963.4786,9
-710964.5238,828533.765,9
-713360.6685,815803.1694,9
-721248.5748,808868.6046,9
-735330.6326,812637.7939,9
-746810.8513,813750.9542,9
-757449.9451,807559.2126,9
-761067.3883,787683.5245,9
-752667.7523,778751.8771,9
-748678.0691,770614.6889,9
-749755.2752,759515.2924,9
-753233.2812,751807.177,9
-764136.6498,747649.5211,9
-780716.385,751687.2906,9
-793242.2705,756616.257,9
-806992.3396,764637.7043,9
-816681.0465,773545.1993,9
-823209.9922,787515.0423,9
-823139.5168,800889.7102,9
-818785.4969,811531.0742,9
-814038.2508,822068.9684,9
-814232.5218,831587.9168,9
-822816.5379,839846.8954,9
-787244.3689,677359.2016,9
-787879.243,667743.1782,9
-795491.637,660368.3522,9
-801486.3164,655696.424,9
-803736.0862,643385.5311,9
-797166.8292,632269.7983,9
-802206.6739,625003.8417,9
-809903.0713,618830.6538,9
-818369.9896,614424.9548,9
-827960.6099,615006.3715,9
-835516.2542,619742.918,9
-840287.6461,625309.5295,9
-842274.1953,631704.1229,9
-839400.853,638764.6545,9
-838520.4038,644791.7438,9
-846611.5266,646164.6214,9
-853929.3457,639895.3784,9
-859914.5505,636795.0597,9
-867744.9295,636146.2232,9
-874296.671,641423.6195,9
-873464.9451,650211.349,9
-869636.8545,660550.2124,9
-867408.4615,669753.668,9
-869457.584,677364.2884,9
-870689.4682,686328.3059,9
-866695.6219,694280.4538,9
-857457.3161,696895.9635,9
-846622.9223,694768.4104,9
-832668.1523,690242.4986,9
-820107.7078,691196.8143,9
-810329.1741,691330.816,9
-799133.1055,687565.035,9
-793466.7036,683708.6744,9
-748003.4802,476372.6123,9
-741931.5792,463215.6348,9
-736511.6198,456811.719,9
-739126.3541,448968.0866,9
-749629.4893,450858.5412,9
-757445.1994,454779.5056,9
-764164.0237,459587.1864,9
-768263.677,470701.5723,9
-766589.3181,484221.6057,9
-763732.7832,495895.0192,9
-756295.1694,496702.4575,9
-750716.5697,486360.9815,9
-825824.765,483581.9705,9
-816966.8816,486334.1883,9
-811689.3746,488462.119,9
-804063.0649,498912.363,9
-807177.4644,505932.5819,9
-814363.3943,512071.0076,9
-824082.9951,512266.0331,9
-831590.2388,505279.5929,9
-840493.3497,497881.456,9
-846214.6542,491211.0652,9
-851834.3186,484904.2693,9
-853502.7186,476016.0842,9
-849767.9583,471161.5711,9
-839929.4936,471324.0988,9
-833112.7664,478871.982,9
-773699.2679,537285.739,9
-783855.4971,531364.0348,9
-791557.2182,534138.2983,9
-797575.0061,536867.8484,9
-795055.3367,541269.3711,9
-815957.2209,602073.9336,9
-812540.9128,590248.5138,9
-814906.1457,574490.8757,9
-814325.5718,564595.3184,9
-812485.4844,551649.7693,9
-815073.9589,541036.2885,9
-825165.2795,542894.1578,9
-833177.4434,553561.7487,9
-835581.6799,560038.5758,9
-842951.5329,565485.9501,9
-848437.7295,562641.5136,9
-846588.5012,551239.1047,9
-846934.695,538083.4626,9
-853161.7579,531149.9573,9
-861745.5726,517440.0315,9
-868094.2665,508597.4438,9
-867926.55,495715.7904,9
-869969.5089,479533.7524,9
-872831.5409,470956.3075,9
-880571.8476,461713.1342,9
-891272.1042,455576.536,9
-903303.9459,456784.2811,9
-915132.1161,458723.2694,9
-925800.9878,457254.2823,9
-937299.1754,452898.1217,9
-946266.0964,452932.5663,9
-952005.5744,456784.1962,9
-948312.7112,466700.6204,9
-942736.0306,475732.1044,9
-935829.8579,487918.8215,9
-930857.3191,496338.0185,9
-926470.5007,505694.3238,9
-921978.9978,515415.6839,9
-915335.3901,522229.5727,9
-907231.2459,526708.5302,9
-895498.2643,527500.2592,9
-886126.8488,530479.9725,9
-881095.2771,536166.9561,9
-876545.3014,543151.9143,9
-876854.2085,558444.7708,9
-874634.4751,569174.425,9
-871246.4123,578036.5868,9
-859975.7914,583249.3113,9
-847337.691,587323.1516,9
-839379.3974,589904.8441,9
-827751.2011,600889.616,9
-875125.3367,434292.7296,9
-861604.964,432336.6874,9
-856686.3392,424089.1678,9
-856174.1892,410789.7986,9
-852945.8335,401056.7685,9
-847317.2775,392261.4749,9
-843477.674,383159.3396,9
-843828.6294,371272.3598,9
-850730.2157,364926.1177,9
-863217.529,358466.5842,9
-872414.8739,353099.3511,9
-881837.2144,342386.8548,9
-889284.1223,326541.6963,9
-896213.3124,315586.439,9
-902839.7106,305714.6349,9
-915857.1561,299026.5101,9
-927347.0556,302364.3724,9
-935138.4209,305143.0626,9
-939306.024,313166.7923,9
-942154.1741,324331.568,9
-944392.33,336119.5905,9
-945537.2374,345697.7958,9
-943578.3252,355633.9567,9
-938702.318,368298.5083,9
-934765.8157,374629.7178,9
-928336.0944,380700.0554,9
-920560.5311,379450.9398,9
-915419.2991,371921.9859,9
-912156.4866,366819.8122,9
-907195.4751,361667.8588,9
-899637.0493,356622.6449,9
-890937.75,360177.8024,9
-887999.2104,369085.1333,9
-884191.0585,390152.2629,9
-880459.7625,397316.3486,9
-874831.1538,405153.2082,9
-874259.9076,416237.9654,9
-882303.5465,419486.054,9
-889790.4692,417166.9011,9
-898211.2786,410053.687,9
-901960.8885,401340.9177,9
-910783.5789,394336.7538,9
-919225.2893,399247.3746,9
-926627.3964,409322.0903,9
-933047.3835,416822.2939,9
-934764.2372,425811.9851,9
-928494.7549,435814.6526,9
-1019855.964,409863.1591,9
-1011605.653,405722.8926,9
-1004787.075,398084.0831,9
-1011079.014,388103.4606,9
-1023355.442,390199.7563,9
-1040317.187,285802.3634,9
-1031867.741,289766.0045,9
-1026763.584,288039.4677,9
-1027003.478,281147.163,9
-1034463.246,274604.3627,9
-1041609.7,270685.6003,9
-1047930.051,271187.2618,9
-1053234.915,273742.2713,9
-1051686.813,280677.9734,9
-1022890.149,298619.4582,9
-1009594.974,292429.8886,9
-999586.5741,289815.4974,9
-986025.7311,296709.4978,9
-975279.6876,302796.9949,9
-965149.4293,306731.0986,9
-956759.3758,303010.9496,9
-950189.6552,294364.626,9
-948324.7107,284240.3205,9
-949767.0418,271504.9862,9
-952098.015,261701.7278,9
-956739.6429,248260.8388,9
-966480.2599,241139.6792,9
-977027.0745,234229.7793,9
-988782.4011,227635.7176,9
-997227.4327,222116.6339,9
-1006782.322,215732.6221,9
-1014828.614,211655.7154,9
-1027207.126,204470.7196,9
-1038077.857,199594.0405,9
-1056017.437,186556.3933,9
-1058250.145,178674.4096,9
-1034612.338,299767.6621,9
-1042651.04,297243.8731,9
-1051524.309,290301.4751,9
-1061099.525,283934.6057,9
-1070616.286,271756.7382,9
-1075096.479,262118.6981,9
-1082786.579,253332.2395,9
-1093241.663,253007.3496,9
-1100570.008,254563.6259,9
-1108370.643,260502.0281,9
-1114217.98,271730.3418,9
-1117973.63,279700.1976,9
-1128104.581,282024.1322,9
-1136581.985,278100.5219,9
-1138175.186,268073.4955,9
-1132835.665,256583.1473,9
-1124643.191,248982.3475,9
-1113521.022,242544.3388,9
-1101993.56,236010.958,9
-1099729.291,227304.9339,9
-1102820.823,213459.7402,9
-1104693.084,200843.3543,9
-1106738.925,193674.1222,9
-1109017.641,178095.1064,9
-1112293.369,163558.6198,9
-1117681.309,149200.9884,9
-1121851.704,136070.0909,9
-1121879.439,122246.1436,9
-1126243.096,108413.6006,9
-1139284.98,103766.1082,9
-1152525.626,104553.4378,9
-1163241.741,105069.579,9
-1175290.129,99413.8448,9
-1171463.005,91492.4955,9
-1159228.698,87122.645,9
-1139402.388,89599.7804,9
-1119687.931,91742.2995,9
-1086038.827,86468.6548,9
-1066647.012,86070.2459,9
-1052520.275,90101.6435,9
-1044565.708,99931.1608,9
-1043882.499,117759.1754,9
-1048930.419,133627.2356,9
-1056887.116,146810.793,9
-1063519.083,161589.6945,9
-1115278.486,33561.6063,9
-1118944.17,43683.3785,9
-1113999.371,51967.6503,9
-1105401.674,53190.1878,9
-1094888.956,56600.476,9
-1081962.672,63985.1186,9
-1064699.604,71412.9225,9
-1039583.478,82203.2695,9
-1024750.525,82632.3208,9
-1007439.912,67166.2851,9
-1139281.357,389515.9454,9
-1145173.759,367763.9323,9
-1149515.871,357274.5702,9
-1157420.641,350868.8184,9
-1169614.528,354969.7053,9
-1179576.456,360805.6184,9
-1193557.388,358798.0513,9
-1199495.901,350307.0089,9
-1201050.233,339060.1718,9
-1208044.863,334365.9284,9
-1223560.997,331627.8385,9
-1231047.237,335635.9234,9
-1232352.52,343002.7976,9
-1238399.327,348957.6475,9
-1240522.403,354999.2273,9
-1233671.085,356219.5644,9
-1225431.124,356279.3966,9
-1214658.736,364993.2571,9
-1199225.265,188583.6044,9
-1191362.661,187244.4565,9
-1187396.153,191970.727,9
-1192475.363,201443.784,9
-1197627.927,213650.4138,9
-1203887.307,225007.5266,9
-1213363.143,225250.8287,9
-1223076.554,221693.9425,9
-1232078.132,219108.6444,9
-1240082.809,215481.7809,9
-1243701.594,206021.1503,9
-1242379.014,195607.8702,9
-1236304.826,185071.919,9
-1230372.953,181535.1729,9
-1218946.759,183469.2324,9
-1208112.27,187885.6175,9
-1326205.527,264422.8706,9
-1313974.088,266065.0337,9
-1300263.967,265362.1928,9
-1290872.583,266253.7794,9
-1281560.016,260960.1819,9
-1280397.529,248610.2964,9
-1290813.254,229379.6662,9
-1302316.123,221313.7172,9
-1315102.546,216322.3901,9
-1332487.818,207576.8494,9
-1349251.429,200998.0703,9
-1363181.806,195192.3557,9
-1375071.253,183014.3664,9
-1380977.06,171884.2156,9
-1393819.489,165409.1954,9
-1412536.857,159817.7026,9
-1440688.163,154970.7753,9
-1457281.133,150759.1627,9
-1479073.746,152691.3391,9
-1489685.377,162697.4207,9
-1497337.857,179631.1158,9
-1499269.337,198048.3123,9
-1504707.536,212051.1058,9
-1513873.611,220920.8314,9
-1526861.096,220013.7506,9
-1539108.835,209952.9688,9
-1549968.281,192889.094,9
-1557459.786,182631.1353,9
-1567133.762,175345.4053,9
-1586294.952,171613.312,9
-1602192.588,174327.6525,9
-1622347.556,177536.2327,9
-1635043.592,177785.8922,9
-1647599.955,179949.0906,9
-1659282.17,184976.0807,9
-1665904.461,193566.3573,9
-1659981.345,204262.9337,9
-1649990.146,215312.3421,9
-1641027.548,225896.9345,9
-1626511.858,244590.3819,9
-1550600.153,279157.6084,9
-1531864.749,270165.227,9
-1513894.51,262983.5576,9
-1494780.421,262509.4221,9
-1477744.293,253697.0416,9
-1454791.863,241270.1885,9
-1432069.798,232454.1388,9
-1406866.425,233465.0206,9
-1390640.059,236651.6862,9
-1371619.24,244893.3949,9
-1354538.378,252531.0203,9
-1336937.674,261980.3828,9
-1536019.242,69521.4338,9
-1523532.596,74451.5976,9
-1509060.175,75735.4245,9
-1497592.093,72864.1889,9
-1491485.797,63801.3522,9
-1494958.17,53596.7671,9
-1504685.016,49022.8396,9
-1518072.271,45493.6293,9
-1530739.92,42926.487,9
-1544330.646,40246.4076,9
-1555342.634,40310.2077,9
-1567895.064,39666.3419,9
-1575191.697,43308.0038,9
-1572738.153,51480.9068,9
-1564297.727,57547.8623,9
-1552784.265,65054.7841,9
-1545715.153,68048.7903,9
-2024307.861,-134909.4985,9
-2017154.166,-123692.6651,9
-2008424.23,-120277.2007,9
-2002748.418,-115128.8959,9
-2001428.434,-106686.266,9
-2012288.441,-99806.617,9
-2022579.273,-99646.7019,9
-2042196.271,-97682.4582,9
-1940528.762,-78669.3361,9
-1952099.41,-81245.7995,9
-1967162.645,-83495.5778,9
-1977819.358,-81710.5651,9
-1982395.472,-74880.0874,9
-1979361.793,-68114.7993,9
-1967918.531,-53169.72,9
-1963182.459,-43838.0633,9
-1965597.819,-33038.0924,9
-1969562.429,-22905.7572,9
-1963411.774,-10523.699,9
-1951491.085,-5356.47,9
-1939832.724,-6674.8723,9
-1925469.874,-10757.6132,9
-1916026.429,-14847.14,9
-1907980.988,-21974.8869,9
-1899555.226,-30756.6256,9
-1904231.243,-52862.8812,9
-1913902.519,-53739.2292,9
-1924325.122,-51289.6338,9
-1930325.172,-53290.7437,9
-1932421.564,-59972.3311,9
-2011531.918,-139720.534,10
-2007452.533,-135359.103,10
-2000600.399,-129812.4955,10
-1993100.385,-126003.3137,10
-1984259.198,-123634.5541,10
-1977550.612,-121365.5876,10
-1968439.772,-119071.0963,10
-1959740.468,-113307.9494,10
-1940332.726,-93656.7211,10
-1955418.166,-106027.2659,10
-1949854.717,-99744.3223,10
-1922947.843,-75951.3241,10
-1920157.872,-69423.9089,10
-1912538.614,-65347.9671,10
-1900537.58,-60366.3249,10
-1890947.801,-55920.5259,10
-1885442.113,-50216.4393,10
-1885874.12,-42045.0741,10
-1888093.938,-33642.6988,10
-1892595.518,-24211.783,10
-1899863.097,-16497.3776,10
-1911071.056,-9489.0918,10
-1920819.992,-6144.5949,10
-1930381.961,-2205.7062,10
-1940403.754,272.0014,10
-1947277.855,5644.0608,10
-1940893.901,11715.047,10
-1944871.169,9731.06,10
-1944627.662,2235.5052,10
-1936146.617,13782.5707,10
-1931061.048,15746.2119,10
-1923942.623,17078.7955,10
-1916116.552,19485.655,10
-1902530.604,20111.0849,10
-1892641.754,19632.6337,10
-1882133.4,16389.4376,10
-1872336.026,15630.8808,10
-1862786.023,15277.347,10
-1852713.971,15415.0715,10
-1843504.035,15178.1246,10
-1834881.265,15448.2485,10
-1826324.103,16710.2646,10
-1817272.652,17182.2399,10
-1809617.884,20339.1272,10
-1803685.648,22731.9838,10
-1802721.608,28243.0833,10
-1806005.266,34398.3392,10
-1811345.422,39890.779,10
-1817826.359,47671.2966,10
-1816213.702,55251.6844,10
-1811363.535,58941.9128,10
-1804364.596,63595.5874,10
-1795584.423,68035.0769,10
-1790992.892,75688.3659,10
-1793472.261,86784.7826,10
-1798122.198,95637.4269,10
-1806849.053,104445.5833,10
-1815598.975,111976.0211,10
-1825724.149,118641.9161,10
-1839984.463,126267.4294,10
-1852094.474,131301.0273,10
-1911781.28,150728.8243,10
-1918942.438,146352.4481,10
-1923450.767,134914.1521,10
-1925056.169,121403.228,10
-1922563.983,108171.7302,10
-1922480.996,99979.7577,10
-1929312.965,96678.0848,10
-1939148.517,99377.2602,10
-1949499.561,101857.3469,10
-1958926.885,104442.6616,10
-1973548.546,107512.9602,10
-1987403.899,108798.6055,10
-2001079.602,109262.0031,10
-2040133.378,108537.6577,10
-2050073.749,101228.1763,10
-2059287.805,97584.032,10
-2068844.608,92889.411,10
-2075925.068,88955.5961,10
-1655350.612,247329.9915,10
-1660046.804,234426.4571,10
-1667977.688,220548.2503,10
-1676150.028,203505.3595,10
-1680533.179,189236.7839,10
-1675864.013,178110.6133,10
-1657498.554,173290.4665,10
-1637367.96,171860.465,10
-1617732.133,171249.6581,10
-1599675.6,167887.7599,10
-1582204.445,160188.4198,10
-1564861.207,154491.9161,10
-1544511.689,156353.5888,10
-1524169.38,158241.14,10
-1506686.506,150632.9752,10
-1492567.682,144010.3579,10
-1477911.552,139188.1263,10
-1458752,142138.4404,10
-1441622.753,145681.8675,10
-1422303.017,149269.8696,10
-1397310.518,147421.2409,10
-1379965.944,141938.6607,10
-1363842.286,132309.6642,10
-1343722.842,133830.2451,10
-1327736.69,146163.006,10
-1324923.036,158268.1377,10
-1332049.323,171189.0601,10
-1334428.224,185390.4499,10
-1323327.031,198450.565,10
-1307032.081,209440.0878,10
-1291862.714,214651.7341,10
-1275073.227,217009.0428,10
-1258679.499,210585.6951,10
-1249616.421,196896.7918,10
-1242524.12,174877.62,10
-1231030.425,171511.1713,10
-1214565.166,176334.5152,10
-1202945.526,182471.9868,10
-1183036.001,181249.2848,10
-1178012.659,188651.204,10
-1186275.713,200130.339,10
-1191829.453,212955.901,10
-1196957.38,227226.8852,10
-1202664.854,235476.4193,10
-1212317.043,238092.0071,10
-1223973.162,227836.8277,10
-1237962.447,227513.6776,10
-1252128.536,236545.9723,10
-1265120.614,253549.1876,10
-1266582.654,266368.102,10
-1266341.411,275101.4047,10
-1275052.435,276988.6833,10
-1288947.222,273065.2633,10
-1311563.788,271058.1819,10
-1338397.118,266629.176,10
-1356352.936,262851.3975,10
-1370198.064,255340.3912,10
-1388059.749,250008.8365,10
-1406862.146,245477.9522,10
-1428401.073,247447.3958,10
-1449765.112,251989.2476,10
-1468370.478,259922.0575,10
-1485071.374,268371.6429,10
-1501060.744,271439.6395,10
-1513191.651,271842.0422,10
-1525342.317,277980.3545,10
-1539532.07,283166.6043,10
-1615184.718,62317.9439,10
-1618019.576,72424.571,10
-1625022.548,76531.7535,10
-1636587.522,67533.5941,10
-1640829.423,57430.8981,10
-1650998.057,51130.6067,10
-1665802.912,52900.919,10
-1679524.677,54366.3136,10
-1688733.179,57087.7317,10
-1698626.672,59502.797,10
-1703281.17,65529.4789,10
-1696527.342,70234.9053,10
-1684977.813,69392.859,10
-1669495.084,67915.1995,10
-1649435.623,71816.0125,10
-1637796.461,84915.2833,10
-1630918.867,97872.9211,10
-1625660.266,103563.3617,10
-1618018.074,97711.3719,10
-1610360.533,84120.331,10
-1600299.488,66754.3657,10
-1590755.854,59350.8906,10
-1573426.846,64133.7815,10
-1557673.832,73508.5384,10
-1539908.539,81805.8138,10
-1523316.336,84272.0464,10
-1500240.811,84910.0154,10
-1479993.989,87924.4849,10
-1463563.324,89977.8903,10
-1451551.233,85052.4283,10
-1454665.381,72550.2047,10
-1467258.484,61689.9435,10
-1478092.626,50858.9045,10
-1499951.552,38525.0273,10
-1520863.304,27491.2701,10
-1533639.068,28038.5114,10
-1550588.544,32358.6946,10
-1567612.503,30549.581,10
-1584873.371,31912.202,10
-1600254.516,41500.1792,10
-1610462.781,50639.3428,10
-1174142.588,135598.0982,10
-1165506.808,139465.3071,10
-1156221.329,137521.1384,10
-1161495.346,131222.4829,10
-1172155.524,126351.449,10
-1180916.185,126109.9021,10
-1188046.142,129543.0864,10
-1181294.334,132879.1645,10
-1130195.84,46179.4897,10
-1134121.054,56893.9257,10
-1143300.374,63368.3386,10
-1143165.651,69974.106,10
-1129943.825,65508.5528,10
-1119282.845,60188.9586,10
-1105799.242,62823.8324,10
-1090579.009,71652.945,10
-1095976.352,77129.2072,10
-1109185.662,79526.3183,10
-1122935.464,80031.6039,10
-1136419.859,77411.8887,10
-1155437.475,79828.4226,10
-1167574.639,84038.0675,10
-1177544.468,91782.4538,10
-1181299.626,100967.8532,10
-1170627.749,107880.2717,10
-1155664.791,107521.0697,10
-1138683.018,108180.8979,10
-1129648.36,113493.0251,10
-1125993.388,124313.34,10
-1124342.325,140276.9357,10
-1120130.252,155066.56,10
-1120339.074,172569.4805,10
-1126058.218,186919.5937,10
-1120338.7,202884.3698,10
-1118105.11,218754.0664,10
-1126880.271,232410.7817,10
-1139146.418,243926.0606,10
-1149104.612,257423.1233,10
-1151537.98,270981.2163,10
-1147801.166,283921.8431,10
-1134715.075,293320.0742,10
-1120401.215,291029.8154,10
-1111777.906,280978.8262,10
-1103559.331,269501.1342,10
-1090886.126,261495.5191,10
-1076733.351,274757.8329,10
-1068342.536,288007.3915,10
-1056626.236,298836.1095,10
-1046241.875,311055.7541,10
-1032994.784,313235.3876,10
-1018492.781,303746.2623,10
-1001576.357,294678.5836,10
-988579.7563,302105.0881,10
-979311.0683,312569.8273,10
-969648.4787,322421.3162,10
-961983.4529,333313.1471,10
-960200.371,341615.7801,10
-955915.6405,355203.184,10
-950498.7539,368243.7918,10
-943211.8501,381835.1868,10
-936649.9696,387354.0508,10
-928879.5753,394626.1285,10
-927467.3328,401105.5517,10
-934730.0802,407658.747,10
-943307.5749,415599.2395,10
-949345.6356,424434.4541,10
-946714.2638,435653.7961,10
-954745.5695,443474.3075,10
-963992.7592,449033.0109,10
-959268.0015,465030.1785,10
-949962.437,477613.7119,10
-936906.4349,493362.9447,10
-928815.2572,515637.0647,10
-918456.4907,527962.9253,10
-904041.0309,536616.8879,10
-893890.391,546277.3908,10
-895009.765,562185.5087,10
-900920.723,575216.0161,10
-888318.7779,585013.4956,10
-867109.4937,586798.1807,10
-848012.3933,592152.4487,10
-837473.1346,602773.0466,10
-842316.6012,615517.8229,10
-855289.0067,624570.1131,10
-876500.8104,627620.9739,10
-883490.0645,636801.6802,10
-877171.4619,654306.0486,10
-873604.887,670599.5598,10
-876490.5499,685109.1132,10
-874437.6707,702486.3901,10
-858373.6076,709149.083,10
-841842.7693,709148.8345,10
-827302.0465,704722.4871,10
-809756.3728,698983.4955,10
-790066.9194,689429.1609,10
-778715.174,676370.2444,10
-780700.1431,659551.7616,10
-790620.4348,644576.8856,10
-788382.5557,629660.2037,10
-782787.239,613614.9837,10
-788445.1462,598193.3748,10
-799500.8871,589131.381,10
-806786.4788,575446.3047,10
-799424.2684,557550.0913,10
-782336.9219,549989.2017,10
-760557.5764,535539.4459,10
-757227.2497,519277.888,10
-747455.695,496731.278,10
-741487.1471,479711.4578,10
-731436.7954,463096.7042,10
-727413.0276,447130.1245,10
-738801.1989,442795.8844,10
-756515.3331,444709.6524,10
-772607.0843,453965.5336,10
-781121.3396,468018.6472,10
-793417.7507,478669.9802,10
-815124.5728,478061.4399,10
-831264.5581,467104.1654,10
-842282.6214,464267.6116,10
-854858.0688,465980.0029,10
-872133.2114,461159.603,10
-882980.9632,448976.7321,10
-868289.8982,444635.3081,10
-853312.314,443335.5563,10
-844912.2252,430828.7167,10
-844633.8337,411654.177,10
-836728.5394,401370.2494,10
-832169.459,383195.6474,10
-838618.0772,364759.3641,10
-853374.4119,354242.1006,10
-869930.392,335831.2529,10
-881974.2257,315252.7635,10
-891462.9926,303798.8082,10
-913340.888,297061.8331,10
-929890.8018,293085.2859,10
-943000.2346,271914.1516,10
-945557.1305,249079.152,10
-956004.4351,236363.8828,10
-966472.3916,233790.9661,10
-983880.9142,224927.5809,10
-997717.8395,217077.9981,10
-1015161.232,202088.9737,10
-1031930.09,195656.9056,10
-1046830.233,189776.5893,10
-1050742.437,180022.7865,10
-1056219.466,154540.2216,10
-1038289.719,127660.1753,10
-1020319.551,106973.2951,10
-1013608.949,86140.6529,10
-1003665.48,70634.1227,10
-1239856.919,364003.2619,10
-1249264.552,356544.2278,10
-1243127.029,346726.0525,10
-1240357.727,335252.3849,10
-1240728.586,326598.463,10
-1225980.603,326424.0061,10
-1214032.831,330270.4191,10
-1199769.347,332192.3344,10
-1192787.696,341300.1133,10
-1189863.335,353792.9555,10
-1178140.946,354475.8245,10
-1163039.329,344521.9004,10
-1149508.551,342788.2038,10
-1142847.558,354586.1226,10
-1140517.387,367565.8186,10
-1129143.546,381986.8452,10
-1122546.769,388629.4283,10
-1028224.494,385311.1741,10
-1008266.447,381047.8269,10
-984151.3278,391876.8925,10
-978444.576,400850.1223,10
-991087.861,401603.8805,10
-1008975.033,411012.5821,10
-837950.9881,513448.1559,10
-827252.5672,525177.8923,10
-831251.0965,535043.0983,10
-844021.5964,528005.0718,10
-857644.782,516005.6702,10
-862196.0582,498005.428,10
-850668.7334,498621.8018,10
-773584.3402,514755.3141,10
-771556.5712,503882.8741,10
-779669.6634,497176.004,10
-790479.8786,500997.19,10
-797525.5242,512138.1351,10
-786731.829,522294.1875,10
-793838.2849,602922.9181,10
-794761.2798,613571.8826,10
-801180.7315,616822.474,10
-807819.1681,613364.66,10
-810166.925,605133.5045,10
-801665.1091,599255.4509,10
-820017.1514,939719.8155,10
-829463.1945,928589.8281,10
-837972.9022,912978.432,10
-846430.6401,899471.2628,10
-862167.5136,899596.8585,10
-876149.7997,901886.7608,10
-875745.0346,891736.6805,10
-864282.4395,882757.0231,10
-856087.3418,874163.3639,10
-865767.0369,855998.0344,10
-862186.4109,841705.0421,10
-860509.1482,830051.8627,10
-860255.2457,811559.7665,10
-836844.8099,773652.7949,10
-851423.5948,787591.9056,10
-819324.6799,766945.2604,10
-799932.7516,751108.1079,10
-734227.2236,791666.6539,10
-717586.1273,798750.7374,10
-701997.9241,806121.0591,10
-694911.352,828862.153,10
-695856.6732,849965.1308,10
-689656.945,878560.0319,10
-691158.6461,892299.8258,10
-710362.4683,888144.3819,10
-729290.1326,885238.57,10
-742929.6505,892882.7029,10
-763619.4744,895349.7503,10
-768627.9807,911209.6239,10
-758636.1793,934453.7561,10
-737124.7238,948620.6464,10
-722525.0207,958351.0393,10
-723782.4815,971363.3999,10
-714700.4249,985248.3167,10
-711216.3521,996973.1491,10
-715060.3629,1012830.091,10
-723885.5905,1024782.334,10
-717376.0288,1039396.253,10
-704488.9119,1052386.869,10
-699345.2355,1066393.804,10
-706505.3917,1080366.96,10
-719197.796,1092377.228,10
-616835.0984,1106491.5,10
-617364.2259,1091284.704,10
-624685.8314,1079534.382,10
-633645.6478,1069822.338,10
-617650.436,1059631.306,10
-594812.3915,1063443.331,10
-573358.8587,1066388.364,10
-555794.3872,1057865.222,10
-543879.3431,1044232.184,10
-536271.0996,1030593.542,10
-557856.6386,1034826.246,10
-593270.2269,1035110.376,10
-578836.8466,1041684.164,10
-607352.2885,1023761.516,10
-607771.0137,1006406.681,10
-597533.2921,1002519.992,10
-581909.7861,1009829.618,10
-566041.8218,1009571.39,10
-556576.6468,1006434.643,10
-543468.4974,998315.5317,10
-530478.6243,985184.267,10
-507082.7376,980729.8175,10
-460274.403,904134.2454,10
-473582.4413,900288.6573,10
-488070.198,896231.4745,10
-499527.2729,887203.853,10
-517198.8004,882285.8588,10
-533210.024,889622.9777,10
-541819.5103,908774.072,10
-550037.5115,916578.4622,10
-569418.9647,915552.6567,10
-587280.5338,907707.0748,10
-596791.3566,893975.4181,10
-612610.3306,877728.1781,10
-616307.6978,860891.5402,10
-600582.1422,857255.5171,10
-579212.8331,863657.2295,10
-564153.0353,875390.9897,10
-560957.6386,864085.7345,10
-563076.5914,852222.1792,10
-576550.3316,854192.4916,10
-597675.6608,851777.3942,10
-609079.7494,841179.4002,10
-644778.8857,847879.4575,10
-636819.5218,860045.8752,10
-635449.9656,874100.1409,10
-635736.2105,891622.0291,10
-624592.8747,906101.5846,10
-615582.0326,919973.5605,10
-622406.1646,932178.069,10
-632355.8313,949511.0576,10
-624934.811,965078.1532,10
-618748.8592,972492.6168,10
-626224.1029,980435.2209,10
-631105.9392,992032.2452,10
-631142.7217,1007335.067,10
-641492.1242,1010147.132,10
-660560.0241,1007949.327,10
-672586.1948,1022326.339,10
-679961.8182,1044970.605,10
-669205.2064,1078007.065,10
-665196.7948,1101275.619,10
-2108870.153,8368.2375,10
-2096859.643,2926.3424,10
-2078427.996,-3022.2682,10
-2063819.212,-4102.6848,10
-2045076.644,-9070.0547,10
-2023260.794,-11890.1277,10
-2010466.987,-9240.3161,10
-1993281.802,-5901.7556,10
-1981044.464,-8726.6327,10
-1975573.517,-19730.7401,10
-1978540.483,-29109.6416,10
-1976613.791,-40019.6844,10
-1983331.842,-51817.1825,10
-1995887.938,-61257.0011,10
-2011765.38,-66034.1191,10
-2025073.763,-66460.4121,10
-2050702.667,-66045.4389,10
-610546.5119,1106087.758,11
-611928.9654,1087943,11
-617413.7159,1076749.312,11
-618801.9881,1068139.402,11
-599631.0778,1070833.03,11
-589789.9447,1077397.589,11
-578358.0321,1099521.049,11
-557022.29,1099252.089,11
-551176.2714,1071916.567,11
-541352.1684,1052511.372,11
-535015.2155,1040263.215,11
-526149.9997,1029059.656,11
-511286.6923,1017449.008,11
-527086.9363,1015891.013,11
-542445.2073,1019286.809,11
-553212.3272,1025605.137,11
-582239.6314,1032320.34,11
-596104.9545,1018802.867,11
-580364.6134,1013496.058,11
-566929.0021,1034244.515,11
-565614.0264,1014195.974,11
-552364.2118,1010435.465,11
-541782.8726,1002729.717,11
-524697.1131,990801.9587,11
-503862.8755,990769.3216,11
-473642.2071,886462.1642,11
-486820.8218,883104.638,11
-502611.619,877427.9381,11
-518862.5554,876056.3061,11
-537627.2209,878619.8542,11
-549072.5264,871686.5061,11
-556113.8003,843472.6137,11
-565582.6274,848435.8375,11
-579378.8373,849967.294,11
-595181.5997,843010.0888,11
-594374.6527,818357.1977,11
-585721.5892,792729.9195,11
-600873.7008,786117.867,11
-620831.7262,788729.1497,11
-641281.5013,799980.7998,11
-647794.2525,813466.6162,11
-637381.2578,818563.5732,11
-621178.7577,818475.18,11
-616393.7146,823490.2448,11
-624950.2453,833201.8793,11
-645106.4361,840500.8468,11
-673535.381,837054.1199,11
-682930.8261,823833.9601,11
-688994.1423,806589.3947,11
-693380.8314,795189.5093,11
-711470.3893,786909.7221,11
-554733.8695,860673.4404,11
-727843.1455,762240.8257,11
-733364.1784,740501.0436,11
-748901.141,720123.2886,11
-766227.4433,731389.5031,11
-782031.1643,737173.6258,11
-799441.8849,741309.9817,11
-809939.3639,731296.5309,11
-817176.1966,715963.4546,11
-797801.8841,701895.1171,11
-777664.2512,687532.4596,11
-771345.9066,669685.8341,11
-776881.1635,647817.6496,11
-779380.7461,633108.9628,11
-772021.016,621286.8751,11
-773752.9385,603275.9804,11
-784987.1117,589578.9056,11
-795103.2392,572868.0051,11
-785989.3434,561144.8271,11
-770921.343,553468.639,11
-744662.4564,526875.3153,11
-740841.8619,508308.3596,11
-732532.5838,481004.5337,11
-716815.689,453815.8936,11
-722027.687,439162.9112,11
-734976.319,432773.4558,11
-759559.9878,437966.3443,11
-788006.8984,457216.7123,11
-823766.0672,460599.58,11
-841675.5452,457473.6714,11
-858230.5326,459181.7084,11
-869549.2873,453328.3373,11
-858312.4478,448856.3817,11
-846258.5085,447284.1702,11
-836407.7455,433888.5861,11
-832654.0881,418983.1423,11
-823553.6837,403110.8394,11
-819934.5158,381321.3741,11
-829433.0039,361606.8889,11
-847940.6471,350370.3189,11
-859698.5051,332793.4898,11
-862496.636,303446.3401,11
-849306.5289,276128.7439,11
-853171.211,268390.269,11
-863029.4109,276002.4425,11
-872885.6387,281573.9096,11
-886888.2121,276404.8696,11
-899952.4739,278702.3669,11
-912470.8757,287034.3848,11
-922968.4058,289338.6704,11
-932605.9481,278451.3809,11
-939085.9044,263035.749,11
-937717.5073,244466.627,11
-942743.7317,232673.7033,11
-965615.7175,227759.1234,11
-983595.8281,217375.3579,11
-997673.006,206126.5881,11
-1020641.272,193464.4598,11
-1038221.498,186220.1964,11
-1052327.035,171379.1828,11
-1049998.219,155407.225,11
-1039259.653,141121.1616,11
-1027918.319,127663.5829,11
-1016645.946,113928.8772,11
-1011298.839,91843.3266,11
-999631.7713,72969.7026,11
-727149.3863,938492.5319,11
-709511.5726,947133.9756,11
-704330.2093,967875.4836,11
-702861.3185,989778.1186,11
-706076.354,1016686.652,11
-698282.8121,1023271.342,11
-684007.863,1016845.068,11
-672821.478,1001241.662,11
-671507.5815,973973.3345,11
-660858.045,956920.6614,11
-637066.5558,939381.2547,11
-627698.0241,919517.8149,11
-639245.5051,899758.5806,11
-646474.3938,880429.4176,11
-666596.9821,862977.2719,11
-678869.6904,867046.7727,11
-670007.3793,889090.4955,11
-670549.6881,910522.8235,11
-689381.7024,909287.0681,11
-716925.3063,895420.9465,11
-731411.1484,893817.6172,11
-744863.2927,902339.976,11
-756148.3755,905280.2687,11
-757659.7516,919397.5215,11
-742198.1525,932050.5391,11
-880277.2255,854810.1243,11
-870026.3351,829062.0998,11
-868009.975,804033.2286,11
-859773.7407,782857.1601,11
-842544.672,766359.4094,11
-826330.7722,758038.5459,11
-839340.0218,748180.1528,11
-855498.8554,739178.3126,11
-862615.0638,717515.3886,11
-879911.7198,711975.2073,11
-883793.569,694166.7445,11
-878167.8815,676423.3836,11
-886335.9769,653520.6206,11
-890384.3212,631619.2568,11
-877998.7839,616560.4268,11
-858159.5006,618573.4943,11
-848886.4303,611416.9495,11
-851348.8446,600346.5304,11
-870943.5215,597213.1546,11
-892935.1681,593690.3735,11
-908675.6464,584340.7967,11
-915209.7375,571493.8451,11
-907305.3675,551550.1916,11
-917767.152,538852.1138,11
-933491.3128,521709.5147,11
-944447.943,493436.3902,11
-960410.0228,479499.9962,11
-971888.6441,463341.9702,11
-967766.0665,438903.3973,11
-951946.1179,413877.9635,11
-962141.5595,408151.0639,11
-985017.0889,410049.1637,11
-1008898.703,418462.3673,11
-953594.7412,400082.4513,11
-962770.3511,400942.5515,11
-959455.0095,391536.4906,11
-946292.585,389636.2092,11
-936659.6423,396419.668,11
-942827.2795,398809.6561,11
-997489.3208,331781.6845,11
-983194.8172,329198.2238,11
-985481.8126,315100.299,11
-997075.3768,301507.4218,11
-1008884.058,303823.2219,11
-1016622.06,315909.4505,11
-1009523.354,328749.4948,11
-1037504.462,370650.7881,11
-1015167.898,373646.2661,11
-994028.6056,378530.6772,11
-968838.4186,379653.7288,11
-963656.0767,364731.6199,11
-985935.5208,352754.8487,11
-1008345.038,352453.208,11
-1032416.2,346412.7231,11
-1052767.151,332428.7175,11
-1065955.152,313457.9068,11
-1079328.85,296873.9363,11
-1104558.049,293138.7058,11
-1128517.659,298392.2459,11
-1150120.684,298391.9532,11
-1165438.995,273840.7449,11
-1167627.081,254292.2954,11
-1143623.684,234188.4206,11
-1131014.128,225353.7808,11
-1141600.962,209831.0186,11
-1146706.78,198326.0326,11
-1133435.877,181631.4975,11
-1126258.689,170105.4557,11
-1128685.941,148935.9115,11
-1131690.979,125697.8138,11
-1139040.767,112581.2308,11
-1154202.142,111444.0809,11
-1164899.108,112022.1419,11
-1179565.927,110134.2492,11
-1187178.309,101261.9149,11
-1180966.765,90017.0388,11
-1170612.34,79292.5774,11
-1144980.941,58526.7139,11
-1116377.64,382629.3902,11
-1129289.386,375754.0584,11
-1136927.193,363303.5501,11
-1137236.665,348354.309,11
-1144313.915,337836.8763,11
-1156613.191,339100.7746,11
-1170998.79,345089.136,11
-1182739.956,348295.1165,11
-1186633.169,336913.2999,11
-1188896.443,327164.5259,11
-1204745.572,324242.7387,11
-1220294.232,324360.796,11
-1235059.014,323238.1781,11
-1248365.36,321204.5792,11
-1253400.675,325709.8876,11
-1247206.697,336970.8162,11
-1250684.927,346761.821,11
-1253341.134,357370.4745,11
-1245428.708,366607.8306,11
-1323146.302,275601.8496,11
-1300781.558,278699.93,11
-1284827.702,285671.2504,11
-1273194.265,301625.6331,11
-1261255.419,310764.8083,11
-1250358.148,302570.0052,11
-1250222.948,281294.4876,11
-1251513.786,263018.9395,11
-1231062.613,239851.8018,11
-1214201.119,246109.1729,11
-1199689.528,246303.2842,11
-1189733.01,232774.8022,11
-1173891.84,193485.3893,11
-1166581.593,178674.8748,11
-1174138.76,174520.2201,11
-1192024.612,176730.4773,11
-1212145.931,167213.5661,11
-1233302.605,166225.5752,11
-1252592.922,163725.7764,11
-1266509.926,159783.1438,11
-1257719.506,180051.6029,11
-1252238.721,190927.9299,11
-1263290.76,204770.0001,11
-1279267.349,209660.2048,11
-1298598.421,203100.0848,11
-1309618.947,193232.0573,11
-1304345.571,181462.2649,11
-1291593.357,175384.8105,11
-1269083.27,174902.6997,11
-1281248.922,155044.2664,11
-1303188.132,145592.5652,11
-1320849.522,132931.2271,11
-1340437.71,117729.9727,11
-1344536.392,95719.0542,11
-1351629.448,69418.0168,11
-1364970.953,59734.7252,11
-1385991.776,57822.0129,11
-1407635.34,63810.2307,11
-1426017.802,55050.716,11
-1449809.615,49875.8766,11
-1466133.849,46230.6149,11
-1487423.18,35778.7563,11
-1506058.392,20493.88,11
-1526514.018,14988.674,11
-1542930.293,19142.3119,11
-1562764.954,21724.4561,11
-1581231.846,24968.0568,11
-1600557.413,35172.761,11
-1615218.555,47146.5178,11
-1625307.978,54720.1281,11
-1636842.248,47780.1387,11
-1648237.969,41323.1967,11
-1673201.313,46591.1956,11
-1692489.838,49191.9975,11
-1714669.058,50098.5449,11
-1735215.464,58291.177,11
-1752520.55,57798.0365,11
-1774660.945,47422.7778,11
-1792580.812,23936.9029,11
-1803277.779,14280.2716,11
-1823269.815,11062.6893,11
-1841451.475,9896.4917,11
-1863773.518,6926.8554,11
-1886259.708,9198.83,11
-1902777.694,9657.8749,11
-1912587.078,4957.1947,11
-1902562.762,-4851.6947,11
-1884320.588,-20782.717,11
-1877469.111,-33185.0432,11
-1875437.748,-47700.8727,11
-1882187.29,-63631.9327,11
-1898489.702,-77648.547,11
-1913126.898,-90100.3339,11
-1926136.24,-103035.232,11
-1938419.892,-113612.5703,11
-1950350.235,-126849.6013,11
-1965483.19,-134977.4014,11
-1982556.767,-143508.9067,11
-1851282.644,141739.0443,11
-1835004.051,135158.3524,11
-1818671.665,124953.4802,11
-1805222.107,113064.4279,11
-1792391.067,97244.6513,11
-1775356.101,79663.3264,11
-1757998.813,76492.7821,11
-1736751.153,84062.6555,11
-1714184.284,90232.4262,11
-1695001.919,83486.3119,11
-1674549.213,78975.42,11
-1657343.005,83192.8382,11
-1641480.776,96601.4884,11
-1638055.017,113680.524,11
-1623827.017,119840.8926,11
-1608588.693,106079.6943,11
-1599774.382,88539.4095,11
-1585833.926,76241.3185,11
-1561250.125,85639.3081,11
-1539416.944,93798.0276,11
-1513525.268,92060.263,11
-1492762.358,92850.2151,11
-1472897.484,98555.6356,11
-1448886.168,100539.4534,11
-1427875.565,88469.3799,11
-1401772.558,67834.8471,11
-1381833.337,70023.9711,11
-1367370.285,83500.7303,11
-1370421.855,106964.3975,11
-1388115.16,124226.4527,11
-1408008.591,135961.6707,11
-1433008.038,138337.7255,11
-1451450.626,135285.349,11
-1471917.762,133342.0764,11
-1491143.041,133649.5953,11
-1503072.739,132924.7994,11
-1526703.267,138150.0784,11
-1553821.149,145457.544,11
-1571764.289,150146.9201,11
-1586934.806,158190.9019,11
-1605158.497,161971.4945,11
-1620540.889,165456.2868,11
-1633122.935,166575.4783,11
-1646783.511,168024.2929,11
-1657895.279,168209.5413,11
-1672678.569,167940.2459,11
-1687082.862,172758.3714,11
-1691995.77,183569.9563,11
-1697878.457,193123.0708,11
-1708545.971,194772.1625,11
-1728168.079,196016.2047,11
-1743876.923,196616.8152,11
-1529888.322,293378.1046,11
-1500817.208,281007.4418,11
-1474313.886,274640.0311,11
-1449685.547,266909.9943,11
-1426435.373,257021.8874,11
-1405599.318,253693.8754,11
-1380544.384,262163.3495,11
-1351803.726,270924.5883,11
-1971986.484,-152345.0956,12
-1952331.504,-139862.8405,12
-1931094.553,-124633.5427,12
-1912334.266,-112454.5038,12
-1894403.581,-98070.1444,12
-1877665.84,-82652.7999,12
-1867150.769,-60816.853,12
-1866019.791,-38019.2748,12
-1871508.839,-22182.44,12
-1878083.03,-9861.2674,12
-1866452.634,-1189.0978,12
-1841989.493,995.4693,12
-1823510.469,3102.8361,12
-1801361.901,9920.5805,12
-1780384.46,27434.1322,12
-1760596.816,45985.2722,12
-1740806.369,47791.9612,12
-1718451.339,41123.0179,12
-1691395.663,40189.5208,12
-1674730.689,39138.7679,12
-1654399.636,33168.8445,12
-1626741.24,39254.1285,12
-1604091.197,28819.6603,12
-1585527.522,17035.3701,12
-1555298.877,12225.0367,12
-1525272.243,4327.227,12
-1500329.309,16523.9096,12
-1475736.015,30137.5233,12
-1451430.325,32955.8433,12
-1430195.06,35378.234,12
-1421290.5,45734.6226,12
-1407826.921,54191.5882,12
-1374618.727,52722.4481,12
-1351208.266,57843.3484,12
-1336741.954,69920.8038,12
-1330992.859,94661.9199,12
-1325942.67,114479.8451,12
-1305516.982,134607.2039,12
-1283822.424,146695.5866,12
-1264876.589,154407.0442,12
-1251535.236,157864.0411,12
-1235412.432,159935.3561,12
-1215382.904,163026.2993,12
-1201817.036,167869.0558,12
-1186859.875,170034.2707,12
-1172731.338,169347.381,12
-1160826.837,168491.9763,12
-1155043.459,175048.4869,12
-1163240.55,188797.7071,12
-1171950.119,199227.825,12
-1177925.812,210097.0579,12
-1183375.401,222768.5893,12
-1186557.075,240258.1637,12
-1183752.52,249951.7827,12
-1167885.193,244901.7019,12
-1150270.215,230897.4156,12
-1141167.342,221899.3968,12
-1145557.654,212643.1631,12
-1152156.214,204750.769,12
-1148723.723,188019.3426,12
-1137182.603,176864.3497,12
-1131080.549,164853.0932,12
-1134860.95,151609.071,12
-1135930.77,131123.8398,12
-1136365.497,117405.6099,12
-1143441.816,115422.2186,12
-1151116.905,117440.5684,12
-1148359.845,128628.7217,12
-1146406.573,140034.4132,12
-1150715.742,149252.3484,12
-1164342.229,150166.5754,12
-1176774.995,147693.1317,12
-1188309.567,143832.3259,12
-1197205.521,143124.3394,12
-1202705.224,134580.4568,12
-1198597.725,126171.0861,12
-1194286.195,116944.4068,12
-1195342.409,104152.6508,12
-1194654.749,97437.3235,12
-1185070.215,85299.3764,12
-1173445.733,75711.5946,12
-1157561.734,64259.7272,12
-1150374.466,58933.4022,12
-996172.9515,78457.813,12
-1003341.37,85044.5309,12
-1007415.099,97545.6973,12
-1011148.583,112524.0383,12
-1017296.815,122707.5111,12
-1026376.516,133972.4151,12
-1036957.192,143721.5458,12
-1044591.053,154965.66,12
-1047686.659,164408.172,12
-1045745.643,172551.9477,12
-1033910.982,178778.0437,12
-1022168.011,183431.9253,12
-1006910.55,189108.0657,12
-997614.6229,186398.4027,12
-994938.3395,175471.2587,12
-997952.85,159612.9086,12
-992908.6158,144266.1617,12
-978378.3661,131955.4829,12
-1053617.758,368431.1346,12
-1050440.419,351542.6795,12
-1059925.084,336484.8042,12
-1074385.857,318109.9733,12
-1086268.841,304743.9822,12
-1102521.844,301719.4838,12
-1122129.751,306066.8182,12
-1142195.389,308363.8528,12
-1159871.818,309001.8679,12
-1170971.248,298556.7478,12
-1174112.243,279758.1485,12
-1182597.949,262419.4518,12
-1198864.23,260109.9204,12
-1214065.632,257523.2846,12
-1227268.745,253885.6201,12
-1240761.622,261191.6837,12
-1238175.621,276001.9531,12
-1236423.353,287943.9935,12
-1242270.312,303537.0763,12
-1245231.289,313165.1818,12
-1232544.474,319001.9378,12
-1219241.92,321047.3558,12
-1207992.756,320035.4812,12
-1195306.345,316047.7998,12
-1178994.126,312638.2438,12
-1175063.941,328142.5753,12
-1174266.654,338808.4243,12
-1159852.789,334885.7045,12
-1146228.142,332226.2742,12
-1131748.776,334524.722,12
-1129339.504,346821.7768,12
-1130518.684,360615.3468,12
-1125998.495,369761.0162,12
-1109104.454,374523.8696,12
-1274653.614,182692.1462,12
-1287180.779,183541.255,12
-1296980.343,187776.5292,12
-1286762.22,198900.41,12
-1273564.921,198379.4544,12
-1261899.309,192614.2879,12
-1258890.693,361079.1395,12
-1253689.915,341449.4729,12
-1264787.224,325318.6948,12
-1275210.936,309531.7421,12
-1285607.948,295822.5959,12
-1295303.145,284519.1391,12
-1318845.543,283300.486,12
-1356140.397,280787.6275,12
-1367412.838,274105.456,12
-1380802.61,270102.5282,12
-1396769.92,265282.1948,12
-1419684.57,264526.1212,12
-1405863.204,122949.4635,12
-1389853.85,113853.2198,12
-1381087.394,95984.9984,12
-1389352.667,79765.921,12
-1406269.284,81888.5836,12
-1422145.471,93514.2312,12
-1438711.205,102787.0232,12
-1457335.188,109059.2011,12
-1475401.302,105404.9156,12
-1495804.871,99855.7787,12
-1518015.82,102063.8156,12
-1529959.162,111158.7845,12
-1521651.3,123227.8561,12
-1500877.639,126059.5635,12
-1473211.521,128505.9024,12
-1451430.389,126983.0058,12
-1426251.187,127112.6415,12
-1836758.325,172522.5729,12
-1806080.012,172426.651,12
-1790691.071,174464.0318,12
-1769876.291,165515.5388,12
-1739402.774,168729.1129,12
-1706486.682,166596.2267,12
-1685768.985,165060.7828,12
-1664368.522,163868.3999,12
-1652072.909,161773.5198,12
-1641498.454,161752.2006,12
-1626177.932,161892.5935,12
-1608932.373,158245.1011,12
-1595182.325,154216.6536,12
-1581025.577,150083.6215,12
-1565837.76,140623.8407,12
-1556214.669,125819.9983,12
-1553783.79,111948.898,12
-1563765.114,97798.2477,12
-1573979.283,88755.0475,12
-1582757.886,87426.8488,12
-1593265.803,99377.9994,12
-1598062.223,111231.3878,12
-1609301.781,120713.2365,12
-1623557.951,126053.083,12
-1641027.054,128087.5408,12
-1650138.018,119911.7631,12
-1651944.567,100929.0547,12
-1661537.99,88775.6471,12
-1676359.986,88505.9962,12
-1695538.658,95229.5804,12
-1714315.216,101344.8327,12
-1729679.346,101289.5474,12
-1747423.354,91619.9944,12
-1769271.836,87864.576,12
-1783387.307,95760.533,12
-1796271.519,109514.2064,12
-1809382.817,124398.1252,12
-1821105.69,134213.1854,12
-1844587.744,146114.7797,12
-872687.9841,277221.3485,12
-865495.6502,270274.7178,12
-874431.406,260743.3783,12
-883898.4241,263651.1199,12
-880556.303,273573.1555,12
-964172.2723,140204.6484,12
-954749.5268,153395.5667,12
-964144.1753,160884.2904,12
-969782.6938,169473.977,12
-966040.8032,184891.0876,12
-957272.76,195196.8371,12
-946700.9676,204280.0579,12
-933959.5137,206289.1579,12
-925395.886,200024.895,12
-920191.7732,220714.9618,12
-920588.516,237209.067,12
-927127.7288,244513.53,12
-932228.5716,250816.5475,12
-933043.4165,261930.3857,12
-929177.2814,274419.1141,12
-924379.4626,284876.4874,12
-914545.8432,282999.8409,12
-904230.8523,271381.3979,12
-893157.0549,257346.2025,12
-871647.3011,248706.0164,12
-853720.2057,241320.4618,12
-838534.7002,251844.037,12
-847057.3037,244767.4651,12
-835630.7424,263593.3329,12
-832305.5354,271721.1293,12
-839979.9623,282295.2223,12
-848960.5442,293533.1669,12
-855799.1096,312417.3174,12
-855084.7245,332790.1936,12
-839355.7496,346270.7386,12
-825784.9342,352079.4376,12
-820008.4742,372732.6636,12
-809862.7725,388684.4621,12
-811911.367,405692.1412,12
-818351.1823,417135.2299,12
-823711.2723,430378.4404,12
-821367.5094,444751.2027,12
-799134.5919,441108.8259,12
-785289.5011,429833.2323,12
-763347.9041,421164.9302,12
-744424.5213,419984.4275,12
-728534.5425,424215.02,12
-709999.782,431905.7694,12
-699601.7069,487502.1758,12
-709937.5668,503025.7316,12
-722620.9401,520209.0851,12
-734758.691,537286.7039,12
-750110.3626,546935.1041,12
-769121.5316,559630.0881,12
-781462.6745,568935.6272,12
-778166.5236,584045.6458,12
-768177.6999,598845.8566,12
-757363.3964,611097.3946,12
-760986.1691,622184.5443,12
-767710.0034,632271.8465,12
-768743.8635,643998.6519,12
-768287.3546,655991.6851,12
-766970.5729,674934.9867,12
-770457.9843,688379.5991,12
-759103.3805,698033.4081,12
-747045.341,706721.4495,12
-737498.5874,712552.0141,12
-734257.7351,724881.2399,12
-727378.657,745006.4692,12
-721744.1878,760767.3073,12
-708675.1652,774038.4148,12
-693472.7705,782039.6951,12
-677545.1977,778871.6439,12
-658018.0599,778034.0052,12
-659762.235,785679.3728,12
-648495.7881,784410.3982,12
-645723.9781,792172.7838,12
-650548.0347,803247.6756,12
-660948.0214,812929.8532,12
-673270.3579,811484.9286,12
-678366.2364,794648.4336,12
-670188.1854,786470.323,12
-640784.3299,777551.8698,12
-623385.4624,777690.0962,12
-607174.1973,777627.2521,12
-592654.8524,778535.8134,12
-577201.8587,781293.6003,12
-572067.4017,786606.2038,12
-575759.2879,797736.7653,12
-583790.6633,806355.492,12
-590358.9792,820608.6762,12
-592801.164,833140.0946,12
-585086.9938,846015.42,12
-571677.6214,846544.961,12
-561079.9248,838671.847,12
-553852.8263,829732.17,12
-543399.35,829224.8407,12
-550835.1794,849706.5284,12
-549983.816,863989.0787,12
-537337.0156,872699.0999,12
-523451.7818,874028.8844,12
-510555.802,872879.1122,12
-498476.9865,873776.5222,12
-485627.7602,876435.4283,12
-471963.2672,877581.0357,12
-506578.5963,993697.3076,12
-517205.5575,993704.0399,12
-524789.29,996581.0957,12
-535908.6212,1001919.207,12
-540910.5231,1011610.936,12
-531399.4854,1010114.336,12
-521185.1125,1007447.365,12
-503121.2454,1007947.686,12
-499783.4102,1018621.522,12
-512918.6713,1026801.442,12
-519966.7183,1032242.936,12
-525864.5828,1037577.849,12
-531612.9054,1047289.187,12
-535812.163,1059951.943,12
-538711.0344,1066997.913,12
-541665.7125,1074326.435,12
-547168.3745,1096609.427,12
-604382.3627,1107214.442,12
-607706.5886,1090529.17,12
-607717.4362,1076119.732,12
-595151.0017,1082467.807,12
-586549.4325,1101534.955,12
-681966.6527,919577.825,12
-668622.4774,927027.1294,12
-663559.359,933423.3374,12
-670242.244,946350.9328,12
-685399.9768,952698.0059,12
-690329.6579,947514.2156,12
-698821.5075,934143.0984,12
-718408.0102,926487.1057,12
-736572.3694,920164.2169,12
-743519.0044,910001.319,12
-734403.3561,902256.2336,12
-721428.166,901303.9049,12
-708867.0292,907903.3307,12
-694611.89,914573.8972,12
-888148.871,815168.0948,12
-878868.7345,800515.3338,12
-871251.2962,779634.4354,12
-862714.5855,769165.5999,12
-862111.3841,758107.041,12
-875794.0088,748441.0329,12
-878525.8718,733180.2024,12
-890864.3069,721845.4059,12
-897541.8733,703212.7773,12
-888254.3832,680536.3203,12
-887182.2061,666120.6451,12
-902785.7307,675826.4441,12
-914603.7825,693695.3033,12
-1955719.813,-161035.8747,13
-1947984.199,-151648.6974,13
-1930558.129,-141908.2406,13
-1915118.252,-131279.9865,13
-1902663.046,-120104.1429,13
-1888167.692,-109537.2177,13
-1874498.633,-98701.8296,13
-1862990.401,-87579.066,13
-1855436.864,-73316.968,13
-1851121.105,-56517.2807,13
-1855833.857,-40041.0084,13
-1861188.688,-25668.5307,13
-1862785.707,-13591.9419,13
-1845861.03,-7943.3199,13
-1827971.81,-4887.7009,13
-1812939.316,-946.5937,13
-1799133.69,3379.3994,13
-1786714.034,10453.8884,13
-1768319.791,25409.2463,13
-1747837.037,27002.4735,13
-1721312.012,23733.1765,13
-1694635.454,29739.2507,13
-1674413.893,29186.7582,13
-1648139.819,23802.0349,13
-1617003.007,30175.3714,13
-1587672.922,8588.4381,13
-1553087.103,6002.8906,13
-1528702.071,-5545.9269,13
-1496913.921,10872.5703,13
-1470818.308,21630.189,13
-1451837.85,24788.8301,13
-1418335.877,23555.1056,13
-1412464.361,33083.3814,13
-1406779.011,44976.9232,13
-1371063.479,47058.9049,13
-1345311.528,52699.5888,13
-1330124.898,61248.9182,13
-1322480.278,83023.2031,13
-1314723.439,105173.4151,13
-1302440.168,121867.2447,13
-1289075.53,134808.7452,13
-1268850.954,145897.5488,13
-1242401.029,153008.0375,13
-1219042.32,154041.7184,13
-1205567.129,160063.5605,13
-1182814.525,165156.4828,13
-1175894.3,155990.2446,13
-1184000.79,150445.0933,13
-1194920.115,148735.464,13
-1207782.864,143313.8352,13
-1206845.493,128429.5217,13
-1204588.511,112051.9886,13
-1201415.672,92757.7278,13
-1189798.366,83151.8258,13
-1173721.167,70855.967,13
-1149732.112,55759.6618,13
-1147670.499,169682.6547,13
-1142608.575,173735.4579,13
-1136788.228,166803.2143,13
-1142258.089,161317.6709,13
-1158282.312,232327.1513,13
-1148871.656,224399.475,13
-1152759.974,215394.6513,13
-1156244.843,206285.5088,13
-1161142.324,196784.8123,13
-1170373.036,203883.3565,13
-1176725.878,217947.5511,13
-1179757.334,229973.4985,13
-1182080.604,241430.9386,13
-1174015.133,242353.4642,13
-1084456.688,365611.3049,13
-1101966.988,358663.6308,13
-1119347.672,364130.6662,13
-1125556.498,356091.2135,13
-1115522.368,347553.1278,13
-1099042.728,350884.9219,13
-1085358.827,346048.5519,13
-1091019.83,330879.1736,13
-1108734.027,324764.7047,13
-1129007.055,324785.0147,13
-1141732.849,327055.7343,13
-1155765.587,329302.2902,13
-1168233.98,328026.558,13
-1164872.161,314297.1535,13
-1144162.721,315678.8037,13
-1129220.283,313589.9938,13
-1114294.466,309967.8141,13
-1097532.99,309744.9392,13
-1085749.166,314737.6297,13
-1076807.831,327858.0616,13
-1064861.714,340960.2717,13
-1059106.808,356497.0147,13
-1062434.882,364373.1157,13
-994899.6629,83733.0131,13
-1001395.445,96077.2246,13
-1003954.504,110114.4111,13
-1009316.351,120282.9925,13
-1016985.128,128368.7061,13
-1023239.659,138402.3151,13
-1024049.5,150884.4292,13
-1012572.165,148707.8536,13
-1000484.286,139484.3882,13
-988595.1702,132627.1912,13
-981030.3939,125730.9399,13
-921041.2869,281598.0519,13
-924458.6655,275539.018,13
-928194.0782,260707.1702,13
-926508.6407,249886.4985,13
-913292.8139,244982.198,13
-910092.9131,230335.1013,13
-911885.8439,206986.2059,13
-905745.8263,190482.5963,13
-882286.6886,191493.8912,13
-866482.0802,202099.3919,13
-859409.3494,218343.1576,13
-863639.2591,235511.7441,13
-876053.4585,244777.0927,13
-895266.7326,252708.348,13
-902661.5796,264585.6788,13
-912843.3406,278730.1823,13
-935149.3606,200594.8561,13
-932731.593,189239.4138,13
-940443.5463,175469.1897,13
-951077.1517,166660.8416,13
-960718.3135,162971.3372,13
-964247.6204,173453.3104,13
-960036.4942,185426.3899,13
-947792.0061,196896.4989,13
-852695.0287,158885.7531,13
-861147.116,165564.0923,13
-869287.3178,170261.6898,13
-883411.0117,165744.605,13
-888970.1162,150303.1177,13
-889318.0214,138160.5161,13
-896089.0007,126091.9482,13
-907481.2455,134656.7138,13
-905234.335,150535.3698,13
-905285.0444,165852.9025,13
-913040.6694,176606.5474,13
-928093.024,175032.7166,13
-939224.9335,167495.9791,13
-946832.8836,154093.8812,13
-820197.3463,276451.0968,13
-836371.5868,288965.7705,13
-847237.7678,305173.8905,13
-845896.2546,328330.0474,13
-838194.2475,337552.9063,13
-816056.2626,341965.3728,13
-808056.294,355359.5698,13
-809992.0424,374364.8296,13
-799184.2685,391693.9126,13
-802197.8219,408299.9167,13
-804419.4697,421626.1728,13
-788812.2381,422671.1293,13
-769773.372,414741.6203,13
-750326.3772,409824.808,13
-732357.5473,410316.9557,13
-708324.4013,420486.7525,13
-694081.7636,509646.3159,13
-705838.7341,526585.0296,13
-717475.6524,543913.1567,13
-736292.0169,552242.0198,13
-756510.3144,558627.5361,13
-773286.8886,572708.8109,13
-766860.3049,590899.1443,13
-753298.926,610358.1264,13
-744453.1797,623647.7003,13
-749909.6328,629753.4455,13
-760855.3231,638864.2551,13
-763054.4901,651940.5889,13
-760439.6053,670014.4219,13
-766321.2727,686433.1151,13
-733260.0955,709014.8998,13
-725731.9838,725039.4187,13
-724154.7205,737942.7856,13
-715889.1495,756530.795,13
-699241.0037,770553.214,13
-677901.6046,771578.2643,13
-652479.8972,770762.2046,13
-629626.447,769859.9014,13
-598970.7348,766945.5636,13
-574173.1931,767150.0306,13
-552659.8144,772128.6144,13
-562756.3514,792720.2049,13
-578336.7083,811648.162,13
-586932.6993,831529.6493,13
-579117.6224,842808.5431,13
-563504.7192,834404.6338,13
-543754.5683,821420.4552,13
-532125.8555,821136.0616,13
-542978.3567,840400.9855,13
-547609.1458,856501.2366,13
-535475.1824,869789.0781,13
-518781.8523,869733.5325,13
-484538.5144,869818.4423,13
-494996.2982,1026212.128,13
-511805.1071,1031498.073,13
-523902.6548,1047382.916,13
-531199.8508,1068326.061,13
-537733.1687,1091863.573,13
-748283.7767,699280.0343,13
-1841172.241,151997.5905,13
-1818723.965,142489.5287,13
-1804995.542,131539.4989,13
-1792234.805,119351.1599,13
-1778076.401,102100.9973,13
-1760690.683,100980.2484,13
-1742927.567,104939.9851,13
-1727624.146,108621.6509,13
-1706569.426,108012.1872,13
-1690646.113,102234.0579,13
-1659443.379,121426.2807,13
-1643329.435,133740.6078,13
-1619213.775,131819.3045,13
-1599273.591,123916.0365,13
-1582951.882,109864.6204,13
-1569601.57,113223.3091,13
-1572256.762,133627.0955,13
-1586829.448,145625.483,13
-1604197.039,152255.2456,13
-1624333.31,155580.4456,13
-1639221.957,156863.5203,13
-1653572.307,158001.2908,13
-1675369.016,159813.5539,13
-1689080.545,159238.3827,13
-1704119.632,160109.8026,13
-1717542.497,160509.6407,13
-1733855.613,159199.0169,13
-1751544.168,157283.6371,13
-1779038.769,159929.6183,13
-1800457.441,161282.7949,13
-1817713.837,160866.435,13
-1833746.538,160610.9439,13
-1502432.3,106311.903,13
-1510934.396,109253.354,13
-1506074.915,117667.6129,13
-1488259.453,122392.3881,13
-1466957.648,125114.4313,13
-1447101.629,121050.4839,13
-1428724.009,117943.5461,13
-1409947.641,114232.6161,13
-1399790.967,101105.4128,13
-1412155.773,96830.6474,13
-1426980.147,104061.8644,13
-1439638.469,110703.664,13
-1454077.332,115285.1285,13
-1467909.569,114038.6144,13
-1482594.838,109951.3678,13
-1210477.867,263582.2728,13
-1202957.999,263604.9851,13
-1190578.906,266446.762,13
-1182328.26,272996.1647,13
-1178854.717,284977.996,13
-1182608.268,297892.8511,13
-1190536.52,308331.6272,13
-1204550.494,313711.2445,13
-1215775.653,316785.6063,13
-1227869.004,314923.0761,13
-1234785.606,309050.41,13
-1230750.274,299133.2239,13
-1227383.968,288889.0096,13
-1229156.497,274883.9159,13
-1230202.603,265342.6779,13
-1220441.929,261127.3163,13
-523869.2053,831118.7752,14
-534413.2615,838167.3534,14
-541949.6537,849925.6748,14
-538818.3154,862431.5111,14
-527722.3815,866191.8231,14
-515667.5024,863043.2628,14
-507725.635,852751.1778,14
-507077.2809,837322.0666,14
-536693.2019,809415.5914,14
-550080.9507,816805.8789,14
-561805.0117,824168.146,14
-569995.1098,832184.9907,14
-576051.3155,838867.0985,14
-581578.998,829733.3318,14
-573331.6773,818955.3974,14
-562680.7095,804825.6581,14
-551092.481,793993.3776,14
-581184.0161,763106.9966,14
-602943.367,763287.7067,14
-620886.5671,763662.6924,14
-645613.6084,763869.7827,14
-667593.0412,764943.1923,14
-687859.1904,763231.3546,14
-705330.0653,746290.2505,14
-714610.8415,718191.0504,14
-729484.2395,704496.9243,14
-743882.404,696944.0429,14
-760484.123,687629.8433,14
-756835.5362,673757.3056,14
-744613.2845,635002.355,14
-757732.1617,651323.4591,14
-732731.8731,638142.5579,14
-712456.5352,642611.9782,14
-721872.1832,630243.7937,14
-739388.1545,617648.7533,14
-750833.7505,601141.6894,14
-764080.8155,582774.3565,14
-750819.5601,574270.4508,14
-718305.442,574038.3267,14
-696294.2123,560617.1401,14
-682485.711,545063.8944,14
-710628.8138,410652.9009,14
-725128.3588,404260.427,14
-740623.1384,400437.5118,14
-758882.4423,405036.7912,14
-779722.5919,411084.4428,14
-791264.3751,407835.1489,14
-794823.1187,387498.3619,14
-796768.8476,369856.3481,14
-795221.0469,350961.9972,14
-791364.8321,332662.7285,14
-789283.0127,318675.0014,14
-798453.6014,313281.007,14
-812599.1325,323761.2762,14
-827646.5232,327944.1053,14
-839232.9379,318550.1213,14
-837959.467,301674.8462,14
-827087.7618,288553.5103,14
-817504.6467,281538.8087,14
-911963.2479,268109.7716,14
-917382.2408,259485.6431,14
-921774.8244,266765.4461,14
-920252.3774,276773.3471,14
-915451.6909,275545.6183,14
-881655.9036,240045.0878,14
-872745.2157,235113.2495,14
-866428.4005,225469.1731,14
-869609.8558,212462.0222,14
-878307.5831,204291.318,14
-891423.9636,198765.4604,14
-902863.6491,207011.52,14
-904879.6939,219799.6891,14
-900376.8473,234404.7257,14
-891265.6211,240935.3119,14
-865416.2066,136059.6278,14
-871863.7109,140708.0369,14
-883870.6074,132989.2384,14
-891252.8227,123364.8495,14
-1155155.501,223631.7658,14
-1158839.417,215345.0875,14
-1160416.948,205340.2469,14
-1169664.056,209357.5304,14
-1174829.191,220014.841,14
-1176019.449,235413.6884,14
-1168264.46,235262.6804,14
-1150473.708,53144.8318,14
-1164953.745,60377.0815,14
-1182462.923,70727.5087,14
-1197638.533,78571.8739,14
-1209160.978,87003.4355,14
-1213981.452,99045.7001,14
-1212105.035,113158.2819,14
-1213982.869,123279.6434,14
-1217074.987,132192.1261,14
-1215703.187,142995.5759,14
-1228802.55,150369.382,14
-1247933.177,147431.6228,14
-1261946.765,139653.7219,14
-1274662.314,130376.3138,14
-1289600.425,112975.7108,14
-1299595.791,92580.729,14
-1312451.472,68365.4101,14
-1327428.096,52952.6689,14
-1342773.035,46367.6878,14
-1362710.421,44127.285,14
-1381587.26,39565.9064,14
-1396154.32,31783.4547,14
-1393546.811,14666.8259,14
-1405019.297,3483.2104,14
-1435167.182,-15329.7573,14
-1467013.575,-17750.5253,14
-1479691.112,-2938.2198,14
-1491213.669,1831.443,14
-1505085.274,-13237.7319,14
-1523663.152,-20301.9196,14
-1540608.981,-11916.0053,14
-1553277.841,923.2196,14
-1569446.334,4001.1348,14
-1588803.228,2363.0921,14
-1606666.306,11622.7114,14
-1623290.502,21066.7265,14
-1644625.168,14928.7403,14
-1667539.319,13396.779,14
-1686198.483,14247.2508,14
-1705954.618,-2054.3965,14
-1731551.187,9135.5022,14
-1754780.854,14520.4384,14
-1775921.289,7463.8811,14
-1795338.26,-1629.7748,14
-1815271.059,-8482.4355,14
-1834233.489,-14059.511,14
-1847202.988,-27104.0135,14
-1844655.39,-43829.4139,14
-1841549.082,-60708.6994,14
-1843912.952,-77969.0443,14
-1852192.16,-97014.1756,14
-1869202.624,-113390.2966,14
-1888810.37,-128435.4649,14
-1909707.461,-145614.8598,14
-1935652.671,-167345.8394,14
-1629015.575,151780.6141,14
-1641999.014,153539.8765,14
-1665705.913,154865.5688,14
-1687696.161,154159.3149,14
-1716062.161,153841.4612,14
-1744776.127,150567.2371,14
-1767128.433,146966.3404,14
-1779531.855,133624.0096,14
-1770931.371,117539.5605,14
-1754872.779,112163.5261,14
-1731335.245,119570.4134,14
-1712053.866,118965.5139,14
-1694373.06,113169.7824,14
-1674564.134,104699.2635,14
-1668913.929,123195.7428,14
-1661325.28,136473.4851,14
-1635618.247,139747.5895,14
-1613453.671,135303.0854,14
-1594200.229,127088.4399,14
-1582793.19,127901.5821,14
-1588951.239,140553.8469,14
-1607797.008,148133.8666,14
-1222115.869,302980.272,14
-1218609.607,293216.627,14
-1220473.594,282857.2913,14
-1222496.542,269960.1719,14
-1210038.876,267081.0363,14
-1198333.064,269584.1497,14
-1189426.222,274402.9655,14
-1185810.027,286864.5343,14
-1190396.559,296905.6557,14
-1197394.508,306577.0477,14
-1208062.622,311563.6787,14
-1220384.211,312867.402,14
-996278.9082,93252.9018,14
-996426.2471,108203.8236,14
-1004315.788,121690.0022,14
-1012088.318,132482.2723,14
-1016024.474,141538.6135,14
-1008572.687,140399.3411,14
-999398.8075,131544.8028,14
-985274.6392,118769.1654,14
-914699.3935,130852.3279,14
-912550.23,146372.3678,14
-918118.8521,160394.52,14
-929273.6913,163581.8922,14
-943210.4712,152158.7781,14
-949997.9043,191060.3454,14
-944176.9647,193419.3411,14
-945073.0798,184055.181,14
-951492.1559,176478.3615,14
-957517.5466,174939.4386,14
-956620.1808,182766.8594,14
-1918978.8,-173479.7899,15
-1911951.606,-164376.3436,15
-1895014.184,-154194.7067,15
-1879905.486,-145995.5342,15
-1866444.342,-137280.8593,15
-1855754.152,-129763.3352,15
-1842463.858,-113799.4213,15
-1834813.195,-98678.9045,15
-1830362.842,-78473.8584,15
-1831565.559,-61163.5935,15
-1836417.445,-42216.6327,15
-1839300.163,-28479.2246,15
-1821551.062,-15334.3537,15
-1805890.626,-10804.5929,15
-1785815.365,-3468.3898,15
-1765390.567,1213.8147,15
-1747761.299,2636.8675,15
-1731316.612,-9463.212,15
-1717828.696,-19630.8037,15
-1698310.954,-19734.2275,15
-1680763.251,-4842.969,15
-1661175.375,1245.5316,15
-1643684.012,4368.2407,15
-1634112.524,6724.728,15
-1617771.267,6096.378,15
-1609110.473,1536.0477,15
-1590245.414,-4412.6766,15
-1569633.823,-566.6958,15
-1557567.545,-5552.9259,15
-1548959.05,-16211.8921,15
-1540481.042,-27332.7358,15
-1705549.18,124785.1384,15
-1684922.393,117083.0206,15
-1678778.932,125606.179,15
-1673384.454,137462.9237,15
-1670624.417,146483.116,15
-1684152.71,148437.8824,15
-1703892.012,145526.168,15
-1727661.85,144886.8547,15
-1747760.776,144728.2183,15
-1758985.515,140866.4738,15
-1761919.402,131388.0637,15
-1750629.038,125900.7069,15
-1727144.824,131258.2777,15
-1151619.485,49104.2423,15
-1167284.021,57283.5012,15
-1182537.849,64866.7809,15
-1198741.663,67095.3362,15
-1212636.532,75381.5639,15
-1223401.979,88488.7296,15
-1226986.552,104311.7169,15
-1224196.523,124088.541,15
-1225873.795,138404.1544,15
-1242180.596,140223.5102,15
-1255212.062,127295.9341,15
-1263659.998,114167.8392,15
-1275472.864,103497.3729,15
-1285832.048,87823.7449,15
-1296976.897,77503.1593,15
-1305158.683,65361.7869,15
-1314148.158,54471.6999,15
-1321624.847,48813.5725,15
-1330855.194,45172.3668,15
-1344016.028,42094.0927,15
-1354601.341,39858.4507,15
-1364359.34,40477.6555,15
-1373879.454,35910.8298,15
-1381928.754,28382.0991,15
-1382530.49,18300.4528,15
-1388445.883,4049.3841,15
-1397052.147,-5361.0619,15
-1207371.105,302051.8816,15
-1211095.28,293232.8985,15
-1215818.434,278998.7944,15
-1213626.712,270643.243,15
-1203687.679,271039.4341,15
-1195175.487,276480.5572,15
-1190925.532,285150.7877,15
-1194186.01,293797.2415,15
-1200023.398,299528.1982,15
-785558.0235,329025.2872,15
-786995.6339,348377.0288,15
-788826.867,362195.2336,15
-789052.1707,377676.0665,15
-783275.6839,400399.1725,15
-770417.3505,401775.8756,15
-748849.7682,393764.5909,15
-733097.6152,391352.9322,15
-713230.0754,399741.0559,15
-705552.3888,402961.1199,15
-681856.8598,604969.4192,15
-704526.5148,600434.2355,15
-720636.6576,595255.5604,15
-736346.3145,591537.2254,15
-746605.2937,593160.4784,15
-735027.8356,604175.4935,15
-722815.8304,613471.5394,15
-707963.8028,624164.7691,15
-696790.5866,635815.8844,15
-697536.7098,651082.9261,15
-714642.766,660218.8382,15
-730196.7086,656995.0138,15
-737923.0671,659538.409,15
-741482.8485,668806.9545,15
-748072.9116,677315.3179,15
-749774.7374,687150.8114,15
-739564.9126,693327.5868,15
-723847.8997,699100.8436,15
-710094.6225,705917.1516,15
-701272.1334,717161.2326,15
-690484.7964,737286.2382,15
-677563.0972,751115.7899,15
-653123.8457,756182.8442,15
-637767.3427,758945.006,15
-621926.7729,759501.1315,15
-608974.1544,759774.9618,15
-594846.7681,760270.4952,15
-583220.0367,759858.2767,15
-518815.8613,857336.0714,15
-514382.3479,849394.0473,15
-516995.3672,840158.1887,15
-527266.7575,841264.7745,15
-535091.9416,849048.4348,15
-535859.801,858129.9266,15
-527080.381,861582.5765,15
-585221.7719,756731.1188,16
-598687.9656,756578.7143,16
-611391.489,755191.6663,16
-625802.134,753733.2748,16
-640248.7267,750204.3422,16
-655332.4921,748412.5561,16
-667183.0696,744213.6963,16
-679207.4797,737454.2814,16
-690233.3258,718436.7091,16
-702166.3743,700187.5913,16
-715696.9473,690182.2859,16
-727167.223,677556.0427,16
-710045.4383,670470.7206,16
-694993.1592,666025.6568,16
-681770.2234,651151.6253,16
-748088.8638,378155.3962,16
-762243.3191,388394.5692,16
-775613.3192,393312.1308,16
-785055.1543,383866.5785,16
-780064.2756,365125.5298,16
-779699.1973,346029.9829,16
-778515.4606,335981.9804,16
-869944.7869,120641.1556,16
-875320.1666,124002.4128,16
-881590.6064,119955.2275,16
-926536.5177,133684.2343,16
-929498.6356,137485.6903,16
-933379.702,135909.4132,16
-1154384.409,43444.9788,16
-1172079.716,52665.5419,16
-1185990.178,56829.786,16
-1201523.663,59391.9406,16
-1222719.057,68590.7362,16
-1232264.747,83936.6486,16
-1244517.866,93878.7813,16
-1257508.58,89162.0945,16
-1268894.751,81970.2887,16
-1283409.913,72040.7697,16
-1292370.767,65233.8424,16
-1302426.092,56677.7422,16
-1313430.074,48896.979,16
-1326466.442,42186.7622,16
-1337864.645,39137.5945,16
-1348990.675,37045.5971,16
-1356179.538,36446.1871,16
-1363231.163,36324.606,16
-1372751.431,31757.4943,16
-1375104.154,23691.9613,16
-1378677.96,15451.8114,16
-1379283.395,3331.1984,16
-1544131.343,-31679.0192,16
-1554765.288,-17894.2384,16
-1564720.435,-5821.291,16
-1578366.699,-8077.5247,16
-1594473.693,-10642.3264,16
-1609709.37,-8308.0476,16
-1626806.41,-2335.3687,16
-1648498.525,-3739.6902,16
-1664651.492,-8277.4294,16
-1676464.178,-14071.7961,16
-1684563.49,-27111.988,16
-1697245.276,-35716.4406,16
-1713479.768,-34532.8875,16
-1729620.4,-27192.4765,16
-1743511.478,-16383.8071,16
-1759199.138,-7589.0871,16
-1777089.627,-7892.6993,16
-1792740.721,-12453.8187,16
-1807020.281,-16384.1074,16
-1819422.031,-21899.5028,16
-1830382.366,-30415.0186,16
-1826808.542,-51554.1511,16
-919930.638,132158.9752,15
-919266.0273,142316.0661,15
-925328.6002,153018.3257,15
-936870.2215,148647.5426,15
-1822860.804,-46964.9368,17
-1824570.708,-39506.2449,17
-1821188.11,-28569.738,17
-1810116.483,-23040.7921,17
-1796304.713,-18715.2323,17
-1783123.08,-14960.2298,17
-1764973.967,-13839.0952,17
-1747606.254,-22493.7914,17
-1739308.787,-28816.3845,17
-1727250.317,-37400.0703,17
-1705558.112,-46493.5073,17
-1684166.781,-40450.1544,17
-1672065.922,-23964.9831,17
-1654413.906,-12550.6987,17
-1630957.502,-9737.5459,17
-1613929.931,-13508.7503,17
-1596174.354,-16313.2229,17
-1582639.527,-12499.2307,17
-1569036.849,-11388.195,17
-1559092.705,-18072.6441,17
-1549805.242,-29941.7261,17
-1372348.324,5529.2977,17
-1371983.805,17331.7162,17
-1367342.931,28738.8601,17
-1356228.112,33769.408,17
-1342187.513,35319.5986,17
-1325198.842,38001.1886,17
-1312682.744,41907.7993,17
-1299244.481,49030.1794,17
-1286618.116,57917.1528,17
-1270858.545,65585.8766,17
-1255827.801,70772.524,17
-1242635.731,74156.541,17
-1229689.625,64559.0985,17
-1218151.877,56122.0275,17
-1203157.083,50621.1547,17
-1188055.801,50091.3369,17
-1172756.057,45692.701,17
-585619.245,753839.4774,17
-595431.1975,753258.4866,17
-605451.9923,751953.3076,17
-615476.0076,750651.8633,17
-626410.2933,747635.768,17
-636957.5499,744521.4666,17
-649384.6952,740727.6925,17
-662519.3669,735949.1786,17
-673102.7115,731288.2586,17
-681012.9022,721235.0729,17
-686489.4416,709374.3735,17
-693327.0944,698655.237,17
-702230.96,688088.6664,17
-705371.1258,681486.856,17
-693173.7743,672446.8449,17
-676905.3128,665876.6817,17
-581834.345,750906.7746,18
-599402.4048,749600.8583,18
-619678.1323,744710.0724,18
-629935.1974,741126.8454,18
-647802.027,734448.9774,18
-660544.9869,729566.5177,18
-669827.3311,726519.3947,18
-677571.1369,714078.1663,18
-680937.8591,705186.6479,18
-687276.4746,694729.4546,18
-693325.5109,683809.0123,18
-683550.8594,678138.1986,18
-668194.6807,669857.8794,18
-610125.0601,747306.1856,18
-1202759.368,42851.0107,18
-1217555.802,49060.8926,18
-1230417.005,57460.6804,18
-1242055.536,65551.9925,18
-1254028.635,63376.4612,18
-1265519.214,55318.3267,18
-1280158.072,48496.9051,18
-1292558.586,44922.5117,18
-1303443.5,40562.5544,18
-1315454.081,35361.0977,18
-1331015.31,33050.3064,18
-1344647.465,31379.5344,18
-1354117.711,28967.0001,18
-1364324.166,22534.8336,18
-1366639.667,7041.0655,18
-1554530.603,-32443.5093,18
-1561795.983,-22687.3627,18
-1570414.143,-15997.3509,18
-1583309.965,-17695.3539,18
-1595801.564,-19499.5343,18
-1609927.121,-20823.5555,18
-1626978.896,-18593.6473,18
-1641450.62,-22485.3016,18
-1653461.197,-25540.5658,18
-1668345.401,-36604.4301,18
-1710048.369,-52486.4792,18
-1720533.7,-47472.5821,18
-1731377.079,-39260.916,18
-1743568.725,-32562.3598,18
-1752491.917,-26823.5338,18
-1762443.149,-21540.8495,18
-1772933.56,-18016.7902,18
-1786929.009,-21535.6842,18
-1796089.685,-23797.1539,18
-1808053.903,-27908.5872,18
-1816351.397,-33119.4626,18
-1816955.238,-43736.6474,18
-1810642.87,-40628.6482,19
-1806316.397,-33833.8963,19
-1795873.542,-28878.0773,19
-1782688.84,-25123.865,19
-1772007.67,-23695.6379,19
-1764368.86,-26365.6698,19
-1758277.254,-29726.3676,19
-1748620.857,-34529.6264,19
-1738984.796,-40859.3778,19
-1727410.376,-48137.3291,19
-1715227.333,-56350.2779,19
-1617870.243,-35465.3678,19
-1605193.66,-27189.5659,19
-1587168.055,-24670.0734,19
-1576380.772,-19678.6452,19
-1568137.942,-23187.0177,19
-1562399.503,-32127.9075,19
-1360215.16,9510.8377,19
-1353631.149,24609.1181,19
-1340902.733,27671.9924,19
-1330932.663,28803.7564,19
-1313436.161,31743.9219,19
-1289745.127,36487.3776,19
-1272469.018,40291.8374,19
-1261291.145,44206.3545,19
-1248081.921,50654.6308,19
-1235902.308,53548.2449,19
-1224958.478,49105.773,19
-1208746.981,37150.4792,19
-579343.8413,746358.4018,19
-595039.8309,745735.2925,19
-607922.8849,743217.8698,19
-616487.3281,741144.9673,19
-626764.4201,736002.586,19
-636839.4953,731591.0786,19
-653681.9248,721129.7588,19
-659126.5945,718250.923,19
-667997.7211,709232.9295,19
-671131.404,695206.4047,19
-662206.355,685078.8792,19
-652538.6624,679061.8893,19
-637427.4712,675935.8895,19
-578435.0593,740659.3176,20
-592465.6812,739992.4969,20
-606830.7678,736685.1806,20
-621140.8873,730634.4954,20
-632120.5313,724503.2416,20
-646093.7175,715246.8959,20
-653493.7738,705455.4464,20
-649877.0659,695927.7002,20
-635306.0463,689422.9266,20
-623612.9348,689132.3708,20
-1217775.472,36086.6576,20
-1226387.044,44116.3202,20
-1236120.333,46701.1453,20
-1249116.735,42490.277,20
-1260506.704,33256.0448,20
-1275643.857,30784.1227,20
-1286409.372,31369.8779,20
-1300744.001,28702.7795,20
-1311829.108,26703.7902,20
-1324845.739,25618.0762,20
-1337556.243,25610.4812,20
-1347639.16,22592.7533,20
-1354205.454,10560.4843,20
-1740025.984,-48639.6804,20
-1748118.156,-41615.6771,20
-1756962.404,-37057.3955,20
-1767626.327,-31177.0046,20
-1777631.601,-28954.6231,20
-1786548.323,-28980.4513,20
-1796634.972,-37134.6111,20
-1196432.266,284579.0232,16
-1201197.549,278117.72,16
-1208083.378,274303.8533,16
-1208227.895,285722.648,16
-1201157.257,294143.8478,16
-1866420.081,79834.0852,7
-1869978.79,88116.6113,7
-1870927.944,96437.8508,7
-1861338.688,101502.576,7
-1851512.806,99765.6113,7
-1842743.269,96547.7929,7
-1836355.358,93290.5147,7
-1831268.177,89659.1476,7
-1830281.642,82370.1789,7
-1838095.946,77263.0159,7
-1842617.827,73218.5435,7
-1848615.103,67301.6542,7
-1852941.784,62942.7806,7
-1855395.79,54132.9451,7
-1859276.263,45506.8453,7
-1866139.894,40643.0972,7
-1873328.634,39499.0007,7
-1882981.992,40927.6024,7
-1889458.563,43963.5132,7
-1890541.399,49984.4369,7
-1884263.556,55796.5358,7
-1876314.212,60319.894,7
-1870999.184,65919.2898,7
-1866963.986,72175.018,7
-1842200.651,106578.7349,8
-1833801.876,103608.2611,8
-1826433.19,100182.2838,8
-1820168.477,97487.0597,8
-1816186.25,93163.1675,8
-1812347.712,86944.9566,8
-1812192.285,80301.1751,8
-1818081.707,72788.3712,8
-1824529.188,67776.5544,8
-1830351.806,63352.3027,8
-1837388.101,55038.2512,8
-1840845.117,46795.8637,8
-1843446.419,35584.1037,8
-1849824.281,29405.2375,8
-1858651.823,28239.7734,8
-1870030.684,27476.8367,8
-1883337.018,31964.789,8
-1897452.295,36717.5806,8
-1910419.761,38028.6776,8
-1923168.354,35794.857,8
-1934221.479,31879.4057,8
-1943690.63,25926.5334,8
-1953307.69,22351.3406,8
-1962225.448,18175.4794,8
-1974470.588,16214.4773,8
-1982691.696,11444.5597,8
-1989095.876,9591.8086,8
-1999639.029,10213.2155,8
-2011584.505,12062.4706,8
-2020919.962,19292.7499,8
-2027767.952,27290.3665,8
-2035534.495,35200.958,8
-2042843.41,44525.7451,8
-2046740.091,54705.6349,8
-2041503.989,65455.7926,8
-2032148.119,73725.7565,8
-2019892.093,79910.1606,8
-2007280.889,84437.1064,8
-1993795.641,87530.6899,8
-1979322.885,89545.8935,8
-1963474.366,86087.1769,8
-1947916.196,83127.0485,8
-1935135.742,75617.511,8
-1924670.229,69235.167,8
-1912758.951,63189.0812,8
-1900210.003,62000.9693,8
-1890610.361,65617.534,8
-1882414.513,70450.8855,8
-1881668.368,79923.8135,8
-1884679.208,90177.7234,8
-1887238.753,101852.3527,8
-1877195.759,111173.6484,8
-1864703.218,112745.7433,8
-1851518.983,109449.7665,8
-1875981.516,126354.7305,9
-1863615.142,123297.7568,9
-1853493.388,120167.4701,9
-1842926.155,118462.9915,9
-1833943.602,114532.4329,9
-1823669.748,109047.0668,9
-1813907.296,103339.2459,9
-1806718.578,96484.1674,9
-1801656.909,85626.7812,9
-1805583.225,74408.6484,9
-1814455.983,65866.0651,9
-1821969.235,58853.5705,9
-1829256.34,48289.7671,9
-1822811.263,38964.9957,9
-1814448.821,32936.3886,9
-1813575.742,25705.241,9
-1821024.671,21777.9793,9
-1829851.213,20595.2647,9
-1839679.687,20497.2991,9
-1850025.739,20177.1844,9
-1864440.474,21112.9557,9
-1876897.545,22621.4151,9
-1888836.98,24368.207,9
-1901330.827,28621.0572,9
-1911050.462,28924.8417,9
-1920623.582,26864.9533,9
-1928794.382,23599.118,9
-1940258.176,19817.0013,9
-1949841.449,13518.536,9
-1960943.881,8090.7524,9
-1974045.337,4848.9961,9
-1988075.632,1524.7007,9
-2002506.979,2600.0425,9
-2014862.942,4580.5797,9
-2032011.857,11199.5104,9
-2044569.268,16761.0054,9
-2054594.116,24626.0038,9
-2064046.534,34258.2558,9
-2069610.879,43425.0284,9
-2070706.718,51156.1303,9
-2069969.28,61795.1949,9
-2063327.975,71311.1696,9
-2053655.465,76357.5989,9
-2042854.389,84937.0932,9
-2031615.194,87940.5184,9
-2021480.631,91695.0358,9
-2006329.615,95800.4402,9
-1992894.084,97355.1082,9
-1975590.504,98473.5075,9
-1962066.475,96139.1113,9
-1947256.008,92246.7868,9
-1935097.572,88425.8418,9
-1922723.953,81053.0053,9
-1907169.104,73868.4532,9
-1898263.574,82357.2782,9
-1902655.892,98100.0614,9
-1908919.057,112108.1694,9
-1908959.804,121846.9885,9
-1899914.098,127970.9265,9
-1887243.375,128689.8223,9
-1927666.694,52902.3905,7
-1935314.457,60467.6599,7
-1944587.905,67580.4332,7
-1951920.694,73768.3385,7
-1961534.196,77444.101,7
-1968478.494,78988.5996,7
-1976637.976,76711.6784,7
-1981283.848,69117.677,7
-1981556.788,62407.8196,7
-1972544.292,52119.5077,7
-1962894.853,46168.4678,7
-1951083.119,41163.7872,7
-1940708.779,39851.5158,7
-1930450.107,44075.7194,7
-671886.3036,987508.971,11
-704840.5086,1003447.79,11
-701688.1136,980862.7604,11
-879584.8241,261829.798,12
-876866.2792,251099.1853,12
-885456.7363,254704.8796,12
-998954.8901,411844.6812,11
-972664.095,410270.2212,11
-955531.9336,409481.908,11
-956496.8783,420503.3313,11
-957631.8371,400513.736,11
-962573.867,430394.6887,11
-965488.1913,396992.871,11
-954786.4261,390457.6907,11
-940722.225,391736.1931,11
-962526.8844,394558.7497,11
-878012.9437,324988.3512,10
-988895.3519,332426.8961,11
-1019884.171,324697.277,11
-1091202.48,291187.4993,11
-584599.9333,897899.1319,11
-579096.5017,899585.6284,11
-571501.0474,901766.9598,11
-565121.652,901650.8251,11
-558831.7022,900249.8902,11
-556555.3268,896505.6665,11
-560745.0057,891588.3859,11
-565833.4546,887432.4296,11
-569954.7772,882759.704,11
-576948.747,877798.3484,11
-582230.1549,873956.3324,11
-588430.2684,869833.7146,11
-595582.5816,867272.4357,11
-601800.1821,866036.0728,11
-606126.6922,868490.7515,11
-606621.8083,873599.4577,11
-601885.9289,879418.7635,11
-598366.0383,882940.4678,11
-593751.2053,889317.096,11
-589554.6781,894232.7047,11
-593789.474,857898.2502,10
-586757.9581,861015.9745,10
-592441.3195,852832.3864,10
-586224.3882,854072.2329,10
-581722.8722,854194.9869,10
-571228.5878,869484.2569,10
-569277.3709,853799.3879,10
-602524.6094,846856.6063,10
-616842.1623,837813.4441,10
-626653.0086,840667.6789,10
-635113.3128,842383.7544,10
-642137.9385,854987.9029,10
-635252.0265,867310.8253,10
-610350.6514,854681.5066,10
-617902.1047,870302.3812,10
-604536.9947,887723.0666,10
-594973.935,900652.7029,10
-558992.8843,916277.4475,10
-577276.8574,909851.5379,10
-735539.1917,781131.552,10
-735388.0172,772844.2271,10
-739362.3917,753100.5141,10
-742653.0222,744560.6931,10
-745783.8632,733628.3291,10
-751977.3743,728215.7093,10
-761135.4663,734570.8577,10
-766393.8149,738324.8802,10
-776778.7354,741880.4807,10
-788578.2514,743465.3896,10
-1172653.424,111999.3893,11
-1179741.881,121257.3174,11
-1174131.467,122231.7476,11
-1168464.796,124218.1986,11
-1163069.159,126072.6601,11
-1157290.694,130083.2046,11
-1153238.567,133730.5567,11
-1152091.677,138556.0251,11
-1153802.25,142290.8436,11
-1157394.024,146729.9619,11
-1160519.142,146325.8727,11
-1165376.139,143917.9738,11
-1170715.915,142255.0567,11
-1176651.287,140135.7799,11
-1181507.8,138552.3931,11
-1186416.286,137599.8242,11
-1190788.903,136095.0364,11
-1194621.878,134857.9053,11
-1195662.37,131234.5337,11
-1193679.348,128448.4268,11
-1190402.957,125319.1689,11
-1187067.987,123201.6735,11
-1182976.934,121294.9498,11
-1177857.174,120552.6457,11
-1435144.5,23131.7532,13
-1094324.814,362719.7234,13
-723364.5271,468309.0619,11
-739645.3037,496453.0766,11
-771794.9124,613634.3617,11
-806402.4695,736711.7706,11
-812226.1766,707656.3989,11
-786671.6171,694964.1402,11
-758219.3234,723459.3562,11
-664160.9433,838593.9363,11
-681958.3719,830754.0474,11
-633012.6155,837400.6412,11
-631079.596,794134.2129,11
-646866.1922,806525.1922,11
-784223.9633,889088.2849,7
-792252.3849,895499.594,7
