x,y,h_z,group_ja
-2100000,90000,-2250,火成岩
-2100000,100000,-2250,火成岩
-2070000,110000,-2250,火成岩
-2060000,120000,-2250,堆積岩
-2040000,-30000,-2250,火成岩
-2020000,-20000,-2250,堆積岩
-2020000,130000,-2250,火成岩
-2010000,-190000,-2250,火成岩
-2010000,-180000,-2250,火成岩
-2010000,120000,-2250,火成岩
-2010000,140000,-2250,火成岩
-2010000,230000,-2250,火成岩
-2000000,-190000,-2250,火成岩
-2000000,-180000,-2250,火成岩
-2000000,-80000,-2250,火成岩
-2000000,60000,-2250,変成岩
-2000000,90000,-2250,変成岩
-2000000,100000,-2250,変成岩
-2000000,110000,-2250,火成岩
-2000000,120000,-2250,堆積岩
-2000000,130000,-2250,堆積岩
-2000000,140000,-2250,火成岩
-2000000,240000,-2250,火成岩
-2000000,250000,-2250,堆積岩
-1990000,-190000,-2250,火成岩
-1990000,-90000,-2250,火成岩
-1990000,-80000,-2250,付加体
-1990000,-70000,-2250,堆積岩
-1990000,-30000,-2250,火成岩
-1990000,20000,-2250,堆積岩
-1990000,30000,-2250,堆積岩
-1990000,70000,-2250,火成岩
-1990000,80000,-2250,堆積岩
-1990000,110000,-2250,堆積岩
-1990000,120000,-2250,堆積岩
-1990000,130000,-2250,堆積岩
-1990000,140000,-2250,火成岩
-1990000,250000,-2250,堆積岩
-1990000,260000,-2250,堆積岩
-1980000,-90000,-2250,火成岩
-1980000,-80000,-2250,堆積岩
-1980000,-70000,-2250,堆積岩
-1980000,-60000,-2250,火成岩
-1980000,-50000,-2250,火成岩
-1980000,-40000,-2250,火成岩
-1980000,-30000,-2250,火成岩
-1980000,-20000,-2250,付加体
-1980000,-10000,-2250,火成岩
-1980000,10000,-2250,火成岩
-1980000,20000,-2250,堆積岩
-1980000,30000,-2250,堆積岩
-1980000,40000,-2250,堆積岩
-1980000,70000,-2250,堆積岩
-1980000,80000,-2250,火成岩
-1980000,110000,-2250,堆積岩
-1980000,120000,-2250,堆積岩
-1980000,130000,-2250,堆積岩
-1980000,260000,-2250,堆積岩
-1980000,270000,-2250,堆積岩
-1970000,-100000,-2250,火成岩
-1970000,-90000,-2250,火成岩
-1970000,-80000,-2250,堆積岩
-1970000,-70000,-2250,火成岩
-1970000,-60000,-2250,火成岩
-1970000,-50000,-2250,火成岩
-1970000,-40000,-2250,火成岩
-1970000,-30000,-2250,火成岩
-1970000,-20000,-2250,付加体
-1970000,-10000,-2250,堆積岩
-1970000,30000,-2250,堆積岩
-1970000,40000,-2250,堆積岩
-1970000,70000,-2250,火成岩
-1970000,80000,-2250,火成岩
-1970000,90000,-2250,火成岩
-1970000,100000,-2250,火成岩
-1970000,110000,-2250,火成岩
-1970000,120000,-2250,堆積岩
-1970000,130000,-2250,堆積岩
-1970000,140000,-2250,堆積岩
-1970000,180000,-2250,堆積岩
-1970000,270000,-2250,堆積岩
-1960000,-190000,-2250,堆積岩
-1960000,-120000,-2250,堆積岩
-1960000,-60000,-2250,火成岩
-1960000,-50000,-2250,火成岩
-1960000,-40000,-2250,火成岩
-1960000,-30000,-2250,火成岩
-1960000,-20000,-2250,堆積岩
-1960000,-10000,-2250,付加体
-1960000,20000,-2250,堆積岩
-1960000,30000,-2250,堆積岩
-1960000,50000,-2250,堆積岩
-1960000,70000,-2250,火成岩
-1960000,80000,-2250,火成岩
-1960000,90000,-2250,火成岩
-1960000,100000,-2250,堆積岩
-1960000,110000,-2250,堆積岩
-1960000,120000,-2250,火成岩
-1960000,130000,-2250,堆積岩
-1960000,140000,-2250,その他
-1950000,-180000,-2250,堆積岩
-1950000,-120000,-2250,堆積岩
-1950000,-110000,-2250,火成岩
-1950000,-70000,-2250,火成岩
-1950000,-50000,-2250,堆積岩
-1950000,-40000,-2250,火成岩
-1950000,-30000,-2250,火成岩
-1950000,-20000,-2250,火成岩
-1950000,-10000,-2250,火成岩
-1950000,0,-2250,火成岩
-1950000,30000,-2250,堆積岩
-1950000,50000,-2250,火成岩
-1950000,60000,-2250,火成岩
-1950000,70000,-2250,堆積岩
-1950000,110000,-2250,堆積岩
-1950000,120000,-2250,火成岩
-1950000,130000,-2250,火成岩
-1940000,-170000,-2250,付加体
-1940000,-160000,-2250,付加体
-1940000,-120000,-2250,火成岩
-1940000,-110000,-2250,火成岩
-1940000,-100000,-2250,火成岩
-1940000,-90000,-2250,火成岩
-1940000,-80000,-2250,火成岩
-1940000,-50000,-2250,火成岩
-1940000,-40000,-2250,火成岩
-1940000,-30000,-2250,火成岩
-1940000,-20000,-2250,堆積岩
-1940000,-10000,-2250,火成岩
-1940000,0,-2250,堆積岩
-1940000,10000,-2250,付加体
-1940000,40000,-2250,火成岩
-1940000,110000,-2250,堆積岩
-1940000,120000,-2250,火成岩
-1940000,130000,-2250,火成岩
-1940000,140000,-2250,堆積岩
-1930000,-110000,-2250,火成岩
-1930000,-100000,-2250,火成岩
-1930000,-90000,-2250,火成岩
-1930000,-80000,-2250,火成岩
-1930000,-70000,-2250,火成岩
-1930000,-60000,-2250,火成岩
-1930000,-50000,-2250,火成岩
-1930000,-40000,-2250,火成岩
-1930000,-30000,-2250,堆積岩
-1930000,-20000,-2250,火成岩
-1930000,-10000,-2250,火成岩
-1930000,0,-2250,付加体
-1930000,10000,-2250,付加体
-1930000,20000,-2250,堆積岩
-1930000,30000,-2250,その他
-1930000,40000,-2250,堆積岩
-1930000,80000,-2250,その他
-1930000,90000,-2250,その他
-1930000,100000,-2250,堆積岩
-1930000,110000,-2250,堆積岩
-1930000,120000,-2250,火成岩
-1930000,130000,-2250,火成岩
-1930000,140000,-2250,火成岩
-1930000,150000,-2250,火成岩
-1920000,-110000,-2250,火成岩
-1920000,-90000,-2250,火成岩
-1920000,-80000,-2250,火成岩
-1920000,-70000,-2250,火成岩
-1920000,-60000,-2250,付加体
-1920000,-50000,-2250,付加体
-1920000,-40000,-2250,火成岩
-1920000,-30000,-2250,堆積岩
-1920000,-20000,-2250,火成岩
-1920000,-10000,-2250,火成岩
-1920000,0,-2250,付加体
-1920000,10000,-2250,付加体
-1920000,20000,-2250,堆積岩
-1920000,30000,-2250,堆積岩
-1920000,40000,-2250,火成岩
-1920000,50000,-2250,その他
-1920000,60000,-2250,その他
-1920000,70000,-2250,火成岩
-1920000,80000,-2250,火成岩
-1920000,90000,-2250,堆積岩
-1920000,100000,-2250,堆積岩
-1920000,110000,-2250,堆積岩
-1920000,120000,-2250,火成岩
-1920000,130000,-2250,火成岩
-1920000,140000,-2250,堆積岩
-1910000,-90000,-2250,火成岩
-1910000,-80000,-2250,火成岩
-1910000,-70000,-2250,堆積岩
-1910000,-60000,-2250,堆積岩
-1910000,-50000,-2250,付加体
-1910000,-40000,-2250,火成岩
-1910000,-30000,-2250,堆積岩
-1910000,-20000,-2250,付加体
-1910000,-10000,-2250,堆積岩
-1910000,0,-2250,付加体
-1910000,10000,-2250,付加体
-1910000,20000,-2250,付加体
-1910000,30000,-2250,火成岩
-1910000,40000,-2250,堆積岩
-1910000,50000,-2250,堆積岩
-1910000,60000,-2250,火成岩
-1910000,70000,-2250,火成岩
-1910000,80000,-2250,火成岩
-1910000,90000,-2250,変成岩
-1910000,100000,-2250,堆積岩
-1910000,110000,-2250,堆積岩
-1910000,120000,-2250,火成岩
-1910000,130000,-2250,堆積岩
-1910000,140000,-2250,堆積岩
-1900000,-90000,-2250,堆積岩
-1900000,-80000,-2250,付加体
-1900000,-70000,-2250,堆積岩
-1900000,-60000,-2250,堆積岩
-1900000,-50000,-2250,付加体
-1900000,-40000,-2250,火成岩
-1900000,-30000,-2250,火成岩
-1900000,-20000,-2250,付加体
-1900000,-10000,-2250,堆積岩
-1900000,0,-2250,付加体
-1900000,10000,-2250,付加体
-1900000,20000,-2250,付加体
-1900000,30000,-2250,火成岩
-1900000,40000,-2250,堆積岩
-1900000,50000,-2250,堆積岩
-1900000,60000,-2250,堆積岩
-1900000,70000,-2250,堆積岩
-1900000,80000,-2250,火成岩
-1900000,90000,-2250,火成岩
-1900000,100000,-2250,変成岩
-1900000,110000,-2250,堆積岩
-1900000,120000,-2250,堆積岩
-1900000,130000,-2250,火成岩
-1900000,140000,-2250,変成岩
-1900000,150000,-2250,堆積岩
-1900000,160000,-2250,堆積岩
-1890000,-100000,-2250,堆積岩
-1890000,-90000,-2250,堆積岩
-1890000,-80000,-2250,付加体
-1890000,-70000,-2250,付加体
-1890000,-60000,-2250,付加体
-1890000,-50000,-2250,付加体
-1890000,-40000,-2250,付加体
-1890000,-30000,-2250,付加体
-1890000,-20000,-2250,付加体
-1890000,-10000,-2250,付加体
-1890000,0,-2250,火成岩
-1890000,10000,-2250,付加体
-1890000,20000,-2250,付加体
-1890000,30000,-2250,火成岩
-1890000,40000,-2250,火成岩
-1890000,50000,-2250,火成岩
-1890000,60000,-2250,火成岩
-1890000,70000,-2250,火成岩
-1890000,80000,-2250,火成岩
-1890000,90000,-2250,火成岩
-1890000,100000,-2250,変成岩
-1890000,110000,-2250,堆積岩
-1890000,120000,-2250,火成岩
-1890000,130000,-2250,堆積岩
-1890000,140000,-2250,付加体
-1890000,150000,-2250,堆積岩
-1890000,160000,-2250,火成岩
-1880000,-90000,-2250,堆積岩
-1880000,-80000,-2250,堆積岩
-1880000,-70000,-2250,付加体
-1880000,-60000,-2250,堆積岩
-1880000,-50000,-2250,堆積岩
-1880000,-40000,-2250,付加体
-1880000,-30000,-2250,付加体
-1880000,-20000,-2250,付加体
-1880000,-10000,-2250,付加体
-1880000,0,-2250,付加体
-1880000,10000,-2250,付加体
-1880000,20000,-2250,付加体
-1880000,30000,-2250,火成岩
-1880000,40000,-2250,火成岩
-1880000,50000,-2250,火成岩
-1880000,60000,-2250,火成岩
-1880000,70000,-2250,火成岩
-1880000,80000,-2250,火成岩
-1880000,90000,-2250,火成岩
-1880000,100000,-2250,火成岩
-1880000,110000,-2250,変成岩
-1880000,120000,-2250,火成岩
-1880000,130000,-2250,堆積岩
-1880000,140000,-2250,堆積岩
-1880000,150000,-2250,堆積岩
-1880000,160000,-2250,堆積岩
-1870000,-80000,-2250,堆積岩
-1870000,-70000,-2250,堆積岩
-1870000,-60000,-2250,堆積岩
-1870000,-50000,-2250,堆積岩
-1870000,-40000,-2250,堆積岩
-1870000,-30000,-2250,付加体
-1870000,-20000,-2250,付加体
-1870000,-10000,-2250,付加体
-1870000,0,-2250,付加体
-1870000,10000,-2250,付加体
-1870000,20000,-2250,付加体
-1870000,30000,-2250,火成岩
-1870000,40000,-2250,火成岩
-1870000,50000,-2250,火成岩
-1870000,60000,-2250,火成岩
-1870000,70000,-2250,火成岩
-1870000,80000,-2250,火成岩
-1870000,90000,-2250,火成岩
-1870000,100000,-2250,火成岩
-1870000,110000,-2250,火成岩
-1870000,120000,-2250,火成岩
-1870000,130000,-2250,火成岩
-1870000,140000,-2250,付加体
-1870000,150000,-2250,火成岩
-1870000,160000,-2250,堆積岩
-1860000,-50000,-2250,堆積岩
-1860000,-40000,-2250,堆積岩
-1860000,-30000,-2250,付加体
-1860000,-20000,-2250,付加体
-1860000,-10000,-2250,付加体
-1860000,0,-2250,付加体
-1860000,10000,-2250,付加体
-1860000,20000,-2250,付加体
-1860000,30000,-2250,付加体
-1860000,40000,-2250,火成岩
-1860000,50000,-2250,火成岩
-1860000,60000,-2250,火成岩
-1860000,70000,-2250,火成岩
-1860000,80000,-2250,火成岩
-1860000,90000,-2250,火成岩
-1860000,100000,-2250,火成岩
-1860000,110000,-2250,火成岩
-1860000,120000,-2250,火成岩
-1860000,130000,-2250,堆積岩
-1860000,140000,-2250,火成岩
-1860000,150000,-2250,火成岩
-1850000,-40000,-2250,堆積岩
-1850000,-30000,-2250,堆積岩
-1850000,-20000,-2250,火成岩
-1850000,-10000,-2250,付加体
-1850000,0,-2250,付加体
-1850000,10000,-2250,付加体
-1850000,20000,-2250,火成岩
-1850000,30000,-2250,付加体
-1850000,40000,-2250,火成岩
-1850000,50000,-2250,火成岩
-1850000,60000,-2250,火成岩
-1850000,70000,-2250,火成岩
-1850000,80000,-2250,堆積岩
-1850000,90000,-2250,火成岩
-1850000,100000,-2250,火成岩
-1850000,110000,-2250,火成岩
-1850000,120000,-2250,火成岩
-1850000,130000,-2250,その他
-1850000,170000,-2250,火成岩
-1850000,180000,-2250,火成岩
-1840000,-20000,-2250,火成岩
-1840000,-10000,-2250,付加体
-1840000,0,-2250,付加体
-1840000,10000,-2250,火成岩
-1840000,20000,-2250,火成岩
-1840000,30000,-2250,付加体
-1840000,40000,-2250,火成岩
-1840000,50000,-2250,火成岩
-1840000,60000,-2250,火成岩
-1840000,70000,-2250,火成岩
-1840000,80000,-2250,火成岩
-1840000,90000,-2250,火成岩
-1840000,100000,-2250,火成岩
-1840000,110000,-2250,火成岩
-1840000,170000,-2250,付加体
-1840000,180000,-2250,堆積岩
-1840000,190000,-2250,堆積岩
-1830000,-10000,-2250,付加体
-1830000,0,-2250,付加体
-1830000,10000,-2250,付加体
-1830000,20000,-2250,火成岩
-1830000,30000,-2250,付加体
-1830000,40000,-2250,付加体
-1830000,50000,-2250,火成岩
-1830000,60000,-2250,火成岩
-1830000,70000,-2250,堆積岩
-1830000,80000,-2250,火成岩
-1830000,90000,-2250,火成岩
-1830000,100000,-2250,堆積岩
-1830000,110000,-2250,堆積岩
-1830000,160000,-2250,堆積岩
-1830000,170000,-2250,火成岩
-1830000,180000,-2250,火成岩
-1830000,190000,-2250,火成岩
-1830000,200000,-2250,火成岩
-1820000,10000,-2250,堆積岩
-1820000,20000,-2250,付加体
-1820000,30000,-2250,付加体
-1820000,40000,-2250,付加体
-1820000,50000,-2250,火成岩
-1820000,60000,-2250,堆積岩
-1820000,70000,-2250,堆積岩
-1820000,80000,-2250,火成岩
-1820000,90000,-2250,火成岩
-1820000,100000,-2250,堆積岩
-1820000,150000,-2250,堆積岩
-1820000,160000,-2250,堆積岩
-1820000,170000,-2250,火成岩
-1820000,180000,-2250,火成岩
-1820000,190000,-2250,火成岩
-1810000,10000,-2250,堆積岩
-1810000,20000,-2250,付加体
-1810000,30000,-2250,付加体
-1810000,40000,-2250,付加体
-1810000,50000,-2250,堆積岩
-1810000,60000,-2250,堆積岩
-1810000,70000,-2250,堆積岩
-1810000,90000,-2250,火成岩
-1810000,100000,-2250,火成岩
-1810000,110000,-2250,火成岩
-1810000,160000,-2250,火成岩
-1810000,170000,-2250,変成岩
-1810000,180000,-2250,付加体
-1810000,190000,-2250,火成岩
-1800000,20000,-2250,付加体
-1800000,30000,-2250,堆積岩
-1800000,40000,-2250,付加体
-1800000,50000,-2250,火成岩
-1800000,60000,-2250,変成岩
-1800000,70000,-2250,その他
-1800000,90000,-2250,火成岩
-1800000,100000,-2250,堆積岩
-1800000,110000,-2250,火成岩
-1800000,160000,-2250,火成岩
-1800000,170000,-2250,変成岩
-1800000,180000,-2250,火成岩
-1800000,190000,-2250,火成岩
-1790000,20000,-2250,付加体
-1790000,30000,-2250,付加体
-1790000,40000,-2250,付加体
-1790000,50000,-2250,付加体
-1790000,60000,-2250,変成岩
-1790000,100000,-2250,堆積岩
-1790000,150000,-2250,その他
-1790000,160000,-2250,火成岩
-1790000,170000,-2250,堆積岩
-1790000,180000,-2250,火成岩
-1790000,190000,-2250,火成岩
-1780000,150000,-2250,変成岩
-1780000,160000,-2250,変成岩
-1780000,170000,-2250,火成岩
-1780000,180000,-2250,火成岩
-1780000,190000,-2250,火成岩
-1780000,200000,-2250,火成岩
-1770000,140000,-2250,変成岩
-1770000,150000,-2250,堆積岩
-1770000,160000,-2250,変成岩
-1770000,170000,-2250,火成岩
-1770000,180000,-2250,火成岩
-1770000,190000,-2250,火成岩
-1770000,200000,-2250,火成岩
-1770000,210000,-2250,堆積岩
-1760000,140000,-2250,火成岩
-1760000,150000,-2250,堆積岩
-1760000,160000,-2250,付加体
-1760000,170000,-2250,火成岩
-1760000,180000,-2250,火成岩
-1760000,190000,-2250,堆積岩
-1760000,200000,-2250,付加体
-1760000,210000,-2250,火成岩
-1750000,130000,-2250,火成岩
-1750000,140000,-2250,堆積岩
-1750000,150000,-2250,付加体
-1750000,160000,-2250,付加体
-1750000,170000,-2250,付加体
-1750000,180000,-2250,堆積岩
-1750000,190000,-2250,火成岩
-1750000,200000,-2250,付加体
-1740000,130000,-2250,変成岩
-1740000,140000,-2250,火成岩
-1740000,150000,-2250,付加体
-1740000,160000,-2250,変成岩
-1740000,170000,-2250,変成岩
-1740000,180000,-2250,火成岩
-1740000,190000,-2250,火成岩
-1740000,200000,-2250,火成岩
-1740000,210000,-2250,火成岩
-1730000,20000,-2250,付加体
-1730000,30000,-2250,付加体
-1730000,40000,-2250,付加体
-1730000,120000,-2250,火成岩
-1730000,140000,-2250,火成岩
-1730000,150000,-2250,付加体
-1730000,160000,-2250,堆積岩
-1730000,170000,-2250,火成岩
-1730000,180000,-2250,火成岩
-1730000,190000,-2250,火成岩
-1730000,200000,-2250,火成岩
-1730000,210000,-2250,変成岩
-1720000,0,-2250,付加体
-1720000,20000,-2250,付加体
-1720000,30000,-2250,付加体
-1720000,40000,-2250,堆積岩
-1720000,50000,-2250,付加体
-1720000,60000,-2250,堆積岩
-1720000,70000,-2250,変成岩
-1720000,80000,-2250,変成岩
-1720000,160000,-2250,火成岩
-1720000,170000,-2250,火成岩
-1720000,180000,-2250,火成岩
-1720000,190000,-2250,火成岩
-1720000,200000,-2250,火成岩
-1720000,210000,-2250,火成岩
-1720000,220000,-2250,火成岩
-1710000,0,-2250,付加体
-1710000,10000,-2250,堆積岩
-1710000,20000,-2250,付加体
-1710000,30000,-2250,付加体
-1710000,40000,-2250,火成岩
-1710000,50000,-2250,付加体
-1710000,60000,-2250,付加体
-1710000,70000,-2250,変成岩
-1710000,80000,-2250,変成岩
-1710000,170000,-2250,火成岩
-1710000,180000,-2250,火成岩
-1710000,190000,-2250,火成岩
-1710000,200000,-2250,火成岩
-1710000,210000,-2250,火成岩
-1710000,220000,-2250,堆積岩
-1700000,0,-2250,付加体
-1700000,10000,-2250,堆積岩
-1700000,20000,-2250,付加体
-1700000,30000,-2250,付加体
-1700000,40000,-2250,付加体
-1700000,50000,-2250,付加体
-1700000,60000,-2250,付加体
-1700000,70000,-2250,変成岩
-1700000,80000,-2250,変成岩
-1700000,120000,-2250,火成岩
-1700000,150000,-2250,火成岩
-1700000,160000,-2250,その他
-1700000,170000,-2250,火成岩
-1700000,180000,-2250,付加体
-1700000,190000,-2250,火成岩
-1700000,200000,-2250,火成岩
-1700000,210000,-2250,火成岩
-1700000,220000,-2250,火成岩
-1700000,230000,-2250,堆積岩
-1690000,0,-2250,堆積岩
-1690000,10000,-2250,堆積岩
-1690000,20000,-2250,付加体
-1690000,30000,-2250,付加体
-1690000,40000,-2250,付加体
-1690000,50000,-2250,付加体
-1690000,60000,-2250,変成岩
-1690000,70000,-2250,変成岩
-1690000,80000,-2250,変成岩
-1690000,90000,-2250,堆積岩
-1690000,100000,-2250,その他
-1690000,150000,-2250,火成岩
-1690000,160000,-2250,火成岩
-1690000,170000,-2250,火成岩
-1690000,180000,-2250,火成岩
-1690000,190000,-2250,火成岩
-1690000,200000,-2250,火成岩
-1690000,210000,-2250,火成岩
-1690000,220000,-2250,火成岩
-1690000,230000,-2250,火成岩
-1680000,20000,-2250,付加体
-1680000,30000,-2250,付加体
-1680000,40000,-2250,堆積岩
-1680000,50000,-2250,付加体
-1680000,60000,-2250,付加体
-1680000,70000,-2250,変成岩
-1680000,80000,-2250,堆積岩
-1680000,90000,-2250,堆積岩
-1680000,100000,-2250,火成岩
-1680000,140000,-2250,その他
-1680000,150000,-2250,堆積岩
-1680000,160000,-2250,火成岩
-1680000,170000,-2250,火成岩
-1680000,180000,-2250,火成岩
-1680000,190000,-2250,堆積岩
-1680000,200000,-2250,火成岩
-1680000,210000,-2250,火成岩
-1680000,220000,-2250,堆積岩
-1680000,230000,-2250,火成岩
-1680000,240000,-2250,堆積岩
-1670000,20000,-2250,付加体
-1670000,30000,-2250,付加体
-1670000,40000,-2250,付加体
-1670000,50000,-2250,付加体
-1670000,60000,-2250,変成岩
-1670000,70000,-2250,変成岩
-1670000,80000,-2250,堆積岩
-1670000,90000,-2250,堆積岩
-1670000,100000,-2250,変成岩
-1670000,110000,-2250,火成岩
-1670000,130000,-2250,火成岩
-1670000,150000,-2250,火成岩
-1670000,160000,-2250,堆積岩
-1670000,170000,-2250,火成岩
-1670000,180000,-2250,火成岩
-1670000,190000,-2250,火成岩
-1670000,200000,-2250,火成岩
-1670000,210000,-2250,火成岩
-1670000,220000,-2250,火成岩
-1670000,230000,-2250,火成岩
-1670000,240000,-2250,火成岩
-1660000,30000,-2250,堆積岩
-1660000,40000,-2250,堆積岩
-1660000,50000,-2250,付加体
-1660000,60000,-2250,変成岩
-1660000,70000,-2250,変成岩
-1660000,80000,-2250,変成岩
-1660000,90000,-2250,変成岩
-1660000,100000,-2250,変成岩
-1660000,110000,-2250,火成岩
-1660000,120000,-2250,火成岩
-1660000,150000,-2250,火成岩
-1660000,160000,-2250,火成岩
-1660000,170000,-2250,付加体
-1660000,180000,-2250,火成岩
-1660000,190000,-2250,堆積岩
-1660000,200000,-2250,堆積岩
-1660000,210000,-2250,火成岩
-1660000,220000,-2250,火成岩
-1660000,230000,-2250,火成岩
-1660000,240000,-2250,火成岩
-1650000,40000,-2250,付加体
-1650000,50000,-2250,付加体
-1650000,60000,-2250,付加体
-1650000,70000,-2250,変成岩
-1650000,80000,-2250,変成岩
-1650000,90000,-2250,変成岩
-1650000,100000,-2250,堆積岩
-1650000,120000,-2250,火成岩
-1650000,150000,-2250,火成岩
-1650000,160000,-2250,火成岩
-1650000,170000,-2250,火成岩
-1650000,180000,-2250,火成岩
-1650000,190000,-2250,火成岩
-1650000,200000,-2250,火成岩
-1650000,210000,-2250,火成岩
-1650000,220000,-2250,火成岩
-1650000,230000,-2250,火成岩
-1650000,240000,-2250,火成岩
-1650000,250000,-2250,堆積岩
-1650000,260000,-2250,火成岩
-1640000,50000,-2250,付加体
-1640000,60000,-2250,付加体
-1640000,70000,-2250,変成岩
-1640000,80000,-2250,変成岩
-1640000,90000,-2250,変成岩
-1640000,130000,-2250,火成岩
-1640000,140000,-2250,火成岩
-1640000,150000,-2250,付加体
-1640000,160000,-2250,火成岩
-1640000,170000,-2250,堆積岩
-1640000,180000,-2250,堆積岩
-1640000,190000,-2250,堆積岩
-1640000,200000,-2250,火成岩
-1640000,210000,-2250,火成岩
-1640000,220000,-2250,火成岩
-1640000,230000,-2250,火成岩
-1640000,240000,-2250,火成岩
-1640000,250000,-2250,火成岩
-1640000,260000,-2250,堆積岩
-1630000,50000,-2250,付加体
-1630000,60000,-2250,付加体
-1630000,70000,-2250,変成岩
-1630000,80000,-2250,変成岩
-1630000,90000,-2250,変成岩
-1630000,100000,-2250,その他
-1630000,130000,-2250,火成岩
-1630000,150000,-2250,火成岩
-1630000,160000,-2250,火成岩
-1630000,170000,-2250,堆積岩
-1630000,180000,-2250,火成岩
-1630000,190000,-2250,火成岩
-1630000,200000,-2250,堆積岩
-1630000,210000,-2250,火成岩
-1630000,220000,-2250,火成岩
-1630000,230000,-2250,火成岩
-1630000,240000,-2250,火成岩
-1630000,250000,-2250,堆積岩
-1630000,260000,-2250,堆積岩
-1620000,50000,-2250,付加体
-1620000,60000,-2250,付加体
-1620000,70000,-2250,変成岩
-1620000,80000,-2250,変成岩
-1620000,90000,-2250,変成岩
-1620000,150000,-2250,堆積岩
-1620000,160000,-2250,火成岩
-1620000,170000,-2250,火成岩
-1620000,180000,-2250,火成岩
-1620000,190000,-2250,火成岩
-1620000,200000,-2250,付加体
-1620000,210000,-2250,火成岩
-1620000,220000,-2250,火成岩
-1620000,230000,-2250,火成岩
-1620000,240000,-2250,火成岩
-1620000,250000,-2250,火成岩
-1620000,260000,-2250,堆積岩
-1610000,50000,-2250,堆積岩
-1610000,60000,-2250,付加体
-1610000,70000,-2250,変成岩
-1610000,80000,-2250,変成岩
-1610000,90000,-2250,変成岩
-1610000,140000,-2250,付加体
-1610000,150000,-2250,堆積岩
-1610000,160000,-2250,火成岩
-1610000,170000,-2250,堆積岩
-1610000,180000,-2250,付加体
-1610000,190000,-2250,堆積岩
-1610000,200000,-2250,火成岩
-1610000,210000,-2250,堆積岩
-1610000,220000,-2250,火成岩
-1610000,230000,-2250,火成岩
-1610000,240000,-2250,火成岩
-1610000,250000,-2250,堆積岩
-1610000,260000,-2250,火成岩
-1600000,50000,-2250,堆積岩
-1600000,60000,-2250,付加体
-1600000,70000,-2250,変成岩
-1600000,80000,-2250,変成岩
-1600000,90000,-2250,変成岩
-1600000,150000,-2250,堆積岩
-1600000,160000,-2250,堆積岩
-1600000,170000,-2250,堆積岩
-1600000,180000,-2250,火成岩
-1600000,190000,-2250,火成岩
-1600000,200000,-2250,変成岩
-1600000,210000,-2250,火成岩
-1600000,220000,-2250,変成岩
-1600000,230000,-2250,火成岩
-1600000,240000,-2250,火成岩
-1600000,250000,-2250,堆積岩
-1600000,260000,-2250,堆積岩
-1590000,50000,-2250,付加体
-1590000,60000,-2250,付加体
-1590000,70000,-2250,変成岩
-1590000,80000,-2250,変成岩
-1590000,90000,-2250,変成岩
-1590000,100000,-2250,堆積岩
-1590000,110000,-2250,火成岩
-1590000,150000,-2250,堆積岩
-1590000,160000,-2250,火成岩
-1590000,170000,-2250,堆積岩
-1590000,180000,-2250,火成岩
-1590000,190000,-2250,火成岩
-1590000,200000,-2250,火成岩
-1590000,210000,-2250,火成岩
-1590000,220000,-2250,火成岩
-1590000,230000,-2250,火成岩
-1590000,240000,-2250,火成岩
-1590000,250000,-2250,堆積岩
-1590000,260000,-2250,その他
-1580000,40000,-2250,付加体
-1580000,50000,-2250,付加体
-1580000,60000,-2250,堆積岩
-1580000,70000,-2250,変成岩
-1580000,80000,-2250,変成岩
-1580000,90000,-2250,変成岩
-1580000,100000,-2250,堆積岩
-1580000,110000,-2250,火成岩
-1580000,130000,-2250,火成岩
-1580000,150000,-2250,堆積岩
-1580000,160000,-2250,火成岩
-1580000,170000,-2250,堆積岩
-1580000,180000,-2250,火成岩
-1580000,190000,-2250,付加体
-1580000,200000,-2250,火成岩
-1580000,210000,-2250,火成岩
-1580000,220000,-2250,火成岩
-1580000,230000,-2250,火成岩
-1580000,240000,-2250,火成岩
-1570000,20000,-2250,付加体
-1570000,30000,-2250,付加体
-1570000,40000,-2250,付加体
-1570000,50000,-2250,付加体
-1570000,60000,-2250,堆積岩
-1570000,70000,-2250,変成岩
-1570000,80000,-2250,変成岩
-1570000,90000,-2250,変成岩
-1570000,100000,-2250,堆積岩
-1570000,110000,-2250,堆積岩
-1570000,120000,-2250,火成岩
-1570000,140000,-2250,火成岩
-1570000,150000,-2250,堆積岩
-1570000,160000,-2250,堆積岩
-1570000,170000,-2250,火成岩
-1570000,180000,-2250,堆積岩
-1570000,190000,-2250,付加体
-1570000,200000,-2250,変成岩
-1570000,210000,-2250,火成岩
-1570000,220000,-2250,火成岩
-1570000,230000,-2250,火成岩
-1570000,240000,-2250,火成岩
-1570000,250000,-2250,堆積岩
-1560000,10000,-2250,火成岩
-1560000,20000,-2250,付加体
-1560000,30000,-2250,付加体
-1560000,40000,-2250,付加体
-1560000,50000,-2250,付加体
-1560000,60000,-2250,付加体
-1560000,70000,-2250,変成岩
-1560000,80000,-2250,変成岩
-1560000,90000,-2250,堆積岩
-1560000,100000,-2250,堆積岩
-1560000,110000,-2250,火成岩
-1560000,120000,-2250,火成岩
-1560000,140000,-2250,付加体
-1560000,150000,-2250,その他
-1560000,160000,-2250,堆積岩
-1560000,170000,-2250,堆積岩
-1560000,180000,-2250,堆積岩
-1560000,190000,-2250,変成岩
-1560000,200000,-2250,火成岩
-1560000,210000,-2250,火成岩
-1560000,220000,-2250,火成岩
-1560000,230000,-2250,火成岩
-1560000,240000,-2250,火成岩
-1550000,30000,-2250,付加体
-1550000,40000,-2250,付加体
-1550000,50000,-2250,付加体
-1550000,60000,-2250,付加体
-1550000,70000,-2250,付加体
-1550000,80000,-2250,変成岩
-1550000,90000,-2250,堆積岩
-1550000,100000,-2250,堆積岩
-1550000,110000,-2250,堆積岩
-1550000,120000,-2250,その他
-1550000,140000,-2250,付加体
-1550000,150000,-2250,その他
-1550000,160000,-2250,火成岩
-1550000,170000,-2250,堆積岩
-1550000,180000,-2250,火成岩
-1550000,190000,-2250,変成岩
-1550000,200000,-2250,変成岩
-1550000,210000,-2250,火成岩
-1550000,220000,-2250,火成岩
-1550000,230000,-2250,堆積岩
-1550000,240000,-2250,堆積岩
-1540000,40000,-2250,付加体
-1540000,50000,-2250,付加体
-1540000,60000,-2250,付加体
-1540000,70000,-2250,付加体
-1540000,80000,-2250,変成岩
-1540000,90000,-2250,堆積岩
-1540000,100000,-2250,火成岩
-1540000,110000,-2250,堆積岩
-1540000,120000,-2250,その他
-1540000,150000,-2250,堆積岩
-1540000,160000,-2250,堆積岩
-1540000,170000,-2250,火成岩
-1540000,180000,-2250,火成岩
-1540000,190000,-2250,火成岩
-1540000,200000,-2250,堆積岩
-1540000,210000,-2250,堆積岩
-1540000,220000,-2250,火成岩
-1540000,230000,-2250,火成岩
-1540000,240000,-2250,堆積岩
-1530000,50000,-2250,付加体
-1530000,60000,-2250,堆積岩
-1530000,70000,-2250,付加体
-1530000,80000,-2250,変成岩
-1530000,90000,-2250,堆積岩
-1530000,100000,-2250,火成岩
-1530000,110000,-2250,堆積岩
-1530000,130000,-2250,その他
-1530000,150000,-2250,火成岩
-1530000,160000,-2250,火成岩
-1530000,170000,-2250,火成岩
-1530000,180000,-2250,堆積岩
-1530000,190000,-2250,堆積岩
-1530000,200000,-2250,変成岩
-1530000,210000,-2250,火成岩
-1530000,220000,-2250,火成岩
-1530000,230000,-2250,火成岩
-1530000,240000,-2250,堆積岩
-1520000,50000,-2250,付加体
-1520000,60000,-2250,付加体
-1520000,70000,-2250,変成岩
-1520000,80000,-2250,変成岩
-1520000,90000,-2250,堆積岩
-1520000,100000,-2250,火成岩
-1520000,130000,-2250,火成岩
-1520000,160000,-2250,火成岩
-1520000,170000,-2250,火成岩
-1520000,180000,-2250,堆積岩
-1520000,190000,-2250,堆積岩
-1520000,200000,-2250,火成岩
-1520000,210000,-2250,変成岩
-1520000,220000,-2250,火成岩
-1520000,230000,-2250,火成岩
-1510000,50000,-2250,付加体
-1510000,60000,-2250,付加体
-1510000,70000,-2250,変成岩
-1510000,80000,-2250,変成岩
-1510000,90000,-2250,堆積岩
-1510000,160000,-2250,火成岩
-1510000,170000,-2250,火成岩
-1510000,180000,-2250,付加体
-1510000,190000,-2250,堆積岩
-1510000,200000,-2250,火成岩
-1510000,210000,-2250,変成岩
-1510000,220000,-2250,堆積岩
-1510000,230000,-2250,火成岩
-1500000,50000,-2250,付加体
-1500000,60000,-2250,付加体
-1500000,70000,-2250,堆積岩
-1500000,90000,-2250,堆積岩
-1500000,140000,-2250,火成岩
-1500000,160000,-2250,堆積岩
-1500000,170000,-2250,付加体
-1500000,180000,-2250,堆積岩
-1500000,190000,-2250,堆積岩
-1500000,200000,-2250,変成岩
-1500000,210000,-2250,変成岩
-1500000,220000,-2250,堆積岩
-1500000,230000,-2250,堆積岩
-1490000,100000,-2250,堆積岩
-1490000,140000,-2250,火成岩
-1490000,160000,-2250,堆積岩
-1490000,170000,-2250,付加体
-1490000,180000,-2250,付加体
-1490000,190000,-2250,火成岩
-1490000,200000,-2250,火成岩
-1490000,210000,-2250,変成岩
-1490000,220000,-2250,火成岩
-1490000,230000,-2250,火成岩
-1480000,90000,-2250,堆積岩
-1480000,100000,-2250,堆積岩
-1480000,150000,-2250,その他
-1480000,160000,-2250,火成岩
-1480000,170000,-2250,付加体
-1480000,180000,-2250,堆積岩
-1480000,190000,-2250,火成岩
-1480000,200000,-2250,火成岩
-1480000,210000,-2250,火成岩
-1480000,220000,-2250,火成岩
-1480000,230000,-2250,火成岩
-1470000,90000,-2250,堆積岩
-1470000,100000,-2250,堆積岩
-1470000,110000,-2250,火成岩
-1470000,150000,-2250,堆積岩
-1470000,160000,-2250,堆積岩
-1470000,170000,-2250,火成岩
-1470000,180000,-2250,火成岩
-1470000,190000,-2250,火成岩
-1470000,200000,-2250,火成岩
-1470000,210000,-2250,火成岩
-1470000,220000,-2250,堆積岩
-1470000,230000,-2250,火成岩
-1470000,240000,-2250,火成岩
-1460000,50000,-2250,付加体
-1460000,140000,-2250,堆積岩
-1460000,150000,-2250,堆積岩
-1460000,160000,-2250,付加体
-1460000,170000,-2250,火成岩
-1460000,180000,-2250,火成岩
-1460000,190000,-2250,火成岩
-1460000,200000,-2250,堆積岩
-1460000,210000,-2250,火成岩
-1460000,220000,-2250,堆積岩
-1460000,230000,-2250,火成岩
-1450000,40000,-2250,付加体
-1450000,50000,-2250,付加体
-1450000,60000,-2250,堆積岩
-1450000,70000,-2250,変成岩
-1450000,90000,-2250,堆積岩
-1450000,120000,-2250,火成岩
-1450000,130000,-2250,堆積岩
-1450000,140000,-2250,堆積岩
-1450000,150000,-2250,堆積岩
-1450000,160000,-2250,付加体
-1450000,170000,-2250,火成岩
-1450000,180000,-2250,火成岩
-1450000,190000,-2250,火成岩
-1450000,200000,-2250,火成岩
-1450000,210000,-2250,火成岩
-1450000,220000,-2250,堆積岩
-1450000,230000,-2250,堆積岩
-1440000,40000,-2250,付加体
-1440000,50000,-2250,付加体
-1440000,60000,-2250,堆積岩
-1440000,70000,-2250,変成岩
-1440000,80000,-2250,堆積岩
-1440000,90000,-2250,堆積岩
-1440000,130000,-2250,堆積岩
-1440000,140000,-2250,堆積岩
-1440000,150000,-2250,堆積岩
-1440000,160000,-2250,火成岩
-1440000,170000,-2250,堆積岩
-1440000,180000,-2250,火成岩
-1440000,190000,-2250,堆積岩
-1440000,200000,-2250,火成岩
-1440000,210000,-2250,火成岩
-1440000,220000,-2250,火成岩
-1440000,230000,-2250,火成岩
-1430000,10000,-2250,堆積岩
-1430000,20000,-2250,堆積岩
-1430000,30000,-2250,付加体
-1430000,40000,-2250,付加体
-1430000,50000,-2250,付加体
-1430000,60000,-2250,付加体
-1430000,70000,-2250,変成岩
-1430000,80000,-2250,変成岩
-1430000,90000,-2250,堆積岩
-1430000,130000,-2250,火成岩
-1430000,140000,-2250,火成岩
-1430000,150000,-2250,堆積岩
-1430000,160000,-2250,火成岩
-1430000,170000,-2250,火成岩
-1430000,180000,-2250,堆積岩
-1430000,190000,-2250,付加体
-1430000,200000,-2250,堆積岩
-1430000,210000,-2250,火成岩
-1430000,220000,-2250,火成岩
-1430000,230000,-2250,火成岩
-1420000,0,-2250,堆積岩
-1420000,10000,-2250,堆積岩
-1420000,20000,-2250,堆積岩
-1420000,30000,-2250,堆積岩
-1420000,40000,-2250,付加体
-1420000,50000,-2250,付加体
-1420000,60000,-2250,付加体
-1420000,70000,-2250,変成岩
-1420000,80000,-2250,堆積岩
-1420000,90000,-2250,堆積岩
-1420000,100000,-2250,堆積岩
-1420000,130000,-2250,堆積岩
-1420000,140000,-2250,火成岩
-1420000,150000,-2250,火成岩
-1420000,160000,-2250,火成岩
-1420000,170000,-2250,付加体
-1420000,180000,-2250,付加体
-1420000,190000,-2250,堆積岩
-1420000,200000,-2250,堆積岩
-1420000,210000,-2250,火成岩
-1420000,220000,-2250,堆積岩
-1420000,230000,-2250,火成岩
-1410000,0,-2250,堆積岩
-1410000,10000,-2250,堆積岩
-1410000,20000,-2250,堆積岩
-1410000,30000,-2250,堆積岩
-1410000,40000,-2250,付加体
-1410000,50000,-2250,付加体
-1410000,60000,-2250,付加体
-1410000,70000,-2250,付加体
-1410000,80000,-2250,変成岩
-1410000,90000,-2250,堆積岩
-1410000,100000,-2250,堆積岩
-1410000,110000,-2250,その他
-1410000,130000,-2250,堆積岩
-1410000,140000,-2250,火成岩
-1410000,150000,-2250,火成岩
-1410000,160000,-2250,付加体
-1410000,170000,-2250,付加体
-1410000,180000,-2250,付加体
-1410000,190000,-2250,堆積岩
-1410000,200000,-2250,火成岩
-1410000,210000,-2250,火成岩
-1410000,220000,-2250,火成岩
-1410000,230000,-2250,火成岩
-1400000,0,-2250,堆積岩
-1400000,10000,-2250,堆積岩
-1400000,20000,-2250,堆積岩
-1400000,30000,-2250,付加体
-1400000,40000,-2250,付加体
-1400000,50000,-2250,付加体
-1400000,60000,-2250,付加体
-1400000,70000,-2250,付加体
-1400000,80000,-2250,変成岩
-1400000,90000,-2250,火成岩
-1400000,100000,-2250,堆積岩
-1400000,110000,-2250,堆積岩
-1400000,120000,-2250,堆積岩
-1400000,130000,-2250,堆積岩
-1400000,140000,-2250,付加体
-1400000,150000,-2250,付加体
-1400000,160000,-2250,付加体
-1400000,170000,-2250,付加体
-1400000,180000,-2250,付加体
-1400000,190000,-2250,付加体
-1400000,200000,-2250,堆積岩
-1400000,230000,-2250,堆積岩
-1390000,0,-2250,堆積岩
-1390000,10000,-2250,堆積岩
-1390000,20000,-2250,堆積岩
-1390000,30000,-2250,付加体
-1390000,40000,-2250,付加体
-1390000,50000,-2250,付加体
-1390000,60000,-2250,付加体
-1390000,70000,-2250,付加体
-1390000,80000,-2250,堆積岩
-1390000,90000,-2250,火成岩
-1390000,100000,-2250,火成岩
-1390000,110000,-2250,火成岩
-1390000,120000,-2250,堆積岩
-1390000,130000,-2250,堆積岩
-1390000,140000,-2250,付加体
-1390000,150000,-2250,付加体
-1390000,160000,-2250,付加体
-1390000,170000,-2250,付加体
-1390000,180000,-2250,付加体
-1390000,190000,-2250,付加体
-1390000,200000,-2250,火成岩
-1390000,210000,-2250,火成岩
-1380000,10000,-2250,堆積岩
-1380000,20000,-2250,火成岩
-1380000,30000,-2250,堆積岩
-1380000,40000,-2250,付加体
-1380000,50000,-2250,火成岩
-1380000,60000,-2250,付加体
-1380000,70000,-2250,付加体
-1380000,80000,-2250,付加体
-1380000,90000,-2250,火成岩
-1380000,100000,-2250,堆積岩
-1380000,110000,-2250,堆積岩
-1380000,120000,-2250,堆積岩
-1380000,130000,-2250,堆積岩
-1380000,140000,-2250,付加体
-1380000,150000,-2250,付加体
-1380000,160000,-2250,付加体
-1380000,170000,-2250,付加体
-1380000,180000,-2250,付加体
-1380000,190000,-2250,付加体
-1380000,200000,-2250,付加体
-1370000,20000,-2250,付加体
-1370000,30000,-2250,火成岩
-1370000,40000,-2250,付加体
-1370000,50000,-2250,付加体
-1370000,60000,-2250,付加体
-1370000,70000,-2250,付加体
-1370000,80000,-2250,付加体
-1370000,90000,-2250,火成岩
-1370000,100000,-2250,変成岩
-1370000,110000,-2250,堆積岩
-1370000,120000,-2250,堆積岩
-1370000,130000,-2250,堆積岩
-1370000,140000,-2250,堆積岩
-1370000,150000,-2250,堆積岩
-1370000,160000,-2250,付加体
-1370000,170000,-2250,付加体
-1370000,180000,-2250,付加体
-1370000,190000,-2250,付加体
-1360000,30000,-2250,火成岩
-1360000,40000,-2250,火成岩
-1360000,50000,-2250,付加体
-1360000,60000,-2250,付加体
-1360000,70000,-2250,付加体
-1360000,80000,-2250,付加体
-1360000,90000,-2250,火成岩
-1360000,100000,-2250,堆積岩
-1360000,110000,-2250,火成岩
-1360000,120000,-2250,火成岩
-1360000,130000,-2250,堆積岩
-1360000,140000,-2250,付加体
-1360000,150000,-2250,火成岩
-1360000,160000,-2250,付加体
-1360000,170000,-2250,付加体
-1360000,180000,-2250,付加体
-1360000,190000,-2250,付加体
-1350000,40000,-2250,火成岩
-1350000,50000,-2250,付加体
-1350000,60000,-2250,付加体
-1350000,70000,-2250,付加体
-1350000,80000,-2250,変成岩
-1350000,90000,-2250,変成岩
-1350000,100000,-2250,堆積岩
-1350000,110000,-2250,火成岩
-1350000,120000,-2250,火成岩
-1350000,130000,-2250,付加体
-1350000,140000,-2250,火成岩
-1350000,150000,-2250,堆積岩
-1350000,160000,-2250,堆積岩
-1350000,170000,-2250,火成岩
-1350000,180000,-2250,付加体
-1350000,190000,-2250,付加体
-1350000,200000,-2250,付加体
-1340000,50000,-2250,付加体
-1340000,60000,-2250,付加体
-1340000,70000,-2250,付加体
-1340000,80000,-2250,変成岩
-1340000,90000,-2250,火成岩
-1340000,100000,-2250,変成岩
-1340000,110000,-2250,堆積岩
-1340000,120000,-2250,火成岩
-1340000,130000,-2250,火成岩
-1340000,140000,-2250,堆積岩
-1340000,150000,-2250,堆積岩
-1340000,160000,-2250,堆積岩
-1340000,170000,-2250,堆積岩
-1340000,180000,-2250,堆積岩
-1340000,190000,-2250,付加体
-1340000,200000,-2250,火成岩
-1330000,60000,-2250,付加体
-1330000,70000,-2250,変成岩
-1330000,80000,-2250,変成岩
-1330000,90000,-2250,火成岩
-1330000,100000,-2250,火成岩
-1330000,110000,-2250,変成岩
-1330000,120000,-2250,堆積岩
-1330000,130000,-2250,堆積岩
-1330000,140000,-2250,堆積岩
-1330000,150000,-2250,堆積岩
-1330000,160000,-2250,その他
-1330000,170000,-2250,堆積岩
-1330000,180000,-2250,堆積岩
-1330000,190000,-2250,付加体
-1330000,200000,-2250,火成岩
-1330000,210000,-2250,火成岩
-1320000,60000,-2250,付加体
-1320000,70000,-2250,堆積岩
-1320000,80000,-2250,堆積岩
-1320000,90000,-2250,堆積岩
-1320000,100000,-2250,堆積岩
-1320000,110000,-2250,変成岩
-1320000,120000,-2250,堆積岩
-1320000,130000,-2250,堆積岩
-1320000,140000,-2250,堆積岩
-1320000,150000,-2250,堆積岩
-1320000,160000,-2250,堆積岩
-1320000,170000,-2250,堆積岩
-1320000,180000,-2250,堆積岩
-1320000,190000,-2250,堆積岩
-1320000,200000,-2250,付加体
-1320000,210000,-2250,付加体
-1320000,220000,-2250,付加体
-1320000,230000,-2250,付加体
-1320000,240000,-2250,堆積岩
-1320000,250000,-2250,火成岩
-1310000,60000,-2250,付加体
-1310000,70000,-2250,変成岩
-1310000,80000,-2250,火成岩
-1310000,90000,-2250,堆積岩
-1310000,100000,-2250,堆積岩
-1310000,110000,-2250,堆積岩
-1310000,120000,-2250,堆積岩
-1310000,130000,-2250,火成岩
-1310000,140000,-2250,火成岩
-1310000,150000,-2250,付加体
-1310000,160000,-2250,付加体
-1310000,170000,-2250,付加体
-1310000,180000,-2250,堆積岩
-1310000,190000,-2250,付加体
-1310000,200000,-2250,付加体
-1310000,210000,-2250,付加体
-1310000,220000,-2250,堆積岩
-1310000,230000,-2250,堆積岩
-1310000,240000,-2250,堆積岩
-1310000,250000,-2250,堆積岩
-1310000,260000,-2250,堆積岩
-1300000,70000,-2250,変成岩
-1300000,80000,-2250,堆積岩
-1300000,90000,-2250,堆積岩
-1300000,110000,-2250,堆積岩
-1300000,120000,-2250,堆積岩
-1300000,130000,-2250,堆積岩
-1300000,140000,-2250,堆積岩
-1300000,150000,-2250,付加体
-1300000,160000,-2250,付加体
-1300000,170000,-2250,付加体
-1300000,180000,-2250,付加体
-1300000,190000,-2250,火成岩
-1300000,200000,-2250,付加体
-1300000,210000,-2250,付加体
-1300000,220000,-2250,付加体
-1300000,230000,-2250,火成岩
-1300000,240000,-2250,火成岩
-1300000,250000,-2250,堆積岩
-1300000,260000,-2250,堆積岩
-1290000,60000,-2250,付加体
-1290000,70000,-2250,付加体
-1290000,80000,-2250,堆積岩
-1290000,120000,-2250,堆積岩
-1290000,130000,-2250,堆積岩
-1290000,140000,-2250,堆積岩
-1290000,150000,-2250,付加体
-1290000,160000,-2250,付加体
-1290000,170000,-2250,堆積岩
-1290000,180000,-2250,付加体
-1290000,190000,-2250,付加体
-1290000,200000,-2250,付加体
-1290000,210000,-2250,付加体
-1290000,220000,-2250,火成岩
-1290000,230000,-2250,火成岩
-1290000,240000,-2250,火成岩
-1290000,250000,-2250,火成岩
-1290000,260000,-2250,堆積岩
-1290000,270000,-2250,堆積岩
-1280000,60000,-2250,堆積岩
-1280000,70000,-2250,付加体
-1280000,140000,-2250,堆積岩
-1280000,150000,-2250,堆積岩
-1280000,160000,-2250,堆積岩
-1280000,170000,-2250,堆積岩
-1280000,180000,-2250,付加体
-1280000,190000,-2250,付加体
-1280000,200000,-2250,付加体
-1280000,210000,-2250,火成岩
-1280000,220000,-2250,堆積岩
-1280000,230000,-2250,堆積岩
-1280000,240000,-2250,火成岩
-1280000,250000,-2250,火成岩
-1280000,260000,-2250,火成岩
-1280000,270000,-2250,堆積岩
-1270000,100000,-2250,堆積岩
-1270000,120000,-2250,その他
-1270000,140000,-2250,その他
-1270000,150000,-2250,堆積岩
-1270000,160000,-2250,堆積岩
-1270000,170000,-2250,堆積岩
-1270000,180000,-2250,堆積岩
-1270000,190000,-2250,付加体
-1270000,200000,-2250,付加体
-1270000,210000,-2250,付加体
-1270000,220000,-2250,火成岩
-1270000,230000,-2250,火成岩
-1270000,240000,-2250,火成岩
-1270000,250000,-2250,火成岩
-1270000,260000,-2250,火成岩
-1270000,270000,-2250,火成岩
-1270000,280000,-2250,堆積岩
-1260000,120000,-2250,堆積岩
-1260000,130000,-2250,その他
-1260000,140000,-2250,堆積岩
-1260000,150000,-2250,堆積岩
-1260000,160000,-2250,堆積岩
-1260000,170000,-2250,堆積岩
-1260000,180000,-2250,堆積岩
-1260000,190000,-2250,付加体
-1260000,200000,-2250,付加体
-1260000,210000,-2250,火成岩
-1260000,220000,-2250,堆積岩
-1260000,230000,-2250,火成岩
-1260000,240000,-2250,火成岩
-1260000,250000,-2250,堆積岩
-1260000,260000,-2250,変成岩
-1260000,270000,-2250,火成岩
-1260000,280000,-2250,堆積岩
-1260000,290000,-2250,堆積岩
-1250000,80000,-2250,付加体
-1250000,110000,-2250,堆積岩
-1250000,120000,-2250,堆積岩
-1250000,130000,-2250,堆積岩
-1250000,140000,-2250,堆積岩
-1250000,150000,-2250,堆積岩
-1250000,160000,-2250,堆積岩
-1250000,170000,-2250,付加体
-1250000,180000,-2250,堆積岩
-1250000,190000,-2250,火成岩
-1250000,200000,-2250,付加体
-1250000,210000,-2250,付加体
-1250000,220000,-2250,火成岩
-1250000,230000,-2250,火成岩
-1250000,240000,-2250,堆積岩
-1250000,250000,-2250,火成岩
-1250000,260000,-2250,変成岩
-1250000,270000,-2250,火成岩
-1250000,280000,-2250,火成岩
-1250000,290000,-2250,堆積岩
-1250000,300000,-2250,その他
-1240000,80000,-2250,堆積岩
-1240000,100000,-2250,火成岩
-1240000,110000,-2250,堆積岩
-1240000,120000,-2250,堆積岩
-1240000,130000,-2250,堆積岩
-1240000,140000,-2250,堆積岩
-1240000,150000,-2250,堆積岩
-1240000,160000,-2250,堆積岩
-1240000,170000,-2250,堆積岩
-1240000,180000,-2250,付加体
-1240000,190000,-2250,付加体
-1240000,200000,-2250,付加体
-1240000,210000,-2250,付加体
-1240000,220000,-2250,火成岩
-1240000,230000,-2250,堆積岩
-1240000,240000,-2250,火成岩
-1240000,250000,-2250,火成岩
-1240000,260000,-2250,火成岩
-1240000,270000,-2250,火成岩
-1240000,280000,-2250,火成岩
-1240000,290000,-2250,堆積岩
-1240000,300000,-2250,堆積岩
-1240000,310000,-2250,堆積岩
-1230000,90000,-2250,その他
-1230000,100000,-2250,火成岩
-1230000,110000,-2250,変成岩
-1230000,120000,-2250,火成岩
-1230000,130000,-2250,堆積岩
-1230000,140000,-2250,火成岩
-1230000,150000,-2250,付加体
-1230000,160000,-2250,付加体
-1230000,170000,-2250,付加体
-1230000,180000,-2250,付加体
-1230000,190000,-2250,付加体
-1230000,200000,-2250,堆積岩
-1230000,210000,-2250,火成岩
-1230000,220000,-2250,火成岩
-1230000,230000,-2250,火成岩
-1230000,240000,-2250,火成岩
-1230000,250000,-2250,堆積岩
-1230000,260000,-2250,火成岩
-1230000,270000,-2250,火成岩
-1230000,280000,-2250,堆積岩
-1230000,290000,-2250,堆積岩
-1230000,300000,-2250,堆積岩
-1230000,310000,-2250,堆積岩
-1230000,320000,-2250,堆積岩
-1230000,330000,-2250,堆積岩
-1230000,340000,-2250,堆積岩
-1230000,350000,-2250,堆積岩
-1230000,360000,-2250,堆積岩
-1220000,90000,-2250,堆積岩
-1220000,100000,-2250,堆積岩
-1220000,110000,-2250,変成岩
-1220000,120000,-2250,火成岩
-1220000,130000,-2250,火成岩
-1220000,140000,-2250,火成岩
-1220000,150000,-2250,付加体
-1220000,160000,-2250,堆積岩
-1220000,170000,-2250,付加体
-1220000,180000,-2250,火成岩
-1220000,190000,-2250,堆積岩
-1220000,200000,-2250,堆積岩
-1220000,210000,-2250,火成岩
-1220000,220000,-2250,火成岩
-1220000,230000,-2250,火成岩
-1220000,240000,-2250,火成岩
-1220000,250000,-2250,堆積岩
-1220000,260000,-2250,火成岩
-1220000,270000,-2250,火成岩
-1220000,280000,-2250,火成岩
-1220000,290000,-2250,堆積岩
-1220000,300000,-2250,堆積岩
-1220000,310000,-2250,堆積岩
-1220000,320000,-2250,堆積岩
-1220000,330000,-2250,堆積岩
-1220000,350000,-2250,火成岩
-1220000,360000,-2250,堆積岩
-1220000,370000,-2250,堆積岩
-1210000,90000,-2250,堆積岩
-1210000,100000,-2250,変成岩
-1210000,110000,-2250,火成岩
-1210000,120000,-2250,変成岩
-1210000,130000,-2250,変成岩
-1210000,140000,-2250,火成岩
-1210000,150000,-2250,火成岩
-1210000,160000,-2250,堆積岩
-1210000,170000,-2250,火成岩
-1210000,180000,-2250,火成岩
-1210000,190000,-2250,火成岩
-1210000,200000,-2250,火成岩
-1210000,210000,-2250,火成岩
-1210000,220000,-2250,火成岩
-1210000,230000,-2250,火成岩
-1210000,240000,-2250,火成岩
-1210000,250000,-2250,火成岩
-1210000,260000,-2250,変成岩
-1210000,270000,-2250,変成岩
-1210000,280000,-2250,堆積岩
-1210000,290000,-2250,堆積岩
-1210000,300000,-2250,堆積岩
-1210000,330000,-2250,堆積岩
-1210000,360000,-2250,火成岩
-1210000,370000,-2250,堆積岩
-1200000,80000,-2250,堆積岩
-1200000,90000,-2250,堆積岩
-1200000,100000,-2250,変成岩
-1200000,110000,-2250,変成岩
-1200000,120000,-2250,火成岩
-1200000,130000,-2250,変成岩
-1200000,140000,-2250,火成岩
-1200000,150000,-2250,火成岩
-1200000,160000,-2250,火成岩
-1200000,170000,-2250,火成岩
-1200000,180000,-2250,火成岩
-1200000,190000,-2250,火成岩
-1200000,200000,-2250,火成岩
-1200000,210000,-2250,火成岩
-1200000,220000,-2250,火成岩
-1200000,230000,-2250,火成岩
-1200000,240000,-2250,火成岩
-1200000,250000,-2250,火成岩
-1200000,260000,-2250,変成岩
-1200000,270000,-2250,火成岩
-1200000,280000,-2250,堆積岩
-1200000,290000,-2250,堆積岩
-1200000,300000,-2250,堆積岩
-1200000,360000,-2250,火成岩
-1200000,370000,-2250,火成岩
-1190000,80000,-2250,堆積岩
-1190000,90000,-2250,堆積岩
-1190000,100000,-2250,変成岩
-1190000,110000,-2250,火成岩
-1190000,120000,-2250,火成岩
-1190000,130000,-2250,堆積岩
-1190000,140000,-2250,火成岩
-1190000,150000,-2250,火成岩
-1190000,160000,-2250,火成岩
-1190000,170000,-2250,堆積岩
-1190000,180000,-2250,火成岩
-1190000,190000,-2250,火成岩
-1190000,200000,-2250,火成岩
-1190000,210000,-2250,火成岩
-1190000,220000,-2250,火成岩
-1190000,230000,-2250,火成岩
-1190000,240000,-2250,火成岩
-1190000,250000,-2250,火成岩
-1190000,260000,-2250,火成岩
-1190000,270000,-2250,火成岩
-1190000,280000,-2250,火成岩
-1190000,290000,-2250,堆積岩
-1190000,360000,-2250,火成岩
-1190000,370000,-2250,火成岩
-1180000,80000,-2250,堆積岩
-1180000,90000,-2250,堆積岩
-1180000,100000,-2250,変成岩
-1180000,110000,-2250,変成岩
-1180000,120000,-2250,堆積岩
-1180000,130000,-2250,火成岩
-1180000,140000,-2250,堆積岩
-1180000,150000,-2250,火成岩
-1180000,160000,-2250,火成岩
-1180000,170000,-2250,火成岩
-1180000,180000,-2250,堆積岩
-1180000,190000,-2250,堆積岩
-1180000,200000,-2250,火成岩
-1180000,210000,-2250,堆積岩
-1180000,220000,-2250,付加体
-1180000,230000,-2250,火成岩
-1180000,240000,-2250,火成岩
-1180000,250000,-2250,火成岩
-1180000,260000,-2250,堆積岩
-1180000,270000,-2250,火成岩
-1180000,280000,-2250,堆積岩
-1180000,290000,-2250,堆積岩
-1180000,300000,-2250,堆積岩
-1180000,370000,-2250,堆積岩
-1170000,80000,-2250,堆積岩
-1170000,90000,-2250,堆積岩
-1170000,100000,-2250,付加体
-1170000,110000,-2250,変成岩
-1170000,120000,-2250,変成岩
-1170000,130000,-2250,変成岩
-1170000,140000,-2250,火成岩
-1170000,150000,-2250,火成岩
-1170000,160000,-2250,堆積岩
-1170000,170000,-2250,火成岩
-1170000,180000,-2250,火成岩
-1170000,190000,-2250,堆積岩
-1170000,200000,-2250,付加体
-1170000,210000,-2250,堆積岩
-1170000,220000,-2250,付加体
-1170000,230000,-2250,堆積岩
-1170000,240000,-2250,火成岩
-1170000,250000,-2250,火成岩
-1170000,260000,-2250,火成岩
-1170000,270000,-2250,火成岩
-1170000,280000,-2250,火成岩
-1170000,290000,-2250,火成岩
-1170000,300000,-2250,堆積岩
-1170000,310000,-2250,堆積岩
-1170000,370000,-2250,堆積岩
-1160000,70000,-2250,堆積岩
-1160000,80000,-2250,堆積岩
-1160000,90000,-2250,付加体
-1160000,100000,-2250,付加体
-1160000,110000,-2250,付加体
-1160000,120000,-2250,付加体
-1160000,130000,-2250,堆積岩
-1160000,140000,-2250,火成岩
-1160000,150000,-2250,火成岩
-1160000,160000,-2250,堆積岩
-1160000,170000,-2250,火成岩
-1160000,180000,-2250,火成岩
-1160000,190000,-2250,火成岩
-1160000,200000,-2250,変成岩
-1160000,210000,-2250,付加体
-1160000,220000,-2250,付加体
-1160000,230000,-2250,付加体
-1160000,240000,-2250,付加体
-1160000,250000,-2250,付加体
-1160000,260000,-2250,火成岩
-1160000,270000,-2250,火成岩
-1160000,280000,-2250,火成岩
-1160000,290000,-2250,火成岩
-1160000,300000,-2250,火成岩
-1160000,310000,-2250,堆積岩
-1150000,70000,-2250,堆積岩
-1150000,80000,-2250,堆積岩
-1150000,90000,-2250,付加体
-1150000,100000,-2250,付加体
-1150000,110000,-2250,付加体
-1150000,120000,-2250,付加体
-1150000,130000,-2250,付加体
-1150000,140000,-2250,付加体
-1150000,150000,-2250,火成岩
-1150000,160000,-2250,火成岩
-1150000,170000,-2250,堆積岩
-1150000,180000,-2250,堆積岩
-1150000,190000,-2250,火成岩
-1150000,200000,-2250,変成岩
-1150000,210000,-2250,変成岩
-1150000,220000,-2250,変成岩
-1150000,230000,-2250,付加体
-1150000,240000,-2250,付加体
-1150000,250000,-2250,火成岩
-1150000,260000,-2250,火成岩
-1150000,270000,-2250,火成岩
-1150000,280000,-2250,火成岩
-1150000,290000,-2250,火成岩
-1150000,300000,-2250,堆積岩
-1150000,310000,-2250,堆積岩
-1140000,80000,-2250,堆積岩
-1140000,90000,-2250,付加体
-1140000,100000,-2250,付加体
-1140000,110000,-2250,付加体
-1140000,120000,-2250,付加体
-1140000,130000,-2250,付加体
-1140000,140000,-2250,付加体
-1140000,150000,-2250,付加体
-1140000,160000,-2250,変成岩
-1140000,170000,-2250,火成岩
-1140000,180000,-2250,火成岩
-1140000,190000,-2250,変成岩
-1140000,200000,-2250,堆積岩
-1140000,210000,-2250,堆積岩
-1140000,220000,-2250,堆積岩
-1140000,230000,-2250,堆積岩
-1140000,240000,-2250,堆積岩
-1140000,250000,-2250,堆積岩
-1140000,260000,-2250,堆積岩
-1140000,270000,-2250,堆積岩
-1140000,280000,-2250,堆積岩
-1140000,290000,-2250,堆積岩
-1140000,300000,-2250,火成岩
-1140000,310000,-2250,堆積岩
-1130000,80000,-2250,堆積岩
-1130000,90000,-2250,堆積岩
-1130000,100000,-2250,付加体
-1130000,110000,-2250,付加体
-1130000,120000,-2250,付加体
-1130000,130000,-2250,付加体
-1130000,140000,-2250,付加体
-1130000,150000,-2250,付加体
-1130000,160000,-2250,付加体
-1130000,170000,-2250,付加体
-1130000,180000,-2250,変成岩
-1130000,190000,-2250,変成岩
-1130000,200000,-2250,変成岩
-1130000,210000,-2250,堆積岩
-1130000,220000,-2250,変成岩
-1130000,230000,-2250,堆積岩
-1130000,240000,-2250,堆積岩
-1130000,250000,-2250,堆積岩
-1130000,260000,-2250,火成岩
-1130000,270000,-2250,堆積岩
-1130000,280000,-2250,堆積岩
-1130000,290000,-2250,堆積岩
-1130000,300000,-2250,火成岩
-1130000,310000,-2250,堆積岩
-1120000,100000,-2250,付加体
-1120000,110000,-2250,堆積岩
-1120000,120000,-2250,付加体
-1120000,130000,-2250,付加体
-1120000,140000,-2250,付加体
-1120000,150000,-2250,付加体
-1120000,160000,-2250,付加体
-1120000,170000,-2250,付加体
-1120000,180000,-2250,火成岩
-1120000,190000,-2250,付加体
-1120000,200000,-2250,火成岩
-1120000,210000,-2250,火成岩
-1120000,220000,-2250,火成岩
-1120000,230000,-2250,火成岩
-1120000,240000,-2250,堆積岩
-1120000,250000,-2250,堆積岩
-1120000,260000,-2250,堆積岩
-1120000,270000,-2250,堆積岩
-1120000,280000,-2250,火成岩
-1120000,290000,-2250,堆積岩
-1120000,300000,-2250,火成岩
-1120000,310000,-2250,堆積岩
-1120000,320000,-2250,堆積岩
-1110000,100000,-2250,堆積岩
-1110000,110000,-2250,堆積岩
-1110000,120000,-2250,火成岩
-1110000,130000,-2250,付加体
-1110000,140000,-2250,火成岩
-1110000,150000,-2250,付加体
-1110000,160000,-2250,付加体
-1110000,170000,-2250,付加体
-1110000,180000,-2250,堆積岩
-1110000,190000,-2250,火成岩
-1110000,200000,-2250,火成岩
-1110000,210000,-2250,火成岩
-1110000,220000,-2250,火成岩
-1110000,230000,-2250,火成岩
-1110000,240000,-2250,堆積岩
-1110000,250000,-2250,堆積岩
-1110000,260000,-2250,堆積岩
-1110000,270000,-2250,堆積岩
-1110000,280000,-2250,火成岩
-1110000,290000,-2250,火成岩
-1110000,300000,-2250,火成岩
-1110000,310000,-2250,堆積岩
-1110000,320000,-2250,堆積岩
-1100000,110000,-2250,火成岩
-1100000,120000,-2250,堆積岩
-1100000,130000,-2250,堆積岩
-1100000,140000,-2250,付加体
-1100000,150000,-2250,付加体
-1100000,160000,-2250,堆積岩
-1100000,170000,-2250,堆積岩
-1100000,180000,-2250,堆積岩
-1100000,190000,-2250,堆積岩
-1100000,200000,-2250,火成岩
-1100000,210000,-2250,火成岩
-1100000,220000,-2250,火成岩
-1100000,230000,-2250,堆積岩
-1100000,240000,-2250,火成岩
-1100000,250000,-2250,堆積岩
-1100000,260000,-2250,火成岩
-1100000,270000,-2250,堆積岩
-1100000,280000,-2250,火成岩
-1100000,290000,-2250,堆積岩
-1100000,300000,-2250,火成岩
-1100000,310000,-2250,堆積岩
-1100000,320000,-2250,堆積岩
-1090000,110000,-2250,堆積岩
-1090000,120000,-2250,火成岩
-1090000,130000,-2250,火成岩
-1090000,140000,-2250,火成岩
-1090000,150000,-2250,付加体
-1090000,160000,-2250,堆積岩
-1090000,170000,-2250,火成岩
-1090000,180000,-2250,火成岩
-1090000,190000,-2250,火成岩
-1090000,200000,-2250,火成岩
-1090000,210000,-2250,付加体
-1090000,220000,-2250,堆積岩
-1090000,230000,-2250,火成岩
-1090000,240000,-2250,火成岩
-1090000,250000,-2250,火成岩
-1090000,260000,-2250,火成岩
-1090000,270000,-2250,火成岩
-1090000,280000,-2250,堆積岩
-1090000,290000,-2250,火成岩
-1090000,300000,-2250,堆積岩
-1090000,310000,-2250,堆積岩
-1090000,320000,-2250,堆積岩
-1090000,330000,-2250,堆積岩
-1080000,60000,-2250,火成岩
-1080000,70000,-2250,火成岩
-1080000,80000,-2250,火成岩
-1080000,90000,-2250,火成岩
-1080000,110000,-2250,火成岩
-1080000,120000,-2250,火成岩
-1080000,130000,-2250,火成岩
-1080000,140000,-2250,火成岩
-1080000,150000,-2250,堆積岩
-1080000,160000,-2250,堆積岩
-1080000,170000,-2250,火成岩
-1080000,180000,-2250,火成岩
-1080000,190000,-2250,付加体
-1080000,200000,-2250,付加体
-1080000,210000,-2250,堆積岩
-1080000,220000,-2250,堆積岩
-1080000,230000,-2250,火成岩
-1080000,240000,-2250,火成岩
-1080000,250000,-2250,火成岩
-1080000,260000,-2250,火成岩
-1080000,270000,-2250,火成岩
-1080000,280000,-2250,堆積岩
-1080000,290000,-2250,火成岩
-1080000,300000,-2250,火成岩
-1080000,310000,-2250,堆積岩
-1080000,320000,-2250,堆積岩
-1080000,330000,-2250,堆積岩
-1070000,60000,-2250,火成岩
-1070000,70000,-2250,火成岩
-1070000,80000,-2250,堆積岩
-1070000,90000,-2250,火成岩
-1070000,100000,-2250,堆積岩
-1070000,110000,-2250,火成岩
-1070000,120000,-2250,火成岩
-1070000,130000,-2250,堆積岩
-1070000,140000,-2250,堆積岩
-1070000,150000,-2250,付加体
-1070000,160000,-2250,火成岩
-1070000,170000,-2250,火成岩
-1070000,180000,-2250,火成岩
-1070000,190000,-2250,付加体
-1070000,200000,-2250,付加体
-1070000,210000,-2250,付加体
-1070000,220000,-2250,火成岩
-1070000,230000,-2250,堆積岩
-1070000,240000,-2250,火成岩
-1070000,250000,-2250,火成岩
-1070000,260000,-2250,火成岩
-1070000,270000,-2250,火成岩
-1070000,280000,-2250,火成岩
-1070000,290000,-2250,火成岩
-1070000,300000,-2250,堆積岩
-1070000,310000,-2250,堆積岩
-1070000,320000,-2250,堆積岩
-1070000,330000,-2250,堆積岩
-1060000,70000,-2250,火成岩
-1060000,80000,-2250,火成岩
-1060000,90000,-2250,堆積岩
-1060000,100000,-2250,火成岩
-1060000,110000,-2250,火成岩
-1060000,120000,-2250,火成岩
-1060000,130000,-2250,付加体
-1060000,140000,-2250,付加体
-1060000,150000,-2250,火成岩
-1060000,160000,-2250,火成岩
-1060000,170000,-2250,付加体
-1060000,180000,-2250,付加体
-1060000,190000,-2250,付加体
-1060000,200000,-2250,付加体
-1060000,210000,-2250,付加体
-1060000,220000,-2250,付加体
-1060000,230000,-2250,火成岩
-1060000,240000,-2250,火成岩
-1060000,250000,-2250,火成岩
-1060000,260000,-2250,火成岩
-1060000,270000,-2250,火成岩
-1060000,280000,-2250,火成岩
-1060000,290000,-2250,火成岩
-1060000,300000,-2250,堆積岩
-1060000,310000,-2250,堆積岩
-1060000,320000,-2250,堆積岩
-1060000,330000,-2250,堆積岩
-1060000,340000,-2250,堆積岩
-1050000,20000,-2250,火成岩
-1050000,80000,-2250,火成岩
-1050000,100000,-2250,火成岩
-1050000,110000,-2250,火成岩
-1050000,120000,-2250,火成岩
-1050000,130000,-2250,付加体
-1050000,140000,-2250,火成岩
-1050000,150000,-2250,付加体
-1050000,160000,-2250,付加体
-1050000,170000,-2250,付加体
-1050000,180000,-2250,付加体
-1050000,190000,-2250,付加体
-1050000,200000,-2250,付加体
-1050000,210000,-2250,変成岩
-1050000,220000,-2250,堆積岩
-1050000,230000,-2250,堆積岩
-1050000,240000,-2250,火成岩
-1050000,250000,-2250,火成岩
-1050000,260000,-2250,堆積岩
-1050000,270000,-2250,堆積岩
-1050000,280000,-2250,火成岩
-1050000,290000,-2250,火成岩
-1050000,300000,-2250,堆積岩
-1050000,310000,-2250,堆積岩
-1050000,320000,-2250,堆積岩
-1050000,330000,-2250,堆積岩
-1050000,340000,-2250,堆積岩
-1050000,350000,-2250,堆積岩
-1040000,120000,-2250,堆積岩
-1040000,130000,-2250,付加体
-1040000,140000,-2250,付加体
-1040000,150000,-2250,堆積岩
-1040000,160000,-2250,付加体
-1040000,170000,-2250,付加体
-1040000,180000,-2250,付加体
-1040000,190000,-2250,堆積岩
-1040000,200000,-2250,付加体
-1040000,210000,-2250,変成岩
-1040000,220000,-2250,堆積岩
-1040000,230000,-2250,火成岩
-1040000,240000,-2250,火成岩
-1040000,250000,-2250,火成岩
-1040000,260000,-2250,火成岩
-1040000,270000,-2250,火成岩
-1040000,280000,-2250,堆積岩
-1040000,290000,-2250,堆積岩
-1040000,300000,-2250,堆積岩
-1040000,310000,-2250,堆積岩
-1040000,320000,-2250,堆積岩
-1040000,330000,-2250,堆積岩
-1040000,340000,-2250,堆積岩
-1040000,350000,-2250,堆積岩
-1040000,360000,-2250,堆積岩
-1030000,60000,-2250,火成岩
-1030000,120000,-2250,堆積岩
-1030000,130000,-2250,付加体
-1030000,140000,-2250,火成岩
-1030000,150000,-2250,付加体
-1030000,160000,-2250,付加体
-1030000,170000,-2250,付加体
-1030000,180000,-2250,付加体
-1030000,190000,-2250,変成岩
-1030000,200000,-2250,変成岩
-1030000,210000,-2250,堆積岩
-1030000,220000,-2250,堆積岩
-1030000,230000,-2250,火成岩
-1030000,240000,-2250,火成岩
-1030000,250000,-2250,堆積岩
-1030000,260000,-2250,堆積岩
-1030000,270000,-2250,火成岩
-1030000,280000,-2250,火成岩
-1030000,290000,-2250,火成岩
-1030000,300000,-2250,火成岩
-1030000,310000,-2250,堆積岩
-1030000,320000,-2250,堆積岩
-1030000,330000,-2250,堆積岩
-1030000,340000,-2250,堆積岩
-1030000,350000,-2250,堆積岩
-1030000,360000,-2250,堆積岩
-1030000,370000,-2250,火成岩
-1020000,120000,-2250,堆積岩
-1020000,130000,-2250,堆積岩
-1020000,140000,-2250,堆積岩
-1020000,150000,-2250,堆積岩
-1020000,160000,-2250,堆積岩
-1020000,170000,-2250,堆積岩
-1020000,180000,-2250,付加体
-1020000,190000,-2250,変成岩
-1020000,200000,-2250,堆積岩
-1020000,210000,-2250,堆積岩
-1020000,220000,-2250,堆積岩
-1020000,230000,-2250,火成岩
-1020000,240000,-2250,火成岩
-1020000,250000,-2250,火成岩
-1020000,260000,-2250,火成岩
-1020000,270000,-2250,火成岩
-1020000,280000,-2250,火成岩
-1020000,290000,-2250,火成岩
-1020000,300000,-2250,火成岩
-1020000,310000,-2250,堆積岩
-1020000,320000,-2250,付加体
-1020000,330000,-2250,火成岩
-1020000,340000,-2250,堆積岩
-1020000,350000,-2250,堆積岩
-1020000,360000,-2250,堆積岩
-1020000,370000,-2250,堆積岩
-1020000,380000,-2250,堆積岩
-1010000,120000,-2250,堆積岩
-1010000,130000,-2250,堆積岩
-1010000,140000,-2250,堆積岩
-1010000,150000,-2250,堆積岩
-1010000,160000,-2250,堆積岩
-1010000,170000,-2250,堆積岩
-1010000,180000,-2250,堆積岩
-1010000,190000,-2250,堆積岩
-1010000,200000,-2250,堆積岩
-1010000,210000,-2250,堆積岩
-1010000,220000,-2250,堆積岩
-1010000,230000,-2250,堆積岩
-1010000,240000,-2250,火成岩
-1010000,250000,-2250,火成岩
-1010000,260000,-2250,火成岩
-1010000,270000,-2250,火成岩
-1010000,280000,-2250,火成岩
-1010000,290000,-2250,堆積岩
-1010000,300000,-2250,火成岩
-1010000,310000,-2250,火成岩
-1010000,320000,-2250,火成岩
-1010000,330000,-2250,火成岩
-1010000,340000,-2250,火成岩
-1010000,350000,-2250,堆積岩
-1010000,360000,-2250,堆積岩
-1010000,370000,-2250,堆積岩
-1010000,380000,-2250,堆積岩
-1010000,390000,-2250,堆積岩
-1000000,110000,-2250,堆積岩
-1000000,120000,-2250,堆積岩
-1000000,130000,-2250,堆積岩
-1000000,140000,-2250,堆積岩
-1000000,150000,-2250,堆積岩
-1000000,160000,-2250,堆積岩
-1000000,170000,-2250,堆積岩
-1000000,180000,-2250,堆積岩
-1000000,190000,-2250,堆積岩
-1000000,200000,-2250,堆積岩
-1000000,210000,-2250,堆積岩
-1000000,220000,-2250,堆積岩
-1000000,230000,-2250,付加体
-1000000,240000,-2250,付加体
-1000000,250000,-2250,付加体
-1000000,260000,-2250,火成岩
-1000000,270000,-2250,火成岩
-1000000,280000,-2250,火成岩
-1000000,290000,-2250,火成岩
-1000000,300000,-2250,火成岩
-1000000,310000,-2250,堆積岩
-1000000,320000,-2250,付加体
-1000000,330000,-2250,堆積岩
-1000000,340000,-2250,火成岩
-1000000,350000,-2250,堆積岩
-1000000,360000,-2250,堆積岩
-1000000,370000,-2250,堆積岩
-1000000,380000,-2250,堆積岩
-1000000,390000,-2250,堆積岩
-990000,100000,-2250,堆積岩
-990000,120000,-2250,その他
-990000,130000,-2250,堆積岩
-990000,140000,-2250,堆積岩
-990000,150000,-2250,堆積岩
-990000,160000,-2250,堆積岩
-990000,170000,-2250,堆積岩
-990000,180000,-2250,堆積岩
-990000,190000,-2250,堆積岩
-990000,200000,-2250,堆積岩
-990000,210000,-2250,堆積岩
-990000,220000,-2250,付加体
-990000,230000,-2250,付加体
-990000,240000,-2250,付加体
-990000,250000,-2250,付加体
-990000,260000,-2250,火成岩
-990000,270000,-2250,火成岩
-990000,280000,-2250,火成岩
-990000,290000,-2250,付加体
-990000,300000,-2250,付加体
-990000,310000,-2250,付加体
-990000,320000,-2250,火成岩
-990000,330000,-2250,火成岩
-990000,340000,-2250,火成岩
-990000,350000,-2250,火成岩
-990000,360000,-2250,堆積岩
-990000,370000,-2250,堆積岩
-990000,380000,-2250,堆積岩
-990000,390000,-2250,堆積岩
-980000,70000,-2250,堆積岩
-980000,80000,-2250,堆積岩
-980000,130000,-2250,その他
-980000,140000,-2250,その他
-980000,150000,-2250,堆積岩
-980000,160000,-2250,堆積岩
-980000,170000,-2250,堆積岩
-980000,180000,-2250,堆積岩
-980000,190000,-2250,堆積岩
-980000,200000,-2250,堆積岩
-980000,210000,-2250,堆積岩
-980000,220000,-2250,付加体
-980000,230000,-2250,付加体
-980000,240000,-2250,付加体
-980000,250000,-2250,付加体
-980000,260000,-2250,火成岩
-980000,270000,-2250,火成岩
-980000,280000,-2250,付加体
-980000,290000,-2250,火成岩
-980000,300000,-2250,火成岩
-980000,310000,-2250,堆積岩
-980000,320000,-2250,火成岩
-980000,330000,-2250,堆積岩
-980000,340000,-2250,火成岩
-980000,350000,-2250,堆積岩
-980000,360000,-2250,火成岩
-980000,370000,-2250,火成岩
-980000,380000,-2250,堆積岩
-980000,390000,-2250,堆積岩
-970000,70000,-2250,堆積岩
-970000,80000,-2250,付加体
-970000,90000,-2250,堆積岩
-970000,100000,-2250,堆積岩
-970000,110000,-2250,堆積岩
-970000,150000,-2250,堆積岩
-970000,160000,-2250,堆積岩
-970000,170000,-2250,堆積岩
-970000,180000,-2250,堆積岩
-970000,190000,-2250,堆積岩
-970000,200000,-2250,堆積岩
-970000,210000,-2250,堆積岩
-970000,220000,-2250,堆積岩
-970000,230000,-2250,堆積岩
-970000,240000,-2250,付加体
-970000,250000,-2250,付加体
-970000,260000,-2250,火成岩
-970000,270000,-2250,火成岩
-970000,280000,-2250,付加体
-970000,290000,-2250,火成岩
-970000,300000,-2250,堆積岩
-970000,310000,-2250,火成岩
-970000,320000,-2250,火成岩
-970000,330000,-2250,火成岩
-970000,340000,-2250,火成岩
-970000,350000,-2250,火成岩
-970000,360000,-2250,火成岩
-970000,370000,-2250,火成岩
-970000,380000,-2250,火成岩
-970000,390000,-2250,堆積岩
-970000,400000,-2250,堆積岩
-960000,80000,-2250,付加体
-960000,90000,-2250,堆積岩
-960000,100000,-2250,堆積岩
-960000,110000,-2250,堆積岩
-960000,120000,-2250,その他
-960000,150000,-2250,堆積岩
-960000,160000,-2250,堆積岩
-960000,170000,-2250,堆積岩
-960000,180000,-2250,堆積岩
-960000,190000,-2250,堆積岩
-960000,200000,-2250,堆積岩
-960000,210000,-2250,堆積岩
-960000,220000,-2250,堆積岩
-960000,230000,-2250,堆積岩
-960000,240000,-2250,堆積岩
-960000,250000,-2250,堆積岩
-960000,260000,-2250,堆積岩
-960000,270000,-2250,火成岩
-960000,280000,-2250,火成岩
-960000,290000,-2250,火成岩
-960000,300000,-2250,堆積岩
-960000,310000,-2250,火成岩
-960000,320000,-2250,火成岩
-960000,330000,-2250,火成岩
-960000,340000,-2250,火成岩
-960000,350000,-2250,火成岩
-960000,360000,-2250,火成岩
-960000,370000,-2250,火成岩
-960000,380000,-2250,付加体
-960000,390000,-2250,付加体
-960000,400000,-2250,堆積岩
-960000,410000,-2250,堆積岩
-960000,420000,-2250,火成岩
-960000,430000,-2250,火成岩
-950000,90000,-2250,堆積岩
-950000,100000,-2250,堆積岩
-950000,110000,-2250,堆積岩
-950000,120000,-2250,堆積岩
-950000,140000,-2250,その他
-950000,150000,-2250,堆積岩
-950000,160000,-2250,堆積岩
-950000,170000,-2250,堆積岩
-950000,180000,-2250,堆積岩
-950000,190000,-2250,堆積岩
-950000,200000,-2250,堆積岩
-950000,210000,-2250,堆積岩
-950000,220000,-2250,堆積岩
-950000,230000,-2250,堆積岩
-950000,240000,-2250,堆積岩
-950000,250000,-2250,堆積岩
-950000,260000,-2250,堆積岩
-950000,270000,-2250,火成岩
-950000,280000,-2250,火成岩
-950000,290000,-2250,火成岩
-950000,300000,-2250,堆積岩
-950000,310000,-2250,堆積岩
-950000,320000,-2250,火成岩
-950000,330000,-2250,火成岩
-950000,340000,-2250,火成岩
-950000,350000,-2250,火成岩
-950000,360000,-2250,付加体
-950000,370000,-2250,火成岩
-950000,380000,-2250,火成岩
-950000,390000,-2250,火成岩
-950000,400000,-2250,火成岩
-950000,410000,-2250,堆積岩
-950000,420000,-2250,堆積岩
-950000,430000,-2250,火成岩
-950000,440000,-2250,火成岩
-950000,450000,-2250,堆積岩
-940000,90000,-2250,堆積岩
-940000,100000,-2250,堆積岩
-940000,110000,-2250,堆積岩
-940000,120000,-2250,堆積岩
-940000,130000,-2250,堆積岩
-940000,140000,-2250,堆積岩
-940000,150000,-2250,堆積岩
-940000,160000,-2250,堆積岩
-940000,170000,-2250,堆積岩
-940000,180000,-2250,堆積岩
-940000,190000,-2250,堆積岩
-940000,200000,-2250,堆積岩
-940000,210000,-2250,堆積岩
-940000,220000,-2250,堆積岩
-940000,230000,-2250,堆積岩
-940000,240000,-2250,堆積岩
-940000,250000,-2250,堆積岩
-940000,260000,-2250,堆積岩
-940000,270000,-2250,堆積岩
-940000,280000,-2250,堆積岩
-940000,290000,-2250,火成岩
-940000,300000,-2250,火成岩
-940000,310000,-2250,堆積岩
-940000,320000,-2250,火成岩
-940000,330000,-2250,堆積岩
-940000,340000,-2250,堆積岩
-940000,350000,-2250,堆積岩
-940000,360000,-2250,堆積岩
-940000,370000,-2250,火成岩
-940000,380000,-2250,火成岩
-940000,390000,-2250,火成岩
-940000,400000,-2250,堆積岩
-940000,410000,-2250,堆積岩
-940000,420000,-2250,火成岩
-940000,430000,-2250,火成岩
-940000,440000,-2250,火成岩
-940000,450000,-2250,火成岩
-940000,460000,-2250,堆積岩
-930000,90000,-2250,堆積岩
-930000,100000,-2250,堆積岩
-930000,110000,-2250,堆積岩
-930000,120000,-2250,堆積岩
-930000,130000,-2250,堆積岩
-930000,140000,-2250,堆積岩
-930000,150000,-2250,堆積岩
-930000,160000,-2250,堆積岩
-930000,170000,-2250,堆積岩
-930000,180000,-2250,堆積岩
-930000,190000,-2250,堆積岩
-930000,200000,-2250,堆積岩
-930000,210000,-2250,堆積岩
-930000,220000,-2250,付加体
-930000,230000,-2250,火成岩
-930000,240000,-2250,堆積岩
-930000,250000,-2250,堆積岩
-930000,260000,-2250,堆積岩
-930000,270000,-2250,堆積岩
-930000,280000,-2250,堆積岩
-930000,290000,-2250,火成岩
-930000,300000,-2250,火成岩
-930000,310000,-2250,堆積岩
-930000,320000,-2250,火成岩
-930000,330000,-2250,火成岩
-930000,340000,-2250,火成岩
-930000,350000,-2250,堆積岩
-930000,360000,-2250,火成岩
-930000,370000,-2250,堆積岩
-930000,380000,-2250,堆積岩
-930000,390000,-2250,火成岩
-930000,400000,-2250,堆積岩
-930000,410000,-2250,火成岩
-930000,420000,-2250,変成岩
-930000,430000,-2250,火成岩
-930000,440000,-2250,火成岩
-930000,450000,-2250,火成岩
-930000,460000,-2250,火成岩
-920000,120000,-2250,堆積岩
-920000,130000,-2250,堆積岩
-920000,140000,-2250,堆積岩
-920000,150000,-2250,堆積岩
-920000,160000,-2250,堆積岩
-920000,170000,-2250,堆積岩
-920000,180000,-2250,堆積岩
-920000,190000,-2250,堆積岩
-920000,200000,-2250,堆積岩
-920000,210000,-2250,火成岩
-920000,220000,-2250,付加体
-920000,230000,-2250,火成岩
-920000,240000,-2250,付加体
-920000,250000,-2250,付加体
-920000,260000,-2250,火成岩
-920000,270000,-2250,堆積岩
-920000,280000,-2250,火成岩
-920000,290000,-2250,火成岩
-920000,300000,-2250,火成岩
-920000,310000,-2250,火成岩
-920000,320000,-2250,火成岩
-920000,330000,-2250,堆積岩
-920000,340000,-2250,火成岩
-920000,350000,-2250,堆積岩
-920000,360000,-2250,火成岩
-920000,370000,-2250,堆積岩
-920000,380000,-2250,堆積岩
-920000,390000,-2250,堆積岩
-920000,400000,-2250,火成岩
-920000,410000,-2250,火成岩
-920000,420000,-2250,火成岩
-920000,430000,-2250,火成岩
-920000,440000,-2250,火成岩
-920000,450000,-2250,堆積岩
-920000,460000,-2250,堆積岩
-920000,470000,-2250,堆積岩
-920000,480000,-2250,堆積岩
-910000,130000,-2250,堆積岩
-910000,140000,-2250,堆積岩
-910000,150000,-2250,堆積岩
-910000,160000,-2250,堆積岩
-910000,170000,-2250,堆積岩
-910000,180000,-2250,堆積岩
-910000,190000,-2250,堆積岩
-910000,200000,-2250,堆積岩
-910000,210000,-2250,堆積岩
-910000,220000,-2250,堆積岩
-910000,230000,-2250,堆積岩
-910000,240000,-2250,付加体
-910000,250000,-2250,付加体
-910000,260000,-2250,付加体
-910000,270000,-2250,付加体
-910000,280000,-2250,付加体
-910000,290000,-2250,堆積岩
-910000,300000,-2250,堆積岩
-910000,310000,-2250,堆積岩
-910000,320000,-2250,火成岩
-910000,330000,-2250,火成岩
-910000,340000,-2250,火成岩
-910000,350000,-2250,火成岩
-910000,360000,-2250,火成岩
-910000,370000,-2250,堆積岩
-910000,380000,-2250,堆積岩
-910000,390000,-2250,堆積岩
-910000,400000,-2250,堆積岩
-910000,410000,-2250,堆積岩
-910000,420000,-2250,火成岩
-910000,430000,-2250,堆積岩
-910000,440000,-2250,火成岩
-910000,450000,-2250,火成岩
-910000,460000,-2250,火成岩
-910000,470000,-2250,堆積岩
-910000,480000,-2250,堆積岩
-910000,490000,-2250,堆積岩
-910000,500000,-2250,火成岩
-910000,590000,-2250,火成岩
-900000,140000,-2250,堆積岩
-900000,150000,-2250,堆積岩
-900000,160000,-2250,堆積岩
-900000,170000,-2250,堆積岩
-900000,180000,-2250,堆積岩
-900000,190000,-2250,堆積岩
-900000,200000,-2250,堆積岩
-900000,210000,-2250,堆積岩
-900000,220000,-2250,堆積岩
-900000,230000,-2250,堆積岩
-900000,240000,-2250,堆積岩
-900000,250000,-2250,火成岩
-900000,260000,-2250,付加体
-900000,270000,-2250,火成岩
-900000,280000,-2250,付加体
-900000,290000,-2250,堆積岩
-900000,300000,-2250,堆積岩
-900000,310000,-2250,火成岩
-900000,320000,-2250,火成岩
-900000,330000,-2250,堆積岩
-900000,340000,-2250,火成岩
-900000,350000,-2250,火成岩
-900000,360000,-2250,火成岩
-900000,370000,-2250,火成岩
-900000,380000,-2250,火成岩
-900000,390000,-2250,堆積岩
-900000,400000,-2250,火成岩
-900000,410000,-2250,火成岩
-900000,420000,-2250,堆積岩
-900000,430000,-2250,堆積岩
-900000,440000,-2250,火成岩
-900000,450000,-2250,火成岩
-900000,460000,-2250,堆積岩
-900000,470000,-2250,火成岩
-900000,480000,-2250,堆積岩
-900000,490000,-2250,火成岩
-900000,500000,-2250,火成岩
-900000,510000,-2250,火成岩
-900000,520000,-2250,火成岩
-900000,590000,-2250,堆積岩
-900000,830000,-2250,火成岩
-890000,140000,-2250,堆積岩
-890000,150000,-2250,堆積岩
-890000,160000,-2250,堆積岩
-890000,170000,-2250,堆積岩
-890000,210000,-2250,堆積岩
-890000,220000,-2250,堆積岩
-890000,230000,-2250,堆積岩
-890000,240000,-2250,火成岩
-890000,250000,-2250,火成岩
-890000,260000,-2250,火成岩
-890000,270000,-2250,変成岩
-890000,280000,-2250,火成岩
-890000,290000,-2250,火成岩
-890000,300000,-2250,変成岩
-890000,310000,-2250,火成岩
-890000,320000,-2250,堆積岩
-890000,330000,-2250,堆積岩
-890000,340000,-2250,火成岩
-890000,350000,-2250,堆積岩
-890000,360000,-2250,堆積岩
-890000,370000,-2250,火成岩
-890000,380000,-2250,火成岩
-890000,390000,-2250,火成岩
-890000,400000,-2250,堆積岩
-890000,410000,-2250,堆積岩
-890000,420000,-2250,堆積岩
-890000,430000,-2250,火成岩
-890000,440000,-2250,火成岩
-890000,450000,-2250,堆積岩
-890000,460000,-2250,堆積岩
-890000,470000,-2250,堆積岩
-890000,480000,-2250,火成岩
-890000,490000,-2250,堆積岩
-890000,500000,-2250,火成岩
-890000,510000,-2250,堆積岩
-890000,520000,-2250,火成岩
-890000,530000,-2250,堆積岩
-890000,540000,-2250,堆積岩
-890000,590000,-2250,堆積岩
-890000,600000,-2250,堆積岩
-880000,140000,-2250,堆積岩
-880000,230000,-2250,堆積岩
-880000,240000,-2250,火成岩
-880000,250000,-2250,火成岩
-880000,260000,-2250,変成岩
-880000,270000,-2250,火成岩
-880000,280000,-2250,変成岩
-880000,290000,-2250,火成岩
-880000,300000,-2250,火成岩
-880000,310000,-2250,火成岩
-880000,320000,-2250,火成岩
-880000,330000,-2250,火成岩
-880000,340000,-2250,堆積岩
-880000,350000,-2250,堆積岩
-880000,360000,-2250,堆積岩
-880000,370000,-2250,堆積岩
-880000,380000,-2250,火成岩
-880000,390000,-2250,火成岩
-880000,400000,-2250,火成岩
-880000,410000,-2250,堆積岩
-880000,420000,-2250,堆積岩
-880000,430000,-2250,堆積岩
-880000,440000,-2250,堆積岩
-880000,450000,-2250,堆積岩
-880000,460000,-2250,堆積岩
-880000,470000,-2250,堆積岩
-880000,480000,-2250,堆積岩
-880000,490000,-2250,堆積岩
-880000,500000,-2250,堆積岩
-880000,510000,-2250,火成岩
-880000,520000,-2250,火成岩
-880000,530000,-2250,火成岩
-880000,540000,-2250,堆積岩
-880000,550000,-2250,堆積岩
-880000,560000,-2250,堆積岩
-880000,570000,-2250,堆積岩
-880000,580000,-2250,堆積岩
-880000,590000,-2250,堆積岩
-880000,600000,-2250,堆積岩
-880000,610000,-2250,堆積岩
-880000,620000,-2250,堆積岩
-880000,640000,-2250,火成岩
-880000,650000,-2250,火成岩
-880000,660000,-2250,堆積岩
-870000,250000,-2250,堆積岩
-870000,260000,-2250,変成岩
-870000,270000,-2250,変成岩
-870000,280000,-2250,変成岩
-870000,290000,-2250,火成岩
-870000,300000,-2250,火成岩
-870000,310000,-2250,火成岩
-870000,320000,-2250,火成岩
-870000,330000,-2250,火成岩
-870000,340000,-2250,火成岩
-870000,350000,-2250,火成岩
-870000,360000,-2250,堆積岩
-870000,370000,-2250,火成岩
-870000,380000,-2250,火成岩
-870000,390000,-2250,火成岩
-870000,400000,-2250,火成岩
-870000,410000,-2250,火成岩
-870000,420000,-2250,火成岩
-870000,430000,-2250,火成岩
-870000,440000,-2250,堆積岩
-870000,450000,-2250,火成岩
-870000,460000,-2250,火成岩
-870000,470000,-2250,火成岩
-870000,480000,-2250,堆積岩
-870000,490000,-2250,火成岩
-870000,500000,-2250,火成岩
-870000,510000,-2250,火成岩
-870000,520000,-2250,火成岩
-870000,530000,-2250,堆積岩
-870000,540000,-2250,堆積岩
-870000,550000,-2250,堆積岩
-870000,560000,-2250,堆積岩
-870000,570000,-2250,堆積岩
-870000,580000,-2250,火成岩
-870000,590000,-2250,堆積岩
-870000,600000,-2250,堆積岩
-870000,610000,-2250,堆積岩
-870000,620000,-2250,堆積岩
-870000,630000,-2250,火成岩
-870000,640000,-2250,堆積岩
-870000,650000,-2250,火成岩
-870000,660000,-2250,火成岩
-870000,670000,-2250,火成岩
-860000,260000,-2250,堆積岩
-860000,270000,-2250,堆積岩
-860000,280000,-2250,火成岩
-860000,290000,-2250,火成岩
-860000,300000,-2250,火成岩
-860000,310000,-2250,火成岩
-860000,320000,-2250,火成岩
-860000,330000,-2250,火成岩
-860000,340000,-2250,火成岩
-860000,350000,-2250,火成岩
-860000,360000,-2250,火成岩
-860000,370000,-2250,火成岩
-860000,380000,-2250,堆積岩
-860000,390000,-2250,堆積岩
-860000,400000,-2250,火成岩
-860000,410000,-2250,火成岩
-860000,420000,-2250,火成岩
-860000,430000,-2250,火成岩
-860000,440000,-2250,火成岩
-860000,450000,-2250,火成岩
-860000,460000,-2250,火成岩
-860000,470000,-2250,火成岩
-860000,480000,-2250,堆積岩
-860000,490000,-2250,堆積岩
-860000,500000,-2250,堆積岩
-860000,510000,-2250,堆積岩
-860000,520000,-2250,堆積岩
-860000,530000,-2250,堆積岩
-860000,540000,-2250,堆積岩
-860000,550000,-2250,火成岩
-860000,560000,-2250,堆積岩
-860000,570000,-2250,火成岩
-860000,580000,-2250,火成岩
-860000,590000,-2250,堆積岩
-860000,600000,-2250,堆積岩
-860000,610000,-2250,堆積岩
-860000,620000,-2250,堆積岩
-860000,630000,-2250,火成岩
-860000,640000,-2250,火成岩
-860000,650000,-2250,堆積岩
-860000,660000,-2250,堆積岩
-860000,670000,-2250,堆積岩
-860000,760000,-2250,付加体
-860000,830000,-2250,火成岩
-860000,840000,-2250,火成岩
-860000,850000,-2250,堆積岩
-850000,270000,-2250,堆積岩
-850000,280000,-2250,堆積岩
-850000,290000,-2250,火成岩
-850000,300000,-2250,火成岩
-850000,310000,-2250,火成岩
-850000,320000,-2250,火成岩
-850000,330000,-2250,火成岩
-850000,340000,-2250,火成岩
-850000,350000,-2250,火成岩
-850000,360000,-2250,火成岩
-850000,370000,-2250,堆積岩
-850000,380000,-2250,堆積岩
-850000,390000,-2250,火成岩
-850000,400000,-2250,堆積岩
-850000,410000,-2250,火成岩
-850000,420000,-2250,火成岩
-850000,430000,-2250,火成岩
-850000,440000,-2250,火成岩
-850000,450000,-2250,火成岩
-850000,460000,-2250,堆積岩
-850000,470000,-2250,火成岩
-850000,480000,-2250,火成岩
-850000,490000,-2250,火成岩
-850000,500000,-2250,堆積岩
-850000,510000,-2250,堆積岩
-850000,520000,-2250,堆積岩
-850000,530000,-2250,堆積岩
-850000,540000,-2250,火成岩
-850000,550000,-2250,火成岩
-850000,560000,-2250,火成岩
-850000,570000,-2250,火成岩
-850000,580000,-2250,火成岩
-850000,590000,-2250,火成岩
-850000,600000,-2250,堆積岩
-850000,610000,-2250,堆積岩
-850000,620000,-2250,堆積岩
-850000,630000,-2250,火成岩
-850000,640000,-2250,火成岩
-850000,650000,-2250,堆積岩
-850000,660000,-2250,火成岩
-850000,670000,-2250,火成岩
-850000,750000,-2250,堆積岩
-850000,760000,-2250,付加体
-850000,770000,-2250,火成岩
-850000,780000,-2250,火成岩
-850000,820000,-2250,堆積岩
-850000,830000,-2250,火成岩
-850000,840000,-2250,堆積岩
-850000,850000,-2250,堆積岩
-850000,860000,-2250,堆積岩
-850000,870000,-2250,火成岩
-850000,880000,-2250,火成岩
-840000,280000,-2250,堆積岩
-840000,290000,-2250,堆積岩
-840000,300000,-2250,変成岩
-840000,310000,-2250,変成岩
-840000,320000,-2250,堆積岩
-840000,330000,-2250,堆積岩
-840000,340000,-2250,堆積岩
-840000,350000,-2250,堆積岩
-840000,360000,-2250,堆積岩
-840000,370000,-2250,火成岩
-840000,380000,-2250,火成岩
-840000,390000,-2250,火成岩
-840000,400000,-2250,火成岩
-840000,410000,-2250,堆積岩
-840000,420000,-2250,堆積岩
-840000,430000,-2250,堆積岩
-840000,440000,-2250,火成岩
-840000,450000,-2250,堆積岩
-840000,460000,-2250,火成岩
-840000,470000,-2250,火成岩
-840000,480000,-2250,火成岩
-840000,490000,-2250,火成岩
-840000,500000,-2250,火成岩
-840000,510000,-2250,堆積岩
-840000,520000,-2250,火成岩
-840000,530000,-2250,堆積岩
-840000,540000,-2250,堆積岩
-840000,550000,-2250,堆積岩
-840000,560000,-2250,火成岩
-840000,570000,-2250,堆積岩
-840000,580000,-2250,堆積岩
-840000,590000,-2250,火成岩
-840000,600000,-2250,火成岩
-840000,610000,-2250,火成岩
-840000,620000,-2250,堆積岩
-840000,630000,-2250,火成岩
-840000,640000,-2250,火成岩
-840000,650000,-2250,堆積岩
-840000,660000,-2250,堆積岩
-840000,670000,-2250,火成岩
-840000,680000,-2250,堆積岩
-840000,690000,-2250,堆積岩
-840000,700000,-2250,火成岩
-840000,710000,-2250,堆積岩
-840000,750000,-2250,堆積岩
-840000,760000,-2250,堆積岩
-840000,770000,-2250,火成岩
-840000,780000,-2250,付加体
-840000,790000,-2250,火成岩
-840000,800000,-2250,堆積岩
-840000,810000,-2250,火成岩
-840000,820000,-2250,火成岩
-840000,830000,-2250,堆積岩
-840000,840000,-2250,堆積岩
-840000,850000,-2250,堆積岩
-840000,860000,-2250,堆積岩
-840000,870000,-2250,火成岩
-830000,330000,-2250,堆積岩
-830000,390000,-2250,堆積岩
-830000,400000,-2250,堆積岩
-830000,410000,-2250,堆積岩
-830000,420000,-2250,堆積岩
-830000,430000,-2250,堆積岩
-830000,440000,-2250,火成岩
-830000,450000,-2250,火成岩
-830000,460000,-2250,火成岩
-830000,470000,-2250,火成岩
-830000,480000,-2250,火成岩
-830000,490000,-2250,火成岩
-830000,500000,-2250,火成岩
-830000,510000,-2250,堆積岩
-830000,520000,-2250,堆積岩
-830000,530000,-2250,火成岩
-830000,540000,-2250,火成岩
-830000,550000,-2250,火成岩
-830000,560000,-2250,火成岩
-830000,570000,-2250,堆積岩
-830000,580000,-2250,火成岩
-830000,590000,-2250,火成岩
-830000,600000,-2250,火成岩
-830000,610000,-2250,堆積岩
-830000,620000,-2250,火成岩
-830000,630000,-2250,火成岩
-830000,640000,-2250,火成岩
-830000,650000,-2250,堆積岩
-830000,660000,-2250,堆積岩
-830000,670000,-2250,堆積岩
-830000,680000,-2250,堆積岩
-830000,690000,-2250,堆積岩
-830000,700000,-2250,堆積岩
-830000,710000,-2250,火成岩
-830000,760000,-2250,堆積岩
-830000,770000,-2250,堆積岩
-830000,780000,-2250,堆積岩
-830000,790000,-2250,堆積岩
-830000,800000,-2250,堆積岩
-830000,810000,-2250,堆積岩
-830000,820000,-2250,火成岩
-830000,830000,-2250,堆積岩
-830000,840000,-2250,堆積岩
-830000,850000,-2250,火成岩
-830000,860000,-2250,火成岩
-830000,870000,-2250,火成岩
-830000,880000,-2250,堆積岩
-820000,410000,-2250,堆積岩
-820000,420000,-2250,堆積岩
-820000,430000,-2250,堆積岩
-820000,440000,-2250,火成岩
-820000,450000,-2250,堆積岩
-820000,460000,-2250,堆積岩
-820000,470000,-2250,堆積岩
-820000,480000,-2250,火成岩
-820000,490000,-2250,火成岩
-820000,500000,-2250,火成岩
-820000,510000,-2250,火成岩
-820000,520000,-2250,火成岩
-820000,530000,-2250,火成岩
-820000,540000,-2250,火成岩
-820000,550000,-2250,火成岩
-820000,560000,-2250,火成岩
-820000,570000,-2250,火成岩
-820000,580000,-2250,火成岩
-820000,590000,-2250,火成岩
-820000,600000,-2250,火成岩
-820000,610000,-2250,堆積岩
-820000,620000,-2250,火成岩
-820000,630000,-2250,火成岩
-820000,640000,-2250,火成岩
-820000,650000,-2250,堆積岩
-820000,660000,-2250,堆積岩
-820000,670000,-2250,堆積岩
-820000,680000,-2250,堆積岩
-820000,690000,-2250,堆積岩
-820000,700000,-2250,堆積岩
-820000,710000,-2250,火成岩
-820000,770000,-2250,堆積岩
-820000,780000,-2250,堆積岩
-820000,790000,-2250,堆積岩
-820000,800000,-2250,火成岩
-820000,810000,-2250,堆積岩
-820000,820000,-2250,火成岩
-820000,850000,-2250,堆積岩
-820000,860000,-2250,火成岩
-820000,870000,-2250,火成岩
-820000,880000,-2250,堆積岩
-810000,410000,-2250,堆積岩
-810000,420000,-2250,堆積岩
-810000,430000,-2250,堆積岩
-810000,440000,-2250,火成岩
-810000,450000,-2250,堆積岩
-810000,460000,-2250,堆積岩
-810000,470000,-2250,堆積岩
-810000,480000,-2250,火成岩
-810000,490000,-2250,堆積岩
-810000,500000,-2250,堆積岩
-810000,510000,-2250,堆積岩
-810000,520000,-2250,火成岩
-810000,530000,-2250,火成岩
-810000,540000,-2250,火成岩
-810000,550000,-2250,堆積岩
-810000,560000,-2250,火成岩
-810000,570000,-2250,火成岩
-810000,580000,-2250,火成岩
-810000,590000,-2250,火成岩
-810000,600000,-2250,火成岩
-810000,610000,-2250,堆積岩
-810000,620000,-2250,火成岩
-810000,630000,-2250,火成岩
-810000,640000,-2250,火成岩
-810000,650000,-2250,火成岩
-810000,660000,-2250,火成岩
-810000,670000,-2250,堆積岩
-810000,780000,-2250,堆積岩
-810000,790000,-2250,堆積岩
-810000,800000,-2250,火成岩
-810000,810000,-2250,堆積岩
-810000,860000,-2250,堆積岩
-810000,870000,-2250,堆積岩
-810000,880000,-2250,火成岩
-810000,890000,-2250,堆積岩
-800000,420000,-2250,堆積岩
-800000,430000,-2250,堆積岩
-800000,440000,-2250,堆積岩
-800000,450000,-2250,火成岩
-800000,460000,-2250,堆積岩
-800000,470000,-2250,堆積岩
-800000,480000,-2250,堆積岩
-800000,490000,-2250,堆積岩
-800000,500000,-2250,堆積岩
-800000,510000,-2250,堆積岩
-800000,520000,-2250,堆積岩
-800000,530000,-2250,火成岩
-800000,540000,-2250,火成岩
-800000,550000,-2250,堆積岩
-800000,560000,-2250,火成岩
-800000,570000,-2250,火成岩
-800000,580000,-2250,火成岩
-800000,590000,-2250,火成岩
-800000,600000,-2250,火成岩
-800000,610000,-2250,火成岩
-800000,620000,-2250,火成岩
-800000,630000,-2250,火成岩
-800000,640000,-2250,火成岩
-800000,650000,-2250,火成岩
-800000,660000,-2250,火成岩
-800000,670000,-2250,堆積岩
-800000,710000,-2250,火成岩
-800000,780000,-2250,堆積岩
-800000,790000,-2250,堆積岩
-800000,800000,-2250,火成岩
-800000,810000,-2250,火成岩
-800000,870000,-2250,火成岩
-800000,880000,-2250,火成岩
-800000,890000,-2250,火成岩
-800000,900000,-2250,火成岩
-800000,930000,-2250,火成岩
-800000,940000,-2250,堆積岩
-790000,420000,-2250,堆積岩
-790000,430000,-2250,堆積岩
-790000,440000,-2250,堆積岩
-790000,450000,-2250,堆積岩
-790000,460000,-2250,堆積岩
-790000,470000,-2250,堆積岩
-790000,480000,-2250,堆積岩
-790000,490000,-2250,火成岩
-790000,500000,-2250,火成岩
-790000,510000,-2250,火成岩
-790000,520000,-2250,堆積岩
-790000,530000,-2250,堆積岩
-790000,540000,-2250,堆積岩
-790000,550000,-2250,堆積岩
-790000,560000,-2250,火成岩
-790000,570000,-2250,堆積岩
-790000,580000,-2250,火成岩
-790000,590000,-2250,火成岩
-790000,600000,-2250,火成岩
-790000,610000,-2250,火成岩
-790000,620000,-2250,火成岩
-790000,630000,-2250,火成岩
-790000,640000,-2250,火成岩
-790000,650000,-2250,火成岩
-790000,660000,-2250,火成岩
-790000,670000,-2250,火成岩
-790000,680000,-2250,堆積岩
-790000,710000,-2250,火成岩
-790000,720000,-2250,火成岩
-790000,730000,-2250,付加体
-790000,780000,-2250,堆積岩
-790000,790000,-2250,火成岩
-790000,800000,-2250,堆積岩
-790000,810000,-2250,火成岩
-790000,870000,-2250,火成岩
-790000,880000,-2250,火成岩
-790000,890000,-2250,火成岩
-790000,900000,-2250,火成岩
-790000,910000,-2250,堆積岩
-790000,920000,-2250,堆積岩
-790000,930000,-2250,火成岩
-790000,940000,-2250,堆積岩
-780000,400000,-2250,堆積岩
-780000,410000,-2250,堆積岩
-780000,420000,-2250,堆積岩
-780000,430000,-2250,堆積岩
-780000,440000,-2250,堆積岩
-780000,450000,-2250,堆積岩
-780000,460000,-2250,火成岩
-780000,470000,-2250,火成岩
-780000,480000,-2250,火成岩
-780000,490000,-2250,火成岩
-780000,500000,-2250,火成岩
-780000,510000,-2250,火成岩
-780000,520000,-2250,堆積岩
-780000,530000,-2250,火成岩
-780000,540000,-2250,火成岩
-780000,550000,-2250,付加体
-780000,560000,-2250,火成岩
-780000,570000,-2250,付加体
-780000,580000,-2250,火成岩
-780000,590000,-2250,火成岩
-780000,600000,-2250,堆積岩
-780000,610000,-2250,火成岩
-780000,620000,-2250,火成岩
-780000,630000,-2250,堆積岩
-780000,640000,-2250,堆積岩
-780000,650000,-2250,火成岩
-780000,660000,-2250,堆積岩
-780000,670000,-2250,火成岩
-780000,710000,-2250,堆積岩
-780000,720000,-2250,火成岩
-780000,730000,-2250,火成岩
-780000,740000,-2250,火成岩
-780000,770000,-2250,付加体
-780000,780000,-2250,堆積岩
-780000,790000,-2250,火成岩
-780000,850000,-2250,火成岩
-780000,860000,-2250,火成岩
-780000,870000,-2250,堆積岩
-780000,880000,-2250,火成岩
-780000,890000,-2250,火成岩
-780000,900000,-2250,堆積岩
-780000,910000,-2250,火成岩
-780000,920000,-2250,火成岩
-780000,930000,-2250,火成岩
-770000,420000,-2250,堆積岩
-770000,440000,-2250,堆積岩
-770000,450000,-2250,堆積岩
-770000,460000,-2250,堆積岩
-770000,470000,-2250,火成岩
-770000,480000,-2250,火成岩
-770000,490000,-2250,堆積岩
-770000,500000,-2250,堆積岩
-770000,510000,-2250,堆積岩
-770000,520000,-2250,堆積岩
-770000,530000,-2250,火成岩
-770000,540000,-2250,付加体
-770000,550000,-2250,付加体
-770000,560000,-2250,付加体
-770000,570000,-2250,火成岩
-770000,580000,-2250,付加体
-770000,590000,-2250,火成岩
-770000,600000,-2250,堆積岩
-770000,610000,-2250,堆積岩
-770000,620000,-2250,堆積岩
-770000,630000,-2250,堆積岩
-770000,640000,-2250,堆積岩
-770000,650000,-2250,堆積岩
-770000,660000,-2250,堆積岩
-770000,670000,-2250,堆積岩
-770000,710000,-2250,火成岩
-770000,720000,-2250,火成岩
-770000,730000,-2250,火成岩
-770000,770000,-2250,火成岩
-770000,780000,-2250,火成岩
-770000,840000,-2250,堆積岩
-770000,850000,-2250,火成岩
-770000,860000,-2250,火成岩
-770000,870000,-2250,火成岩
-770000,880000,-2250,火成岩
-770000,890000,-2250,火成岩
-770000,900000,-2250,火成岩
-770000,910000,-2250,火成岩
-770000,920000,-2250,堆積岩
-760000,460000,-2250,堆積岩
-760000,470000,-2250,堆積岩
-760000,480000,-2250,火成岩
-760000,490000,-2250,堆積岩
-760000,500000,-2250,火成岩
-760000,510000,-2250,火成岩
-760000,520000,-2250,火成岩
-760000,530000,-2250,火成岩
-760000,540000,-2250,付加体
-760000,550000,-2250,付加体
-760000,560000,-2250,付加体
-760000,570000,-2250,付加体
-760000,580000,-2250,付加体
-760000,590000,-2250,付加体
-760000,600000,-2250,付加体
-760000,610000,-2250,堆積岩
-760000,620000,-2250,堆積岩
-760000,630000,-2250,堆積岩
-760000,640000,-2250,堆積岩
-760000,650000,-2250,堆積岩
-760000,660000,-2250,堆積岩
-760000,670000,-2250,堆積岩
-760000,680000,-2250,堆積岩
-760000,690000,-2250,堆積岩
-760000,720000,-2250,堆積岩
-760000,770000,-2250,堆積岩
-760000,840000,-2250,火成岩
-760000,850000,-2250,火成岩
-760000,860000,-2250,火成岩
-760000,870000,-2250,火成岩
-760000,880000,-2250,堆積岩
-760000,890000,-2250,火成岩
-760000,900000,-2250,堆積岩
-760000,910000,-2250,火成岩
-760000,920000,-2250,火成岩
-750000,470000,-2250,火成岩
-750000,480000,-2250,火成岩
-750000,490000,-2250,堆積岩
-750000,500000,-2250,火成岩
-750000,510000,-2250,火成岩
-750000,520000,-2250,堆積岩
-750000,530000,-2250,付加体
-750000,540000,-2250,付加体
-750000,550000,-2250,付加体
-750000,560000,-2250,付加体
-750000,570000,-2250,付加体
-750000,580000,-2250,付加体
-750000,590000,-2250,付加体
-750000,600000,-2250,付加体
-750000,610000,-2250,堆積岩
-750000,620000,-2250,付加体
-750000,630000,-2250,堆積岩
-750000,640000,-2250,堆積岩
-750000,690000,-2250,火成岩
-750000,700000,-2250,堆積岩
-750000,710000,-2250,堆積岩
-750000,720000,-2250,堆積岩
-750000,840000,-2250,堆積岩
-750000,850000,-2250,火成岩
-750000,860000,-2250,火成岩
-750000,870000,-2250,火成岩
-750000,880000,-2250,火成岩
-750000,890000,-2250,堆積岩
-750000,900000,-2250,堆積岩
-750000,910000,-2250,火成岩
-750000,920000,-2250,火成岩
-740000,480000,-2250,火成岩
-740000,490000,-2250,火成岩
-740000,500000,-2250,堆積岩
-740000,510000,-2250,火成岩
-740000,520000,-2250,付加体
-740000,530000,-2250,付加体
-740000,540000,-2250,付加体
-740000,550000,-2250,付加体
-740000,560000,-2250,付加体
-740000,570000,-2250,付加体
-740000,580000,-2250,付加体
-740000,590000,-2250,付加体
-740000,600000,-2250,付加体
-740000,610000,-2250,火成岩
-740000,620000,-2250,火成岩
-740000,630000,-2250,堆積岩
-740000,850000,-2250,火成岩
-740000,860000,-2250,火成岩
-740000,870000,-2250,火成岩
-740000,880000,-2250,火成岩
-740000,890000,-2250,火成岩
-740000,900000,-2250,火成岩
-740000,910000,-2250,火成岩
-730000,490000,-2250,付加体
-730000,500000,-2250,付加体
-730000,510000,-2250,付加体
-730000,520000,-2250,付加体
-730000,530000,-2250,付加体
-730000,540000,-2250,付加体
-730000,550000,-2250,火成岩
-730000,560000,-2250,火成岩
-730000,570000,-2250,付加体
-730000,580000,-2250,付加体
-730000,590000,-2250,堆積岩
-730000,600000,-2250,堆積岩
-730000,610000,-2250,火成岩
-730000,850000,-2250,火成岩
-730000,860000,-2250,火成岩
-730000,870000,-2250,火成岩
-730000,880000,-2250,火成岩
-730000,890000,-2250,堆積岩
-730000,900000,-2250,堆積岩
-730000,910000,-2250,堆積岩
-720000,510000,-2250,火成岩
-720000,520000,-2250,火成岩
-720000,530000,-2250,火成岩
-720000,540000,-2250,付加体
-720000,550000,-2250,付加体
-720000,560000,-2250,付加体
-720000,570000,-2250,付加体
-720000,860000,-2250,火成岩
-720000,870000,-2250,火成岩
-720000,880000,-2250,火成岩
-720000,890000,-2250,火成岩
-720000,900000,-2250,火成岩
-720000,910000,-2250,堆積岩
-720000,920000,-2250,堆積岩
-710000,860000,-2250,火成岩
-710000,870000,-2250,火成岩
-710000,880000,-2250,火成岩
-710000,890000,-2250,堆積岩
-710000,900000,-2250,堆積岩
-710000,910000,-2250,堆積岩
-710000,920000,-2250,堆積岩
-710000,930000,-2250,堆積岩
-710000,940000,-2250,堆積岩
-710000,950000,-2250,火成岩
-710000,960000,-2250,堆積岩
-710000,970000,-2250,火成岩
-710000,980000,-2250,火成岩
-700000,860000,-2250,堆積岩
-700000,870000,-2250,火成岩
-700000,880000,-2250,堆積岩
-700000,890000,-2250,堆積岩
-700000,900000,-2250,堆積岩
-700000,910000,-2250,堆積岩
-700000,920000,-2250,堆積岩
-700000,930000,-2250,堆積岩
-700000,940000,-2250,堆積岩
-700000,950000,-2250,堆積岩
-700000,960000,-2250,堆積岩
-700000,970000,-2250,火成岩
-700000,980000,-2250,堆積岩
-700000,1050000,-2250,堆積岩
-700000,1130000,-2250,火成岩
-690000,850000,-2250,堆積岩
-690000,860000,-2250,堆積岩
-690000,870000,-2250,堆積岩
-690000,880000,-2250,堆積岩
-690000,890000,-2250,堆積岩
-690000,900000,-2250,堆積岩
-690000,910000,-2250,堆積岩
-690000,920000,-2250,堆積岩
-690000,930000,-2250,堆積岩
-690000,940000,-2250,火成岩
-690000,950000,-2250,堆積岩
-690000,960000,-2250,堆積岩
-690000,970000,-2250,火成岩
-690000,980000,-2250,火成岩
-690000,990000,-2250,堆積岩
-680000,850000,-2250,堆積岩
-680000,860000,-2250,堆積岩
-680000,870000,-2250,堆積岩
-680000,880000,-2250,堆積岩
-680000,890000,-2250,堆積岩
-680000,900000,-2250,堆積岩
-680000,910000,-2250,堆積岩
-680000,920000,-2250,堆積岩
-680000,930000,-2250,堆積岩
-680000,940000,-2250,堆積岩
-680000,950000,-2250,堆積岩
-680000,960000,-2250,堆積岩
-680000,970000,-2250,堆積岩
-680000,980000,-2250,堆積岩
-680000,990000,-2250,堆積岩
-680000,1000000,-2250,堆積岩
-680000,1010000,-2250,堆積岩
-680000,1020000,-2250,堆積岩
-680000,1030000,-2250,堆積岩
-670000,840000,-2250,堆積岩
-670000,850000,-2250,堆積岩
-670000,860000,-2250,堆積岩
-670000,870000,-2250,堆積岩
-670000,880000,-2250,堆積岩
-670000,890000,-2250,堆積岩
-670000,900000,-2250,堆積岩
-670000,910000,-2250,堆積岩
-670000,920000,-2250,堆積岩
-670000,930000,-2250,堆積岩
-670000,940000,-2250,堆積岩
-670000,950000,-2250,堆積岩
-670000,960000,-2250,堆積岩
-670000,970000,-2250,堆積岩
-670000,980000,-2250,堆積岩
-670000,990000,-2250,堆積岩
-670000,1000000,-2250,堆積岩
-670000,1010000,-2250,堆積岩
-670000,1020000,-2250,堆積岩
-670000,1030000,-2250,堆積岩
-670000,1040000,-2250,堆積岩
-670000,1050000,-2250,堆積岩
-670000,1110000,-2250,堆積岩
-670000,1120000,-2250,堆積岩
-670000,1130000,-2250,堆積岩
-670000,1140000,-2250,堆積岩
-660000,830000,-2250,堆積岩
-660000,840000,-2250,堆積岩
-660000,850000,-2250,堆積岩
-660000,860000,-2250,堆積岩
-660000,870000,-2250,堆積岩
-660000,880000,-2250,堆積岩
-660000,890000,-2250,堆積岩
-660000,900000,-2250,堆積岩
-660000,910000,-2250,堆積岩
-660000,920000,-2250,堆積岩
-660000,930000,-2250,堆積岩
-660000,940000,-2250,堆積岩
-660000,950000,-2250,堆積岩
-660000,960000,-2250,火成岩
-660000,970000,-2250,堆積岩
-660000,980000,-2250,堆積岩
-660000,990000,-2250,堆積岩
-660000,1000000,-2250,堆積岩
-660000,1010000,-2250,堆積岩
-660000,1020000,-2250,堆積岩
-660000,1030000,-2250,堆積岩
-660000,1040000,-2250,堆積岩
-660000,1050000,-2250,堆積岩
-660000,1060000,-2250,堆積岩
-660000,1070000,-2250,堆積岩
-660000,1080000,-2250,堆積岩
-660000,1090000,-2250,堆積岩
-660000,1100000,-2250,堆積岩
-660000,1110000,-2250,堆積岩
-660000,1120000,-2250,堆積岩
-660000,1130000,-2250,堆積岩
-660000,1140000,-2250,堆積岩
-660000,1150000,-2250,堆積岩
-650000,820000,-2250,堆積岩
-650000,830000,-2250,堆積岩
-650000,840000,-2250,堆積岩
-650000,850000,-2250,付加体
-650000,860000,-2250,堆積岩
-650000,870000,-2250,付加体
-650000,880000,-2250,付加体
-650000,890000,-2250,付加体
-650000,900000,-2250,付加体
-650000,910000,-2250,堆積岩
-650000,920000,-2250,堆積岩
-650000,930000,-2250,堆積岩
-650000,940000,-2250,堆積岩
-650000,950000,-2250,堆積岩
-650000,960000,-2250,火成岩
-650000,970000,-2250,堆積岩
-650000,980000,-2250,堆積岩
-650000,990000,-2250,付加体
-650000,1000000,-2250,堆積岩
-650000,1010000,-2250,堆積岩
-650000,1020000,-2250,堆積岩
-650000,1030000,-2250,堆積岩
-650000,1040000,-2250,堆積岩
-650000,1050000,-2250,堆積岩
-650000,1060000,-2250,堆積岩
-650000,1070000,-2250,堆積岩
-650000,1080000,-2250,堆積岩
-650000,1090000,-2250,堆積岩
-650000,1100000,-2250,堆積岩
-650000,1110000,-2250,堆積岩
-650000,1120000,-2250,堆積岩
-650000,1130000,-2250,堆積岩
-650000,1140000,-2250,堆積岩
-650000,1150000,-2250,堆積岩
-640000,810000,-2250,堆積岩
-640000,820000,-2250,堆積岩
-640000,830000,-2250,堆積岩
-640000,840000,-2250,堆積岩
-640000,850000,-2250,堆積岩
-640000,860000,-2250,付加体
-640000,870000,-2250,付加体
-640000,880000,-2250,付加体
-640000,890000,-2250,付加体
-640000,900000,-2250,堆積岩
-640000,910000,-2250,堆積岩
-640000,920000,-2250,付加体
-640000,930000,-2250,堆積岩
-640000,940000,-2250,堆積岩
-640000,950000,-2250,変成岩
-640000,960000,-2250,変成岩
-640000,970000,-2250,変成岩
-640000,980000,-2250,変成岩
-640000,990000,-2250,変成岩
-640000,1000000,-2250,付加体
-640000,1010000,-2250,付加体
-640000,1020000,-2250,堆積岩
-640000,1030000,-2250,堆積岩
-640000,1040000,-2250,火成岩
-640000,1050000,-2250,火成岩
-640000,1060000,-2250,堆積岩
-640000,1070000,-2250,堆積岩
-640000,1080000,-2250,堆積岩
-640000,1090000,-2250,堆積岩
-640000,1100000,-2250,堆積岩
-640000,1110000,-2250,堆積岩
-640000,1120000,-2250,堆積岩
-640000,1130000,-2250,堆積岩
-640000,1140000,-2250,堆積岩
-640000,1150000,-2250,堆積岩
-630000,810000,-2250,堆積岩
-630000,820000,-2250,付加体
-630000,830000,-2250,付加体
-630000,840000,-2250,付加体
-630000,850000,-2250,堆積岩
-630000,860000,-2250,付加体
-630000,870000,-2250,付加体
-630000,880000,-2250,堆積岩
-630000,890000,-2250,付加体
-630000,900000,-2250,堆積岩
-630000,910000,-2250,火成岩
-630000,920000,-2250,火成岩
-630000,930000,-2250,火成岩
-630000,940000,-2250,火成岩
-630000,950000,-2250,火成岩
-630000,960000,-2250,堆積岩
-630000,970000,-2250,堆積岩
-630000,980000,-2250,堆積岩
-630000,990000,-2250,火成岩
-630000,1000000,-2250,火成岩
-630000,1010000,-2250,堆積岩
-630000,1020000,-2250,火成岩
-630000,1030000,-2250,火成岩
-630000,1040000,-2250,火成岩
-630000,1050000,-2250,堆積岩
-630000,1060000,-2250,堆積岩
-630000,1070000,-2250,付加体
-630000,1080000,-2250,付加体
-630000,1090000,-2250,堆積岩
-630000,1100000,-2250,堆積岩
-630000,1110000,-2250,堆積岩
-630000,1120000,-2250,堆積岩
-630000,1130000,-2250,堆積岩
-630000,1140000,-2250,堆積岩
-620000,800000,-2250,堆積岩
-620000,810000,-2250,堆積岩
-620000,820000,-2250,堆積岩
-620000,830000,-2250,付加体
-620000,840000,-2250,付加体
-620000,850000,-2250,付加体
-620000,860000,-2250,付加体
-620000,870000,-2250,付加体
-620000,880000,-2250,付加体
-620000,890000,-2250,堆積岩
-620000,900000,-2250,堆積岩
-620000,910000,-2250,堆積岩
-620000,920000,-2250,火成岩
-620000,930000,-2250,火成岩
-620000,940000,-2250,火成岩
-620000,950000,-2250,火成岩
-620000,960000,-2250,堆積岩
-620000,970000,-2250,火成岩
-620000,980000,-2250,堆積岩
-620000,990000,-2250,火成岩
-620000,1000000,-2250,付加体
-620000,1010000,-2250,堆積岩
-620000,1020000,-2250,堆積岩
-620000,1030000,-2250,堆積岩
-620000,1040000,-2250,堆積岩
-620000,1050000,-2250,火成岩
-620000,1060000,-2250,火成岩
-620000,1070000,-2250,堆積岩
-620000,1080000,-2250,堆積岩
-620000,1090000,-2250,堆積岩
-620000,1100000,-2250,堆積岩
-620000,1110000,-2250,堆積岩
-620000,1120000,-2250,堆積岩
-610000,790000,-2250,堆積岩
-610000,800000,-2250,堆積岩
-610000,810000,-2250,付加体
-610000,820000,-2250,付加体
-610000,830000,-2250,変成岩
-610000,840000,-2250,火成岩
-610000,850000,-2250,火成岩
-610000,860000,-2250,変成岩
-610000,870000,-2250,火成岩
-610000,880000,-2250,変成岩
-610000,890000,-2250,変成岩
-610000,900000,-2250,火成岩
-610000,910000,-2250,火成岩
-610000,920000,-2250,火成岩
-610000,930000,-2250,火成岩
-610000,940000,-2250,火成岩
-610000,950000,-2250,火成岩
-610000,960000,-2250,火成岩
-610000,970000,-2250,付加体
-610000,980000,-2250,堆積岩
-610000,990000,-2250,火成岩
-610000,1000000,-2250,火成岩
-610000,1010000,-2250,付加体
-610000,1020000,-2250,堆積岩
-610000,1030000,-2250,堆積岩
-610000,1040000,-2250,火成岩
-610000,1050000,-2250,火成岩
-610000,1060000,-2250,火成岩
-610000,1070000,-2250,堆積岩
-610000,1080000,-2250,堆積岩
-610000,1090000,-2250,堆積岩
-610000,1100000,-2250,付加体
-610000,1110000,-2250,堆積岩
-600000,790000,-2250,変成岩
-600000,800000,-2250,付加体
-600000,810000,-2250,付加体
-600000,820000,-2250,変成岩
-600000,830000,-2250,付加体
-600000,840000,-2250,付加体
-600000,850000,-2250,火成岩
-600000,860000,-2250,付加体
-600000,870000,-2250,付加体
-600000,880000,-2250,堆積岩
-600000,890000,-2250,堆積岩
-600000,900000,-2250,火成岩
-600000,910000,-2250,付加体
-600000,920000,-2250,火成岩
-600000,930000,-2250,火成岩
-600000,940000,-2250,火成岩
-600000,950000,-2250,火成岩
-600000,960000,-2250,火成岩
-600000,970000,-2250,火成岩
-600000,980000,-2250,付加体
-600000,990000,-2250,火成岩
-600000,1000000,-2250,付加体
-600000,1010000,-2250,付加体
-600000,1020000,-2250,火成岩
-600000,1030000,-2250,堆積岩
-600000,1040000,-2250,堆積岩
-600000,1050000,-2250,付加体
-600000,1060000,-2250,付加体
-600000,1070000,-2250,堆積岩
-600000,1080000,-2250,火成岩
-600000,1090000,-2250,堆積岩
-590000,780000,-2250,変成岩
-590000,790000,-2250,変成岩
-590000,800000,-2250,変成岩
-590000,810000,-2250,変成岩
-590000,820000,-2250,付加体
-590000,830000,-2250,付加体
-590000,840000,-2250,付加体
-590000,850000,-2250,堆積岩
-590000,860000,-2250,堆積岩
-590000,870000,-2250,堆積岩
-590000,880000,-2250,堆積岩
-590000,890000,-2250,堆積岩
-590000,900000,-2250,堆積岩
-590000,910000,-2250,付加体
-590000,920000,-2250,堆積岩
-590000,930000,-2250,火成岩
-590000,940000,-2250,火成岩
-590000,950000,-2250,火成岩
-590000,960000,-2250,火成岩
-590000,970000,-2250,火成岩
-590000,980000,-2250,火成岩
-590000,990000,-2250,堆積岩
-590000,1000000,-2250,堆積岩
-590000,1010000,-2250,付加体
-590000,1020000,-2250,付加体
-590000,1030000,-2250,火成岩
-590000,1040000,-2250,火成岩
-590000,1050000,-2250,火成岩
-590000,1060000,-2250,付加体
-590000,1070000,-2250,堆積岩
-580000,770000,-2250,堆積岩
-580000,780000,-2250,火成岩
-580000,790000,-2250,変成岩
-580000,800000,-2250,付加体
-580000,810000,-2250,付加体
-580000,820000,-2250,付加体
-580000,830000,-2250,堆積岩
-580000,840000,-2250,堆積岩
-580000,850000,-2250,堆積岩
-580000,860000,-2250,堆積岩
-580000,870000,-2250,堆積岩
-580000,880000,-2250,堆積岩
-580000,890000,-2250,堆積岩
-580000,900000,-2250,火成岩
-580000,910000,-2250,火成岩
-580000,920000,-2250,付加体
-580000,930000,-2250,火成岩
-580000,940000,-2250,付加体
-580000,950000,-2250,堆積岩
-580000,960000,-2250,火成岩
-580000,970000,-2250,火成岩
-580000,980000,-2250,火成岩
-580000,990000,-2250,付加体
-580000,1000000,-2250,火成岩
-580000,1010000,-2250,付加体
-580000,1020000,-2250,付加体
-580000,1030000,-2250,付加体
-580000,1040000,-2250,火成岩
-580000,1050000,-2250,火成岩
-580000,1060000,-2250,堆積岩
-570000,790000,-2250,火成岩
-570000,800000,-2250,堆積岩
-570000,810000,-2250,堆積岩
-570000,820000,-2250,堆積岩
-570000,830000,-2250,堆積岩
-570000,840000,-2250,堆積岩
-570000,850000,-2250,堆積岩
-570000,860000,-2250,堆積岩
-570000,870000,-2250,堆積岩
-570000,880000,-2250,堆積岩
-570000,890000,-2250,堆積岩
-570000,900000,-2250,火成岩
-570000,910000,-2250,火成岩
-570000,920000,-2250,火成岩
-570000,930000,-2250,火成岩
-570000,940000,-2250,堆積岩
-570000,950000,-2250,付加体
-570000,960000,-2250,付加体
-570000,970000,-2250,火成岩
-570000,980000,-2250,付加体
-570000,990000,-2250,付加体
-570000,1000000,-2250,付加体
-570000,1010000,-2250,堆積岩
-570000,1020000,-2250,付加体
-570000,1030000,-2250,堆積岩
-570000,1040000,-2250,火成岩
-560000,820000,-2250,堆積岩
-560000,830000,-2250,堆積岩
-560000,840000,-2250,火成岩
-560000,850000,-2250,堆積岩
-560000,860000,-2250,堆積岩
-560000,870000,-2250,堆積岩
-560000,880000,-2250,堆積岩
-560000,890000,-2250,堆積岩
-560000,900000,-2250,堆積岩
-560000,910000,-2250,火成岩
-560000,920000,-2250,火成岩
-560000,930000,-2250,火成岩
-560000,940000,-2250,付加体
-560000,950000,-2250,火成岩
-560000,960000,-2250,付加体
-560000,970000,-2250,火成岩
-560000,980000,-2250,火成岩
-560000,990000,-2250,付加体
-560000,1000000,-2250,付加体
-560000,1010000,-2250,付加体
-560000,1020000,-2250,付加体
-560000,1030000,-2250,火成岩
-550000,830000,-2250,堆積岩
-550000,840000,-2250,堆積岩
-550000,850000,-2250,堆積岩
-550000,860000,-2250,堆積岩
-550000,870000,-2250,堆積岩
-550000,880000,-2250,堆積岩
-550000,890000,-2250,堆積岩
-550000,900000,-2250,堆積岩
-550000,910000,-2250,堆積岩
-550000,920000,-2250,火成岩
-550000,930000,-2250,火成岩
-550000,940000,-2250,火成岩
-550000,950000,-2250,火成岩
-550000,960000,-2250,火成岩
-550000,970000,-2250,火成岩
-550000,980000,-2250,火成岩
-550000,990000,-2250,堆積岩
-550000,1000000,-2250,堆積岩
-550000,1010000,-2250,付加体
-550000,1020000,-2250,付加体
-540000,840000,-2250,堆積岩
-540000,850000,-2250,堆積岩
-540000,860000,-2250,堆積岩
-540000,870000,-2250,堆積岩
-540000,880000,-2250,堆積岩
-540000,890000,-2250,堆積岩
-540000,900000,-2250,堆積岩
-540000,910000,-2250,火成岩
-540000,920000,-2250,火成岩
-540000,930000,-2250,火成岩
-540000,940000,-2250,火成岩
-540000,950000,-2250,火成岩
-540000,960000,-2250,堆積岩
-540000,970000,-2250,付加体
-540000,980000,-2250,火成岩
-540000,990000,-2250,火成岩
-540000,1000000,-2250,堆積岩
-540000,1010000,-2250,堆積岩
-530000,850000,-2250,堆積岩
-530000,860000,-2250,堆積岩
-530000,870000,-2250,堆積岩
-530000,880000,-2250,堆積岩
-530000,890000,-2250,堆積岩
-530000,900000,-2250,火成岩
-530000,910000,-2250,火成岩
-530000,920000,-2250,堆積岩
-530000,930000,-2250,堆積岩
-530000,940000,-2250,火成岩
-530000,950000,-2250,火成岩
-530000,960000,-2250,火成岩
-530000,970000,-2250,火成岩
-530000,980000,-2250,火成岩
-530000,990000,-2250,付加体
-530000,1000000,-2250,堆積岩
-530000,1010000,-2250,堆積岩
-520000,860000,-2250,堆積岩
-520000,870000,-2250,堆積岩
-520000,880000,-2250,堆積岩
-520000,890000,-2250,堆積岩
-520000,900000,-2250,堆積岩
-520000,910000,-2250,堆積岩
-520000,920000,-2250,付加体
-520000,930000,-2250,付加体
-520000,940000,-2250,付加体
-520000,950000,-2250,堆積岩
-520000,960000,-2250,堆積岩
-520000,970000,-2250,付加体
-520000,980000,-2250,堆積岩
-520000,990000,-2250,付加体
-520000,1000000,-2250,堆積岩
-510000,870000,-2250,堆積岩
-510000,880000,-2250,堆積岩
-510000,890000,-2250,堆積岩
-510000,900000,-2250,堆積岩
-510000,910000,-2250,堆積岩
-510000,920000,-2250,堆積岩
-510000,930000,-2250,火成岩
-510000,940000,-2250,付加体
-510000,950000,-2250,付加体
-510000,960000,-2250,堆積岩
-510000,970000,-2250,堆積岩
-510000,980000,-2250,付加体
-510000,990000,-2250,付加体
-510000,1000000,-2250,付加体
-500000,870000,-2250,堆積岩
-500000,880000,-2250,堆積岩
-500000,890000,-2250,堆積岩
-500000,900000,-2250,堆積岩
-500000,910000,-2250,火成岩
-500000,920000,-2250,火成岩
-500000,930000,-2250,堆積岩
-500000,940000,-2250,火成岩
-500000,950000,-2250,堆積岩
-500000,960000,-2250,火成岩
-500000,970000,-2250,付加体
-500000,980000,-2250,変成岩
-500000,990000,-2250,堆積岩
-490000,870000,-2250,堆積岩
-490000,880000,-2250,堆積岩
-490000,890000,-2250,堆積岩
-490000,900000,-2250,火成岩
-490000,910000,-2250,堆積岩
-490000,920000,-2250,火成岩
-490000,930000,-2250,火成岩
-490000,940000,-2250,火成岩
-490000,950000,-2250,火成岩
-490000,960000,-2250,堆積岩
-490000,970000,-2250,堆積岩
-490000,980000,-2250,堆積岩
-490000,990000,-2250,堆積岩
-480000,880000,-2250,堆積岩
-480000,890000,-2250,堆積岩
-480000,900000,-2250,火成岩
-480000,910000,-2250,火成岩
-480000,920000,-2250,火成岩
-480000,930000,-2250,火成岩
-480000,940000,-2250,火成岩
-480000,950000,-2250,火成岩
-480000,960000,-2250,火成岩
-480000,970000,-2250,堆積岩
-480000,980000,-2250,堆積岩
-480000,990000,-2250,堆積岩
-470000,870000,-2250,堆積岩
-470000,880000,-2250,堆積岩
-470000,890000,-2250,堆積岩
-470000,900000,-2250,堆積岩
-470000,910000,-2250,堆積岩
-470000,920000,-2250,堆積岩
-470000,930000,-2250,堆積岩
-470000,940000,-2250,火成岩
-470000,950000,-2250,火成岩
-470000,960000,-2250,火成岩
-470000,970000,-2250,堆積岩
-460000,870000,-2250,堆積岩
-460000,880000,-2250,堆積岩
-460000,890000,-2250,堆積岩
-460000,900000,-2250,堆積岩
-460000,910000,-2250,堆積岩
-460000,920000,-2250,堆積岩
-460000,930000,-2250,火成岩
-460000,940000,-2250,堆積岩
-460000,950000,-2250,火成岩
-460000,960000,-2250,火成岩
-460000,970000,-2250,堆積岩
-450000,870000,-2250,堆積岩
-450000,880000,-2250,堆積岩
-450000,890000,-2250,堆積岩
-450000,900000,-2250,堆積岩
-450000,910000,-2250,火成岩
-450000,920000,-2250,堆積岩
-450000,930000,-2250,堆積岩
-450000,940000,-2250,堆積岩
-450000,950000,-2250,火成岩
-450000,960000,-2250,堆積岩
-440000,860000,-2250,堆積岩
-440000,880000,-2250,堆積岩
-440000,890000,-2250,火成岩
-440000,900000,-2250,堆積岩
-440000,910000,-2250,堆積岩
-440000,920000,-2250,火成岩
-440000,930000,-2250,火成岩
-440000,940000,-2250,火成岩
-440000,950000,-2250,火成岩
-440000,960000,-2250,堆積岩
-430000,870000,-2250,堆積岩
-430000,880000,-2250,堆積岩
-430000,890000,-2250,堆積岩
-430000,900000,-2250,堆積岩
-430000,910000,-2250,堆積岩
-430000,920000,-2250,堆積岩
-430000,930000,-2250,火成岩
-430000,940000,-2250,火成岩
-430000,950000,-2250,火成岩
-430000,960000,-2250,火成岩
-420000,870000,-2250,堆積岩
-420000,880000,-2250,堆積岩
-420000,890000,-2250,堆積岩
-420000,900000,-2250,堆積岩
-420000,910000,-2250,堆積岩
-420000,920000,-2250,堆積岩
-420000,930000,-2250,堆積岩
-420000,940000,-2250,火成岩
-420000,950000,-2250,火成岩
-420000,960000,-2250,火成岩
-420000,970000,-2250,堆積岩
-410000,880000,-2250,堆積岩
-410000,890000,-2250,堆積岩
-410000,900000,-2250,堆積岩
-410000,910000,-2250,堆積岩
-410000,920000,-2250,堆積岩
-410000,930000,-2250,堆積岩
-410000,940000,-2250,堆積岩
-410000,950000,-2250,堆積岩
-410000,960000,-2250,火成岩
-410000,970000,-2250,火成岩
-410000,980000,-2250,火成岩
-400000,880000,-2250,堆積岩
-400000,890000,-2250,堆積岩
-400000,900000,-2250,堆積岩
-400000,910000,-2250,堆積岩
-400000,920000,-2250,堆積岩
-400000,930000,-2250,堆積岩
-400000,970000,-2250,堆積岩
-400000,980000,-2250,火成岩
-390000,890000,-2250,堆積岩
-390000,990000,-2250,火成岩
-380000,890000,-2250,堆積岩
-370000,950000,-2250,火成岩
-370000,960000,-2250,火成岩
-360000,900000,-2250,堆積岩
-360000,960000,-2250,堆積岩
-350000,900000,-2250,堆積岩
-350000,970000,-2250,火成岩
-340000,980000,-2250,火成岩
-340000,990000,-2250,火成岩
-330000,990000,-2250,火成岩
-320000,910000,-2250,堆積岩
