x,y,volcano
-2417907.0,-499575.0,186143.1203652987
-2109514.0,97650.0,18259.88048642675
-2109377.0,97252.0,18041.93642122121
-2109228.0,101894.0,19379.12495620451
-2109127.0,101439.0,19097.045801227698
-2108603.0,100627.0,18294.037549141205
-2108300.0,98890.0,17412.419231875516
-2107381.0,99947.0,16905.51437588896
-2107125.0,99498.0,16503.156559815707
-2106040.0,98954.0,15296.02387276472
-2104486.0,102049.0,15311.308238886319
-2103806.0,103267.0,15476.97356595882
-2103613.0,97749.0,12604.304995127182
-2096516.0,105988.0,13272.403068991975
-2000670.0,130469.0,86888.75688868503
-1998070.0,152449.0,104345.29099138595
-1997892.0,234756.0,168683.88577798745
-1991407.0,13064.0,62209.72576276968
-1990073.0,-70798.0,35716.388088456704
-1989210.0,78371.0,43203.41182244071
-1988929.0,-73868.0,32453.10060516948
-1988179.0,106575.0,60294.34308021117
-1987601.0,113939.0,65851.06145011642
-1987229.0,-37398.0,34770.777459346034
-1984536.0,101505.0,54062.703907261326
-1983266.0,-46307.0,29859.329084561934
-1982179.0,-79069.0,25068.99772901547
-1981420.0,-32001.0,31090.183117520653
-1981008.0,-43201.0,27686.968518510046
-1976625.0,-78046.0,23870.623190666418
-1972426.0,87160.0,35292.38875622062
-1971484.0,32172.0,34776.03488016722
-1971313.0,-59143.0,22497.894962270737
-1970714.0,-105137.0,4222.288917042482
-1970472.0,-101367.0,618.0217900525283
-1970355.0,-101788.0,888.434303243464
-1969708.0,-97183.0,3804.4390766812858
-1969059.0,-103273.0,2478.8299502344566
-1968968.0,-103701.0,2910.598416095792
-1967775.0,-5366.0,42632.82969812075
-1967631.0,101790.0,45531.14622789775
-1966805.0,-104257.0,3666.853287024032
-1966586.0,-101391.0,3431.853199916735
-1966525.0,-104525.0,3475.758230567676
-1966401.0,-101939.0,3461.6255675273374
-1966223.0,-99668.0,3990.4857267228317
-1966202.0,-104443.0,3144.035918395166
-1965863.0,-100465.0,3906.718142041855
-1965729.0,-98625.0,4869.34019602025
-1965626.0,-98307.0,5118.228762470324
-1965597.0,-104417.0,2573.1435102922114
-1965283.0,-100607.0,3429.443030370814
-1964778.0,-99329.0,4318.436034464208
-1964744.0,-98328.0,5256.662338134242
-1964632.0,-98747.0,4823.12949261773
-1963226.0,-56851.0,14995.435795233407
-1962978.0,108422.0,50349.671383382505
-1960523.0,58190.0,10389.513338468083
-1960386.0,57778.0,10323.07898186419
-1958781.0,58688.0,8596.71817194248
-1958737.0,58292.0,8609.281890878357
-1958037.0,58858.0,7838.207197044868
-1957141.0,62522.0,7447.585873328745
-1956317.0,57636.0,6415.978438352625
-1956287.0,57237.0,6527.99861524233
-1955937.0,61790.0,6060.392726400309
-1955614.0,59044.0,5409.8997799410035
-1955031.0,60940.0,4941.6787943173385
-1953036.0,60687.0,2957.302300848775
-1950484.0,2569.0,48166.85059861156
-1948593.0,-30042.0,16201.399870016416
-1948063.0,-53847.0,7659.627035403883
-1947586.0,10740.0,48949.73206747936
-1937030.0,119416.0,61065.25723102141
-1936300.0,-24256.0,21835.288600229676
-1936176.0,-24664.0,21475.220718756773
-1935727.0,-22317.0,22749.468689363275
-1935556.0,-28290.0,18801.75226411943
-1935407.0,-27498.0,19125.074699601046
-1934767.0,-28019.0,18301.649070570664
-1933942.0,-23212.0,20871.69743656035
-1933218.0,-26259.0,18202.36037194956
-1933094.0,-26667.0,17836.19869182668
-1933039.0,-25308.0,18732.435563250172
-1932995.0,-21262.0,21760.609787350164
-1932890.0,-21674.0,21369.766701611876
-1932212.0,-27560.0,16583.494696815855
-1931650.0,-27160.0,16443.181031154512
-1928625.0,-36646.0,9014.161995733119
-1928159.0,-39923.0,8445.054792381117
-1928002.0,-36832.0,8365.890933027948
-1927584.0,-36419.0,8058.505337735973
-1927124.0,-33897.0,8676.32557735814
-1926969.0,-35348.0,7845.31986927997
-1926845.0,-38202.0,7034.121771573128
-1926754.0,-39566.0,7002.383025607716
-1926735.0,-38615.0,6913.94399299843
-1926686.0,-39735.0,6961.060472824459
-1925659.0,-24380.0,15354.807641755688
-1925620.0,-36092.0,6310.755614608993
-1925538.0,-36582.0,6056.525411596894
-1925439.0,-43663.0,7545.002174210121
-1924925.0,-38379.0,5107.889177176699
-1924731.0,-33088.0,7368.0363847716435
-1924440.0,-38434.0,4621.226265973005
-1924332.0,-32938.0,7224.93682638947
-1924045.0,-40374.0,4588.378539453645
-1924020.0,-40292.0,4533.811093034067
-1923338.0,-39091.0,3553.5442327792507
-1923185.0,-38181.0,3387.650330290694
-1923082.0,-35463.0,4512.181575504095
-1923012.0,-34736.0,4997.1332533082
-1923010.0,-33840.0,5714.277387677168
-1922759.0,-34184.0,5288.778231625766
-1922451.0,-38191.0,2658.733453793095
-1922163.0,42960.0,32079.780273499488
-1921901.0,-34470.0,4607.846831364783
-1921888.0,-43267.0,4043.096872452662
-1921885.0,-43262.0,4038.4398719105006
-1921884.0,-43270.0,4040.519031688441
-1921880.0,-43265.0,4034.9316401193837
-1921876.0,-43261.0,4029.7219741858744
-1917974.0,-109402.0,45674.173698771585
-1915601.0,-4382.0,34459.13328169061
-1913595.0,-11533.0,27756.065755512205
-1910980.0,114347.0,66933.78823280214
-1910823.0,1705.0,41279.38943543517
-1910050.0,76367.0,42900.42196516955
-1909705.0,75392.0,42850.65947788437
-1905433.0,118841.0,73828.94665968626
-1904700.0,157547.0,106965.44165226843
-1903200.0,73675.0,42139.7608869207
-1903193.0,104765.0,64693.15216319266
-1901900.0,141428.0,91853.7643271839
-1901410.0,71516.0,39424.95567257181
-1895036.0,143028.0,89552.95063128763
-1893421.0,-100397.0,54851.65607218675
-1888013.0,105318.0,54911.04769808929
-1886030.0,32077.0,23652.832347726424
-1885613.0,56517.0,18133.898686593948
-1884066.0,51765.0,15137.762830512766
-1883958.0,51367.0,14956.745859833745
-1880429.0,48535.0,11195.54923533697
-1880306.0,48098.0,11088.956816538437
-1878872.0,45576.0,10140.45613018736
-1877431.0,51821.0,8758.595774509438
-1877253.0,51454.0,8467.252977645972
-1877075.0,47924.0,7881.347784830626
-1876955.0,49758.0,7787.690188563913
-1876821.0,49377.0,7613.182686607135
-1876781.0,-53087.0,39703.898218872724
-1876486.0,50118.0,7382.084902455043
-1876112.0,48629.0,6877.587055243628
-1875771.0,49098.0,6546.052064340366
-1874741.0,-86588.0,58359.43995607056
-1874038.0,73425.0,25131.64273729106
-1873694.0,94497.0,37317.59479520129
-1868862.0,155905.0,84484.17138487326
-1868028.0,57462.0,8813.020756168435
-1867750.0,-65325.0,52043.705196953495
-1864211.0,116580.0,50271.542636717284
-1861257.0,69870.0,11898.856710366406
-1861051.0,80312.0,18357.637899137015
-1860295.0,71867.0,11940.475284293816
-1860163.0,80388.0,17909.334784738137
-1860115.0,80507.0,17981.710416276626
-1859482.0,72769.0,11792.471296332727
-1859070.0,70128.0,10012.008239800403
-1858854.0,75105.0,12927.281847737024
-1858677.0,65844.0,8500.379004481572
-1858458.0,66590.0,8344.348954821524
-1858258.0,74180.0,11842.80379765835
-1858210.0,65857.0,8034.283808456794
-1858069.0,71965.0,10186.518615347983
-1857566.0,73287.0,10718.234266931791
-1857158.0,73498.0,10599.330228454568
-1857154.0,72326.0,9744.562639740727
-1857145.0,74034.0,11000.335412060433
-1857024.0,70698.0,8581.47441689543
-1856969.0,74042.0,10896.055798032183
-1856789.0,75250.0,11763.023709311763
-1856592.0,67333.0,6661.363548916292
-1856524.0,75562.0,11878.904051461592
-1856439.0,74667.0,11084.148771954959
-1856157.0,66546.0,6062.038285744372
-1856146.0,75571.0,11689.237244441167
-1855884.0,68865.0,6611.393513536348
-1855777.0,62207.0,6500.077378526388
-1855582.0,75226.0,11109.089375274214
-1855200.0,116925.0,44818.34812020949
-1855175.0,95010.0,29619.746095489838
-1854678.0,73282.0,8972.105170350504
-1854623.0,75246.0,10694.149856525773
-1852540.0,63656.0,3003.2960569730335
-1852387.0,63315.0,3115.688495153156
-1852339.0,71698.0,6546.111499037403
-1851162.0,70492.0,5070.2762155359405
-1851146.0,60832.0,4430.18466189788
-1851143.0,70449.0,5024.427205247326
-1851140.0,73627.0,8166.125447531985
-1851117.0,70441.0,5011.66383477877
-1851087.0,70240.0,4808.601077634684
-1851059.0,179070.0,58933.21003197296
-1851053.0,-36395.0,65157.36097113974
-1850952.0,60499.0,4618.536469155058
-1850638.0,62566.0,2743.812766082135
-1850180.0,79977.0,14459.844792210919
-1849538.0,69711.0,4243.139961022863
-1848464.0,94814.0,23925.33480580966
-1848075.0,60740.0,3881.2318779114034
-1848000.0,68842.0,3977.3953688096894
-1847678.0,17395.0,37546.98318111575
-1847303.0,79947.0,14714.424100957149
-1846969.0,62873.0,2457.3325928160048
-1846963.0,62882.0,2455.5321412100943
-1846844.0,62090.0,3123.6884761633723
-1846668.0,79552.0,14468.29054718727
-1845581.0,99947.0,25458.00296041871
-1845369.0,76684.0,12160.267953126204
-1845190.0,99022.0,24495.057088884034
-1844636.0,61628.0,5056.3426491601795
-1844622.0,72962.0,9292.437586114205
-1844492.0,72559.0,9053.949218149392
-1844325.0,75752.0,11792.672146711615
-1844269.0,77983.0,13797.52061432879
-1844198.0,75353.0,11513.598430848104
-1844102.0,68581.0,6148.529186668647
-1843975.0,68181.0,5995.540954852718
-1843616.0,74178.0,10868.969362355743
-1843496.0,73799.0,10629.575721209021
-1843160.0,78920.0,13685.914418236296
-1842928.0,75323.0,12197.879403274475
-1842563.0,62158.0,6641.6169431635
-1842314.0,63951.0,6469.402033520293
-1842201.0,61551.0,7211.853643087645
-1842148.0,79226.0,12651.73462085292
-1842111.0,89056.0,15392.222254193464
-1841654.0,60899.0,7989.376445312651
-1841474.0,60471.0,8350.858002344228
-1841171.0,79511.0,11657.846661090058
-1840942.0,72757.0,11322.80163751519
-1840885.0,71640.0,10584.808165957316
-1840760.0,71295.0,10452.553958536482
-1840442.0,79539.0,10928.45570037637
-1840434.0,73809.0,12439.933963527166
-1839773.0,72507.0,11991.779936127781
-1839665.0,75265.0,11263.474418326206
-1839518.0,82457.0,10240.723405828761
-1839393.0,82059.0,10036.988059128546
-1838962.0,73654.0,11469.945226464206
-1838470.0,77197.0,9423.452807898451
-1838192.0,75187.0,9997.955171968377
-1837849.0,68891.0,11733.608795648384
-1837186.0,81518.0,7768.696843029049
-1837042.0,81222.0,7580.722402758825
-1835618.0,70742.0,11233.486495816414
-1835301.0,70911.0,10921.107940748952
-1834181.0,71510.0,9841.395562687747
-1831964.0,72674.0,7894.179872671421
-1831532.0,68066.0,12282.252163365261
-1831387.0,67682.0,12639.198097968505
-1827775.0,70585.0,9212.112561621007
-1827649.0,70140.0,9618.256575335032
-1827635.0,69387.0,10353.00417724129
-1827624.0,76128.0,3954.6323107181047
-1827358.0,73513.0,6273.477659478489
-1827227.0,73106.0,6633.007556077087
-1825845.0,95440.0,12796.066660872923
-1825213.0,82089.0,638.9238750458068
-1815057.0,103883.0,23405.46717477994
-1805019.0,113697.0,36877.30506841978
-1801204.0,106123.0,33377.57855950156
-1789118.0,28342.0,62888.651599243145
-1788386.0,96423.0,39070.56363114942
-1783209.0,157997.0,40165.090188468916
-1726221.0,31672.0,110337.53455081824
-1721407.0,39169.0,111772.46231182352
-1719979.0,155611.0,85207.42493218678
-1703217.0,218614.0,44864.5975737604
-1688426.0,83654.0,136535.2768522446
-1686968.0,212184.0,33905.61355058285
-1685824.0,200331.0,41861.63401341696
-1682801.0,79111.0,142201.42756593155
-1676550.0,113306.0,121800.9206225317
-1669834.0,86425.0,147957.38961755464
-1648418.0,176356.0,59149.27667529221
-1630216.0,179062.0,63142.67898835674
-1612261.0,256156.0,53595.388837793376
-1602816.0,242573.0,58911.991243345925
-1601285.0,243678.0,60591.92216975021
-1592471.0,256595.0,72231.93678391067
-1590657.0,319443.0,110652.58592812943
-1587213.0,103317.0,150243.11197965004
-1585397.0,237774.0,75810.04174619261
-1580475.0,174938.0,100033.23428115812
-1575402.0,238517.0,85829.61525208922
-1570278.0,240212.0,91044.86928560371
-1562950.0,151339.0,128416.50073913581
-1548394.0,228540.0,112863.49170963951
-1548358.0,228681.0,112892.55970849126
-1531242.0,105332.0,182909.41706591452
-1510725.0,188580.0,157139.45361097532
-1502758.0,149645.0,179486.00323429363
-1475166.0,220194.0,186474.33640471674
-1459329.0,222510.0,202124.22746348314
-1447106.0,223527.0,198910.72101566475
-1444200.0,223984.0,195971.5269654411
-1438700.0,51203.0,271787.7683684084
-1436312.0,156060.0,207472.59488112305
-1434280.0,222033.0,186363.96953008274
-1431785.0,229616.0,183043.03295282947
-1429288.0,231513.0,180390.89579233652
-1428743.0,231064.0,179885.29039490307
-1423757.0,233699.0,174707.5425525172
-1418737.0,234275.0,169659.16804055008
-1418005.0,216135.0,171182.42645921226
-1417619.0,219362.0,170261.64502297225
-1414166.0,47628.0,258060.27484395698
-1414006.0,236008.0,164822.87272996613
-1413999.0,137510.0,197229.51881055892
-1413602.0,218145.0,166498.25830909348
-1410774.0,219501.0,163483.77849652735
-1401113.0,-7711.0,295839.8387716124
-1400154.0,123532.0,194355.14926767084
-1399009.0,27924.0,264673.46640769
-1396509.0,31131.0,260615.06507616097
-1396172.0,31135.0,260421.8204132895
-1395783.0,25976.0,264485.4727671117
-1395321.0,26289.0,263969.27072863164
-1394759.0,29507.0,260979.63409470022
-1394432.0,29839.0,260521.824786753
-1394060.0,153381.0,171857.93952368223
-1393959.0,28311.0,261531.405674943
-1392946.0,30352.0,259270.6208431773
-1392812.0,24914.0,263744.9095041734
-1392152.0,96503.0,206871.37369154685
-1390026.0,120098.0,188891.91359046742
-1389125.0,166888.0,160637.12039835192
-1371767.0,44149.0,236272.44135982005
-1366356.0,135097.0,161327.32624190365
-1364041.0,25588.0,248686.66306410285
-1359544.0,146773.0,148390.61551906043
-1359109.0,39514.0,234062.91312720306
-1354712.0,153954.0,140005.19320741147
-1354323.0,134860.0,153009.74820340896
-1349279.0,111027.0,168111.17825333215
-1346718.0,178353.0,118620.7924638915
-1336830.0,50283.0,214615.26517924957
-1327311.0,109918.0,157040.42231969646
-1323391.0,246583.0,73884.79590026368
-1323344.0,227827.0,76120.35953267444
-1316142.0,255288.0,67234.82027924684
-1306875.0,263543.0,59895.105622743686
-1287072.0,160542.0,93652.01938431773
-1285442.0,159287.0,94168.98068767454
-1274716.0,193480.0,58554.349672271346
-1272778.0,140837.0,106657.80773264536
-1270608.0,139508.0,105786.20915740362
-1269552.0,139442.0,105011.15988738503
-1267102.0,278141.0,36353.13010255961
-1264077.0,94358.0,135012.87890680632
-1257893.0,142367.0,94297.68388716629
-1256577.0,202475.0,44421.07965562774
-1247328.0,299940.0,53654.463514703304
-1242591.0,196721.0,50088.4991485034
-1239884.0,172384.0,61510.12673774894
-1230873.0,98144.0,116112.96300372297
-1229592.0,361438.0,108458.57597766379
-1224064.0,181417.0,43346.84294471667
-1214720.0,247589.0,34809.42116700059
-1206004.0,337280.0,75142.63705847877
-1201124.0,253221.0,32091.009493795988
-1195709.0,107158.0,99368.51647470605
-1191538.0,202563.0,4760.972578573181
-1191522.0,200514.0,6477.16231955984
-1191251.0,202186.0,4895.808660877762
-1191220.0,200184.0,6644.948903785924
-1190652.0,198620.0,7932.228399001486
-1190435.0,198262.0,8225.482646260074
-1188725.0,197980.0,8290.054326958614
-1187587.0,201059.0,5297.118392477642
-1187352.0,200668.0,5726.511158980211
-1186617.0,197058.0,9410.471683392114
-1185473.0,197145.0,9627.534687754936
-1184879.0,199603.0,7608.411357433584
-1183638.0,198032.0,9588.80078184567
-1181595.0,206629.0,6962.611103883616
-1177196.0,136292.0,70891.02948507607
-1177032.0,238915.0,4110.397500499367
-1176283.0,239040.0,3653.0134011678183
-1176098.0,237757.0,2672.949024525482
-1175918.0,238139.0,2758.3948925619375
-1175295.0,157439.0,50595.81614109929
-1175230.0,237800.0,2027.315367946485
-1173750.0,241766.0,3427.0829563996904
-1165519.0,136034.0,73913.3629423254
-1164073.0,158300.0,53851.49431969294
-1156345.0,306599.0,33426.035414545666
-1156263.0,67993.0,97682.75393352867
-1156106.0,170078.0,48602.76035488024
-1151150.0,64324.0,96255.8371783567
-1148015.0,241972.0,24198.135580950162
-1147878.0,107244.0,70833.31621406917
-1146587.0,265443.0,20435.989925170205
-1145437.0,266591.0,21029.77002023698
-1142406.0,163207.0,60638.13022315142
-1139073.0,115561.0,60032.866103579596
-1138193.0,93927.0,67796.23370051109
-1137063.0,297979.0,20668.62484761919
-1137054.0,298041.0,20645.470253603366
-1135266.0,120925.0,55211.918650163905
-1135125.0,294000.0,20182.052977088864
-1134354.0,294712.0,19180.028691710068
-1133529.0,296847.0,17602.637937503037
-1133479.0,294782.0,18359.8015191565
-1133308.0,296745.0,17430.07434987072
-1132979.0,296091.0,17364.363141573063
-1132921.0,111973.0,55151.10262827315
-1132872.0,300534.0,16067.318898796431
-1131084.0,297551.0,15064.606253613834
-1131084.0,297555.0,15063.210862031408
-1130390.0,123323.0,50031.526692399835
-1130059.0,306410.0,13579.030436154875
-1129868.0,209267.0,23917.112990406487
-1129571.0,313910.0,16796.71567902547
-1128349.0,214799.0,22473.99019825965
-1128017.0,213375.0,21995.009625191597
-1126815.0,202520.0,22699.87679416501
-1125974.0,226522.0,24771.056222815187
-1119923.0,126704.0,39254.00366220394
-1118963.0,236637.0,28013.398515386736
-1118919.0,129743.0,38109.78524119915
-1115712.0,235515.0,25632.00873662211
-1115130.0,255141.0,36519.34348220403
-1114732.0,254683.0,35979.54395726546
-1112877.0,200984.0,12740.762153869477
-1110218.0,194172.0,18068.974296010085
-1108291.0,164041.0,43724.30146504713
-1104744.0,155937.0,35268.98516538751
-1101840.0,247972.0,21573.447877425493
-1101369.0,155726.0,32906.71738402852
-1100233.0,237957.0,19265.45582559608
-1097331.0,160216.0,34409.585631569666
-1097259.0,169247.0,42525.19130663994
-1096504.0,162464.0,36029.70979753134
-1096228.0,236266.0,15811.61494886569
-1094463.0,229314.0,17901.80652899568
-1094333.0,167137.0,39492.52534840392
-1092959.0,154428.0,27253.726515842318
-1092863.0,254324.0,17331.913473404853
-1089965.0,158248.0,29664.165330788044
-1088510.0,304930.0,22766.23254274482
-1087694.0,226104.0,16611.448896276048
-1086841.0,53291.0,40637.986461065135
-1086025.0,231945.0,10602.967106918259
-1085463.0,68408.0,32806.6474396625
-1084100.0,297577.0,26249.64161538847
-1082960.0,155584.0,25642.473631971025
-1082855.0,256353.0,9087.00454507435
-1081221.0,171089.0,41059.26099844382
-1080312.0,85892.0,28006.571134851816
-1078612.0,391050.0,96216.99190738615
-1077634.0,328547.0,44441.92544785086
-1076584.0,245734.0,6373.187040844544
-1076088.0,259569.0,3842.715313655337
-1076084.0,261098.0,2386.6461520722537
-1075768.0,261277.0,2370.1564991791715
-1075499.0,259720.0,3883.6521824696365
-1075185.0,168687.0,39062.374858146184
-1074908.0,128344.0,6138.883998116554
-1074123.0,163472.0,34102.309978421275
-1070873.0,221393.0,22578.387011050785
-1068956.0,299873.0,34754.27590761862
-1066861.0,413126.0,121163.57130917035
-1066775.0,295244.0,30872.189544920206
-1066253.0,156819.0,30487.2055817245
-1066070.0,301865.0,37403.62283546983
-1066021.0,81997.0,13250.591497307516
-1065025.0,253658.0,15375.28536012258
-1064257.0,262867.0,12660.34681939169
-1063172.0,282917.0,21593.327081700052
-1062631.0,408107.0,118491.40955039235
-1062222.0,94839.0,16199.756986546925
-1060101.0,136298.0,21636.562329176395
-1059120.0,117971.0,7047.650276628031
-1059102.0,339393.0,65582.11838369005
-1056918.0,412649.0,120253.263712189
-1056053.0,322741.0,59468.57112870913
-1055598.0,145332.0,29491.640499543868
-1053813.0,302145.0,42731.60774501799
-1052576.0,252822.0,9842.567736617268
-1051475.0,239448.0,4514.253794404904
-1049316.0,132746.0,21412.489807882084
-1047008.0,242984.0,114.75611376869597
-1046230.0,320154.0,56608.916143250826
-1044748.0,107175.0,11532.304666459933
-1043963.0,162032.0,48803.047328874236
-1043736.0,97497.0,12869.465484890243
-1036245.0,145760.0,38568.71357516417
-1032434.0,307107.0,37818.04069814833
-1030942.0,246202.0,14863.102339079756
-1029886.0,257283.0,17352.070107942694
-1029729.0,60295.0,6713.728483463911
-1029019.0,122051.0,27949.85278608193
-1026185.0,256695.0,14164.706199387227
-1024095.0,377222.0,72369.2995135553
-1020855.0,220992.0,26204.362780650845
-1020426.0,124172.0,36752.12304099249
-1017562.0,375161.0,65974.48149094373
-1016962.0,240476.0,6343.675722478258
-1016635.0,-117096.0,2351.18752208714
-1016584.0,188545.0,58216.46897630394
-1016563.0,236917.0,9853.757680852521
-1016370.0,-117511.0,2842.5014300820103
-1016064.0,-122045.0,2737.122083536117
-1015165.0,-122171.0,2211.2790062271915
-1014887.0,-122606.0,2460.4773466506695
-1014594.0,-121792.0,1597.623176027793
-1014318.0,-122199.0,1897.692454793752
-1013887.0,-122499.0,2155.737012945026
-1012866.0,-121347.0,1455.291052188935
-1012226.0,386443.0,70098.48852579117
-1011653.0,-122263.0,2970.4638899978568
-1011537.0,373166.0,60103.0639580702
-1011360.0,-122687.0,3470.656801036542
-1010942.0,327654.0,42518.229833632555
-1010201.0,-121047.0,3784.9388801645455
-1010055.0,-122423.0,4388.893760594034
-1009946.0,-121537.0,4149.3356232752785
-1009116.0,174907.0,72189.96019856888
-1005090.0,148219.0,61707.3296013241
-1003257.0,329056.0,36782.52310350499
-1002989.0,131460.0,55626.52812073615
-1002854.0,216042.0,33447.439493838116
-1002708.0,163252.0,73229.5827698086
-1000467.0,331508.0,33804.590866618666
-996488.0,162649.0,77410.73981504406
-995590.0,96961.0,54009.829974856184
-995057.0,383822.0,58075.9014309436
-994749.0,191055.0,59652.21858455025
-993978.0,253011.0,15762.282408298463
-993600.0,252062.0,16738.069369391294
-992416.0,197673.0,54496.78035683359
-991036.0,325033.0,25648.747070811838
-990662.0,252181.0,17131.06074846957
-988341.0,208250.0,47465.17064086006
-985815.0,173160.0,79582.68206978176
-981948.0,301453.0,24161.894579382664
-981515.0,274051.0,14559.156954417198
-980489.0,134850.0,78041.36982255659
-979215.0,93431.0,62896.73510188643
-975585.0,172748.0,84369.92977453499
-975429.0,351769.0,20573.053649040023
-974736.0,198206.0,63777.18414312414
-973553.0,110442.0,78606.39481077269
-973392.0,138698.0,85966.09984653164
-972609.0,279388.0,17494.398135194402
-969641.0,170231.0,89521.17311413522
-969200.0,331908.0,2784.9479152185063
-968027.0,287671.0,16444.639072292724
-960530.0,164786.0,99027.64550341468
-960123.0,257436.0,16413.931095392505
-957447.0,117642.0,95191.48225751646
-957062.0,332212.0,9684.212813836783
-956626.0,332826.0,10080.61941940477
-956472.0,307434.0,24987.03753988983
-955872.0,328968.0,11605.130822290661
-955862.0,328699.0,11713.751974550285
-955745.0,330613.0,11244.117732818377
-955463.0,330239.0,11606.828446232876
-955344.0,328597.0,12232.187946793521
-955120.0,328256.0,12568.955288363499
-955042.0,330871.0,11878.25237006188
-954804.0,330432.0,12201.77791937227
-954746.0,334509.0,12034.031611944545
-954731.0,331266.0,12116.37204883874
-954472.0,330885.0,12435.699094304297
-954432.0,333654.0,12280.579982039962
-954350.0,333329.0,12353.231473638009
-954145.0,331733.0,12635.210301592955
-954017.0,330279.0,13003.1348024344
-953785.0,331430.0,13029.301951796218
-953370.0,331240.0,13466.30158707582
-952929.0,442202.0,59185.73892790451
-952508.0,329894.0,14559.926488113904
-952040.0,332551.0,14673.542717996932
-952000.0,332396.0,14720.517214856305
-951930.0,333751.0,14784.448798885971
-950719.0,154865.0,112773.47958996818
-949684.0,349761.0,23788.722518304352
-946085.0,100144.0,94163.071054461
-945487.0,259875.0,17219.20905133839
-944338.0,454732.0,51334.99375117201
-943600.0,140324.0,115058.52038010675
-943531.0,227641.0,47446.65435416593
-943504.0,83184.0,89509.30697196505
-942778.0,258571.0,19967.024743969592
-938572.0,186761.0,88381.10085207975
-936992.0,252985.0,27996.623431419262
-936364.0,269428.0,20136.63405073389
-935265.0,455866.0,42701.0151647062
-935048.0,232794.0,45749.97465710438
-933666.0,125715.0,118663.68682082852
-933366.0,83794.0,99323.68341131671
-933182.0,84119.0,99597.57693438364
-931902.0,113868.0,113372.99712636282
-931518.0,245620.0,37126.58703358678
-931410.0,113177.0,113427.26633262423
-930518.0,83962.0,102091.8120687505
-923943.0,154470.0,123193.14796512625
-921223.0,452754.0,28325.996062988994
-921004.0,269473.0,28502.204846135366
-919053.0,166493.0,113142.61183298223
-910707.0,308793.0,28670.064989229835
-908624.0,363768.0,13197.651622193029
-908408.0,363252.0,12670.575635762341
-907834.0,535782.0,38119.887288923965
-907461.0,513898.0,18346.923286509566
-904440.0,347652.0,7427.060187750132
-904266.0,359738.0,7309.04945324456
-903946.0,349745.0,5887.970945934994
-903884.0,147450.0,136348.54778686602
-903733.0,344120.0,5889.664259434736
-903551.0,346314.0,6072.649819087464
-903544.0,347314.0,6476.941319918147
-903495.0,347007.0,6292.831864229572
-903483.0,343771.0,5657.740332841629
-903337.0,345975.0,5760.8474700397155
-903064.0,361747.0,8455.585021639525
-902705.0,348818.0,5881.573844675821
-902635.0,361465.0,8035.543882312803
-902564.0,359186.0,5922.159250440225
-902057.0,362904.0,9239.597224401872
-902049.0,340977.0,4549.729298256491
-901513.0,346627.0,4378.225882462329
-901419.0,342822.0,3568.5642710218367
-901387.0,342833.0,3536.8701331281045
-901336.0,346300.0,4055.3130401071417
-901258.0,345250.0,3560.5705313703584
-901098.0,342467.0,3257.27274040932
-900372.0,359448.0,5535.546566110242
-900346.0,359590.0,5674.351455203924
-900298.0,357606.0,3697.1390498566448
-900049.0,357238.0,3305.742901796041
-899573.0,514930.0,15799.019086090992
-899359.0,384846.0,25400.913455545844
-899171.0,361501.0,7587.82184739303
-899165.0,834266.0,73114.18925952275
-898866.0,359465.0,5605.357441249844
-898840.0,357326.0,3523.0369162378925
-898824.0,834959.0,73866.68933045877
-898699.0,359633.0,5800.802534113276
-898418.0,359177.0,5419.581290337384
-898360.0,359353.0,5604.594320677906
-898173.0,361472.0,7708.353392753542
-897834.0,359729.0,6118.0308668210455
-897525.0,598449.0,78488.52949375044
-897260.0,832128.0,71502.44126404295
-897170.0,833649.0,72995.61196399214
-897062.0,358635.0,5442.112850701934
-896929.0,833471.0,72885.35945987447
-895780.0,834669.0,74343.77166579399
-895561.0,834388.0,74132.48992014305
-894651.0,180753.0,111193.46457067202
-894528.0,445709.0,717.0567658601568
-894282.0,445643.0,462.36145975395397
-894202.0,446072.0,662.2304566129468
-894067.0,832459.0,72709.84420484693
-894062.0,832420.0,72674.11224275059
-893935.0,830893.0,71256.95180878784
-893662.0,832602.0,72967.93687202285
-893069.0,448017.0,2612.356562007885
-892712.0,444842.0,1312.8765271973155
-892384.0,836338.0,76915.56946975502
-892362.0,835350.0,75981.63568919737
-891844.0,447509.0,2815.3128367315694
-891615.0,445940.0,2260.711914788252
-891426.0,599279.0,73707.19182841812
-891055.0,448695.0,4221.042086815229
-890727.0,447217.0,3542.3387653731625
-890465.0,446865.0,3629.7699233788144
-890338.0,596925.0,72109.14490020546
-888080.0,389408.0,13236.482672678982
-886944.0,392878.0,11322.314732956806
-886356.0,605005.0,66607.92444823011
-886015.0,502488.0,10466.99774735183
-882770.0,396413.0,7473.603693274816
-882442.0,148398.0,145105.48350267846
-876816.0,234150.0,83783.1147490463
-868602.0,570801.0,49825.04504828497
-862221.0,437800.0,25972.981802095284
-861649.0,436081.0,26462.642028160615
-861542.0,441498.0,23592.280955138118
-861489.0,266872.0,78707.70121116396
-861310.0,439738.0,24197.57599851218
-861277.0,441146.0,23508.080994100153
-861229.0,437762.0,25159.76157072186
-861206.0,435601.0,26394.169173853013
-861045.0,439386.0,24143.71213303316
-860662.0,436712.0,25293.324601091346
-859483.0,266354.0,80769.27710233057
-859454.0,453034.0,19269.51317725939
-859406.0,435537.0,25029.08352780766
-859140.0,435184.0,25056.194392280973
-859082.0,854418.0,80728.58315502468
-859025.0,454456.0,19000.695366979944
-858979.0,440755.0,21669.237754996662
-858784.0,438912.0,22489.170235839578
-858484.0,856248.0,81144.18322261066
-858222.0,436646.0,23409.384147691126
-857957.0,436294.0,23435.20483232806
-857840.0,452052.0,17609.311859802277
-857100.0,852395.0,77922.75437392428
-856905.0,535896.0,44499.62574676422
-856646.0,453595.0,16527.563859564216
-856585.0,852201.0,77396.62083717826
-856419.0,827700.0,65178.01235200056
-856320.0,453203.0,16161.05208737269
-856251.0,827705.0,65022.49667721424
-856196.0,827908.0,65042.82137245691
-856036.0,827539.0,64762.86923169276
-855917.0,451567.0,15681.357242349053
-855914.0,456334.0,16368.954773001642
-855664.0,479710.0,24103.057790269544
-855661.0,451113.0,15433.867085632593
-855383.0,450836.0,15167.985385817494
-855096.0,449812.0,14970.924329344967
-855092.0,456421.0,15609.918679582328
-854084.0,478605.0,22362.637809146607
-853845.0,478228.0,22073.495696877588
-853146.0,477768.0,21323.15952652124
-853084.0,477741.0,21258.48250807836
-853072.0,477704.0,21242.382897336956
-853022.0,479867.0,21543.104536780986
-852651.0,479150.0,21038.459515346498
-852492.0,476588.0,20567.505932559583
-852359.0,479175.0,20756.02084100114
-852345.0,525110.0,47769.5738309615
-852323.0,479264.0,20737.372765721157
-852255.0,476180.0,20309.674050473423
-851972.0,479922.0,20530.161019307023
-851936.0,480818.0,20714.506967810594
-851878.0,481786.0,20936.83217317925
-851751.0,478023.0,19970.857672280217
-851483.0,477652.0,19657.968428962176
-851464.0,501974.0,33022.751970086836
-851340.0,822456.0,58664.44517500304
-851163.0,823425.0,58795.17312765681
-851118.0,820031.0,57767.122915410444
-851099.0,820064.0,57757.49878702798
-851089.0,480635.0,19849.363547632296
-851039.0,821595.0,58123.04016915786
-850989.0,480081.0,19611.331551969484
-850984.0,480080.0,19606.238313686634
-850640.0,480183.0,19298.37024515474
-850384.0,481936.0,19571.387661590936
-849985.0,480506.0,18751.881275479373
-849977.0,480526.0,18749.732089565277
-849909.0,744438.0,68425.77955560113
-849746.0,483010.0,19372.60469126116
-849740.0,483026.0,19373.452667779016
-849739.0,483052.0,19382.886814313133
-849739.0,484872.0,20177.68538362302
-849494.0,482668.0,19006.802620974257
-849482.0,482577.0,18960.738635893747
-849480.0,484544.0,19795.007600106495
-849473.0,482611.0,18965.461298130187
-849394.0,483012.0,19050.813592743852
-849023.0,824240.0,57041.64686468246
-848587.0,481376.0,17691.035960182602
-848117.0,482888.0,17836.903997635745
-848068.0,820944.0,55091.10703355069
-848041.0,483414.0,17998.324349829738
-847765.0,481974.0,17143.952809759892
-847615.0,822161.0,55029.559626222144
-847429.0,481658.0,16712.459900016936
-846840.0,485955.0,18284.807981640777
-846722.0,482689.0,16494.291462474957
-846435.0,822598.0,54053.20765723287
-846283.0,482030.0,15812.127609138319
-846190.0,462861.0,12712.492250804853
-845627.0,849611.0,67308.49616243655
-845490.0,511856.0,38955.922475493695
-845030.0,480928.0,14217.685195525832
-845018.0,480926.0,14205.868680650063
-844751.0,485377.0,16266.165067134738
-844713.0,824066.0,52946.10082883477
-844473.0,484931.0,15772.984563324548
-843585.0,485639.0,15539.093106396995
-843400.0,435144.0,16786.077552417435
-843046.0,478530.0,11537.05365194574
-843005.0,793628.0,48910.02759428725
-842709.0,457752.0,6603.501657573296
-842652.0,799165.0,47597.14613931952
-842390.0,803505.0,47016.991032018836
-841952.0,825169.0,50815.795956097536
-841679.0,824433.0,50274.010361712135
-841588.0,480630.0,10990.36240051595
-841588.0,480634.0,10992.294141782902
-841588.0,480640.0,10995.193845798023
-841468.0,461656.0,10102.287465785825
-841453.0,801953.0,46150.520395821535
-841192.0,879157.0,56821.01043792349
-841153.0,270584.0,91761.22625111774
-841129.0,458647.0,7074.471636848457
-841032.0,878897.0,56728.75137983041
-841018.0,849909.0,64151.314693871536
-840572.0,481070.0,10350.171829311572
-840543.0,825399.0,49622.96330759721
-840290.0,480761.0,9944.581867664163
-840057.0,458975.0,7348.02936726394
-840011.0,477891.0,8447.14369547925
-840011.0,824997.0,48972.349580496324
-839865.0,824229.0,48527.01925127835
-839721.0,479757.0,8934.936535044606
-839649.0,822828.0,47783.53936961492
-839357.0,822485.0,47384.229214526
-838842.0,460864.0,9339.439009928452
-838726.0,823808.0,47314.767192403466
-838642.0,828202.0,49169.537304979174
-838561.0,477358.0,6904.070577744335
-838483.0,792029.0,44948.29123496399
-838367.0,829030.0,49328.974780231736
-838261.0,480993.0,8473.414499744189
-837008.0,776271.0,50464.245375613624
-836963.0,823886.0,45738.016431051525
-836876.0,825915.0,46543.01854492615
-836558.0,823393.0,45165.19421116375
-836510.0,508697.0,33681.38390318717
-835910.0,876742.0,52396.55275375481
-834137.0,759715.0,59456.91947340311
-833387.0,507002.0,31710.073465945738
-832448.0,867382.0,52913.30885633037
-832002.0,821928.0,40413.47605719829
-831954.0,516793.0,41469.10166023224
-830293.0,821647.0,38749.12655486753
-829340.0,505389.0,30179.33701303387
-829092.0,508281.0,33081.94806170695
-828874.0,506538.0,31366.61168135118
-828545.0,509625.0,34471.013993447836
-828282.0,509326.0,34200.809698565274
-828105.0,795101.0,34125.16743551511
-828067.0,517362.0,42218.285826400825
-828044.0,511022.0,35912.614843080926
-828023.0,510274.0,35171.524067297345
-827668.0,516455.0,41354.77847500427
-827615.0,853487.0,52389.42122557451
-827059.0,513739.0,38726.90112581791
-826937.0,830307.0,40559.16263853015
-826756.0,513295.0,38326.50856939459
-826546.0,574775.0,9375.039197231206
-826247.0,572378.0,11025.058803354372
-826211.0,570961.0,12193.877201531177
-826207.0,516594.0,41669.618226641775
-825923.0,516243.0,41362.53077169332
-825853.0,478674.0,6968.492288757756
-825555.0,507424.0,32733.52651562732
-825518.0,576946.0,7158.490106036417
-825370.0,576552.0,7299.187544776562
-825308.0,821781.0,34393.36604506951
-825039.0,571251.0,11372.816209049615
-824559.0,578946.0,5252.077592707577
-824545.0,562533.0,6183.121072798384
-824314.0,562056.0,5754.545603215206
-823808.0,573766.0,8572.971882038417
-823527.0,827323.0,36031.81462236867
-823318.0,566458.0,8119.064630281222
-823183.0,813566.0,29137.364094837765
-823133.0,559589.0,3965.98154711838
-823062.0,557665.0,4295.468995102105
-822880.0,813339.0,28780.44391622445
-822684.0,557255.0,4160.092402950144
-822228.0,816139.0,29128.60330682096
-821970.0,559126.0,2823.666183011647
-821791.0,569016.0,9890.624567421597
-821678.0,570280.0,11088.318980597722
-821676.0,562090.0,3619.7686492763055
-821610.0,564006.0,5143.058246713101
-821399.0,561765.0,3193.5935267475134
-821134.0,583089.0,2076.010117032269
-820951.0,569592.0,10268.508821639281
-820685.0,564376.0,5126.066661884499
-820579.0,578796.0,2692.1858928797246
-820428.0,564049.0,4740.008874789551
-820395.0,564104.0,4784.488643448086
-819967.0,533612.0,25879.70027163536
-819616.0,814639.0,26141.4762317154
-819562.0,811530.0,25086.558380968512
-819419.0,656792.0,20581.264267586026
-819296.0,811245.0,24754.80222706983
-819233.0,563643.0,4164.1192434515815
-818754.0,582557.0,1637.4702651407492
-818666.0,578209.0,3433.58404836993
-818513.0,576833.0,4784.094874270422
-817947.0,882728.0,33464.08394105553
-817879.0,814205.0,24370.003130109388
-817604.0,583886.0,3392.3772826470654
-817540.0,583375.0,3087.894163344968
-817345.0,643708.0,17381.34135119139
-817268.0,583544.0,3405.459380380256
-817199.0,562970.0,4007.928688996834
-817082.0,643360.0,17015.019872237463
-816976.0,582350.0,3090.360961541537
-816804.0,582788.0,3407.494982332312
-816746.0,812923.0,22842.670664774327
-816738.0,583590.0,3858.307963320167
-816511.0,814698.0,23318.3366342958
-816097.0,583709.0,4461.945564753087
-816070.0,583018.0,4172.61369386381
-815864.0,813699.0,22317.78567834501
-815725.0,646346.0,17056.768427338033
-815687.0,815573.0,22971.321461438427
-815673.0,640044.0,14812.238306003452
-815640.0,585924.0,6222.5048389390195
-815591.0,647501.0,17496.349786272964
-815480.0,645951.0,16645.864555463486
-815463.0,816691.0,23322.672660463715
-815367.0,814570.0,22231.003371614646
-815321.0,585514.0,6165.580555164251
-815206.0,816408.0,22957.65097267884
-815093.0,814220.0,21832.062036673076
-814887.0,855049.0,39666.423664629474
-814850.0,855224.0,39633.66448253652
-814350.0,813388.0,20807.552445613153
-814324.0,647610.0,16270.025526581507
-814185.0,584211.0,5402.418385637908
-814170.0,856061.0,38985.357745772664
-814012.0,652667.0,14910.888778171922
-814005.0,647301.0,16086.9079933968
-813716.0,583077.0,4191.310607563981
-813699.0,814560.0,20740.43210614335
-813660.0,644953.0,14570.7256666796
-813528.0,583394.0,4367.217760803595
-813398.0,644608.0,14171.950715460302
-813330.0,813632.0,19989.06066959981
-812859.0,856908.0,37727.755393830106
-812850.0,566338.0,9325.477959112024
-812797.0,566181.0,9247.061965580428
-812565.0,652613.0,13468.875163042136
-812441.0,584840.0,5373.12731331377
-812368.0,565845.0,9314.954596533693
-812194.0,565670.0,9325.658089008206
-812157.0,584415.0,4906.419638053638
-811584.0,646090.0,13498.505580909157
-810684.0,646643.0,13180.365776337001
-810522.0,576458.0,3235.1328758920336
-810457.0,646381.0,12835.665240026934
-809991.0,603345.0,23826.27558421753
-809963.0,576170.0,3696.9643450102944
-809802.0,572853.0,6904.643697011239
-809586.0,574706.0,5195.557369433737
-809551.0,646757.0,12367.5137977046
-809488.0,572602.0,7226.87675571384
-809440.0,646238.0,12007.905065857063
-809438.0,575927.0,4146.548807415311
-809274.0,574268.0,5717.463468696337
-809199.0,581716.0,3102.6713041954554
-808984.0,581402.0,3062.565476831129
-808333.0,582862.0,4527.06910089497
-808297.0,582022.0,3985.101414352953
-808282.0,581934.0,3943.370600473394
-808139.0,565745.0,8187.796171718604
-808126.0,563412.0,8747.833810744793
-808107.0,564455.0,8398.574672693563
-807892.0,565292.0,8007.023185854393
-807641.0,574700.0,6165.87135489195
-807251.0,469863.0,25308.55614361432
-807155.0,553750.0,13309.800331097547
-807074.0,655551.0,8240.491311530688
-806835.0,655135.0,7908.474779071675
-806815.0,409418.0,53839.84024646406
-806578.0,656916.0,8245.935979063419
-806450.0,561080.0,8524.837840452437
-806388.0,656571.0,7930.340866306607
-806362.0,574682.0,7037.598405470222
-806166.0,655901.0,7477.447593170591
-806025.0,581629.0,5788.940095861912
-805949.0,574287.0,7609.079781673797
-805748.0,581343.0,5956.84351316011
-805427.0,577452.0,6365.490850726066
-805393.0,577485.0,6386.7681346888785
-805172.0,573044.0,8217.538879908649
-804973.0,577559.0,6763.016903888179
-804963.0,426428.0,43350.49882929114
-804955.0,655063.0,6068.124814274396
-804278.0,568827.0,4795.244616827196
-804166.0,652543.0,5119.1285953971565
-803866.0,570649.0,5556.053710900417
-803770.0,652907.0,4676.927914113367
-803598.0,570317.0,5131.248819070295
-803486.0,655296.0,4760.622681079921
-803290.0,651402.0,4624.795845960437
-803275.0,654157.0,4224.202076938633
-802981.0,798522.0,9858.489567491746
-802855.0,562806.0,4792.228021913201
-802133.0,522740.0,40496.80773261621
-801724.0,658704.0,5908.955104653628
-801456.0,784985.0,20735.421998246005
-801448.0,658429.0,5541.8925074573735
-799896.0,923592.0,33790.2336381359
-799781.0,922607.0,32846.18058768494
-799659.0,796114.0,9690.108038486673
-798483.0,799953.0,5760.659952396425
-798270.0,658616.0,5284.488491236591
-798251.0,658398.0,5072.659478637611
-798063.0,918715.0,28592.518292126886
-797659.0,522121.0,43108.10342931459
-797489.0,796434.0,8638.261487101687
-797477.0,923531.0,32814.35979002502
-797450.0,778382.0,26511.73019591413
-797351.0,919077.0,28632.32419439279
-796861.0,547266.0,19643.27527141057
-796252.0,901588.0,13495.725124905677
-796061.0,782743.0,22080.832427251127
-795638.0,779318.0,25496.866248308732
-795367.0,901158.0,12547.117354277449
-795053.0,863648.0,21968.71615684169
-795046.0,772227.0,32588.500618214173
-792558.0,799716.0,5832.103001503367
-792165.0,945927.0,53501.4036044851
-791423.0,918738.0,26513.94923663411
-790717.0,777162.0,28043.953832345855
-789927.0,909442.0,17113.348366220165
-789838.0,732178.0,26166.49429774979
-789461.0,888667.0,5356.537098425625
-788971.0,706831.0,21965.885707486887
-788378.0,884814.0,7619.444554036478
-787856.0,888075.0,4659.571733736511
-787427.0,887322.0,4982.067145416269
-786574.0,888509.0,3521.533929559138
-786513.0,887406.0,4461.484678740493
-785835.0,888512.0,3177.552818669767
-785784.0,889067.0,2647.910462125977
-785168.0,892533.0,894.3512407382423
-785124.0,800894.0,10989.98380110477
-784565.0,799533.0,12045.441088558999
-784172.0,799659.0,12346.726681989254
-784164.0,799513.0,12415.623689067956
-783586.0,799107.0,13112.187067737614
-783548.0,884448.0,7102.455911530591
-783432.0,798977.0,13307.509527020655
-782782.0,789480.0,19852.306154946986
-782665.0,936411.0,43761.655850111645
-782590.0,798607.0,14226.529671601069
-782442.0,789173.0,20305.49325876488
-781995.0,787547.0,21853.98852026664
-781543.0,797510.0,15656.211822888248
-781495.0,797533.0,15687.997398009275
-781282.0,718379.0,12365.357139273226
-781172.0,900881.0,9445.976226955589
-780984.0,902725.0,11152.088300197867
-780797.0,790884.0,20174.91447651628
-780658.0,791966.0,19548.161129890097
-780339.0,790627.0,20684.079600445028
-780117.0,899831.0,9201.807888736328
-780099.0,899955.0,9308.63683760464
-780008.0,791675.0,20230.381176689334
-779245.0,932456.0,40252.85401490944
-778653.0,788708.0,23228.449297470255
-778644.0,768495.0,21237.70913849119
-778603.0,790082.0,22335.323338585145
-778418.0,789747.0,22695.704048126518
-778409.0,788402.0,23616.497495935895
-778361.0,793551.0,20417.550155401754
-778324.0,884604.0,5674.116685429086
-778252.0,284535.0,133007.50204089627
-778158.0,793253.0,20751.70333568178
-778137.0,883508.0,5578.6578794244815
-778042.0,791741.0,21723.0378108069
-777954.0,789604.0,23138.51655812331
-777737.0,791453.0,22139.99158163224
-776843.0,788577.0,24650.885976271657
-775840.0,349271.0,109421.21350135059
-775008.0,855646.0,1484.5925522775794
-774577.0,916025.0,25913.545377018763
-774459.0,864116.0,9967.753014951648
-774114.0,847304.0,6520.490960563536
-773824.0,864751.0,10665.97401820751
-773370.0,865111.0,11089.993862301171
-773358.0,919064.0,29179.468468706047
-772798.0,658285.0,26770.585946725383
-772747.0,852682.0,974.1057003176238
-772376.0,852597.0,1008.5771739392604
-772173.0,864159.0,10382.069615434206
-772013.0,854028.0,596.5593739029165
-771617.0,731627.0,15619.395444983584
-771544.0,736402.0,20337.989862485752
-771431.0,854279.0,1207.8577664574154
-771230.0,736081.0,19983.563979455048
-770600.0,846201.0,7626.450979885134
-770015.0,765103.0,13973.28999526425
-769874.0,901161.0,16873.00187549514
-769858.0,728114.0,11927.19656810328
-769777.0,901876.0,17594.2304963321
-769658.0,853690.0,2775.9696102067765
-769502.0,734836.0,18629.77164819187
-769501.0,734846.0,18639.74832089676
-769271.0,731729.0,15519.463956283222
-769214.0,734485.0,18274.91673115294
-769118.0,910742.0,24670.30451039083
-769099.0,910939.0,24827.065722070543
-768903.0,834532.0,19395.84939555342
-768586.0,734821.0,18617.938392726883
-768507.0,910947.0,25240.20863007297
-768434.0,735581.0,19382.343492740332
-767850.0,723908.0,7799.776413652863
-767553.0,835395.0,18851.472476885996
-767441.0,735207.0,19069.637903336647
-766149.0,884769.0,6506.377715892615
-765913.0,875189.0,11507.59937131394
-763696.0,905993.0,23267.118441707855
-763375.0,905699.0,23122.927930974955
-762630.0,924385.0,39324.52098487927
-762361.0,831174.0,19520.50379793795
-762189.0,881311.0,10942.05826494559
-761902.0,907541.0,25408.44297354841
-761732.0,854088.0,10711.577644212457
-761636.0,904423.0,22749.253226478926
-761630.0,907241.0,25254.432652222884
-761550.0,855240.0,11004.922731850153
-761386.0,904064.0,22559.596394888402
-761284.0,853567.0,11148.698050023244
-760997.0,853203.0,11442.664736240073
-759863.0,908779.0,27424.743986091486
-759071.0,771260.0,1474.215210595878
-758795.0,769869.0,2065.215384639621
-758373.0,846813.0,8945.750314610765
-758321.0,770058.0,1666.4476159640258
-758219.0,769701.0,1963.9462536821536
-758181.0,903380.0,23772.71603671027
-758098.0,769775.0,1859.4442914893066
-758012.0,855570.0,12541.608804350384
-757971.0,879113.0,15642.98247398699
-757941.0,625328.0,41761.42492642866
-757821.0,856449.0,13073.35815445133
-757812.0,856508.0,13112.927931936449
-757516.0,903694.0,24428.930770303097
-757277.0,844372.0,8103.825414676612
-757273.0,904340.0,25087.442753466552
-757117.0,844696.0,7871.915039300068
-757001.0,908022.0,28237.304931414066
-756866.0,902142.0,23659.173517024254
-756737.0,856904.0,12776.672828978568
-756535.0,854540.0,10786.536561471394
-756467.0,854570.0,10764.603556674028
-756348.0,854348.0,10518.91830405385
-756276.0,901602.0,23664.06634031146
-756038.0,860538.0,15586.43388910239
-755352.0,879371.0,18048.020479932526
-754940.0,858590.0,13357.806269854324
-754417.0,905262.0,27618.378463350473
-754307.0,906371.0,28531.357359667647
-754198.0,920336.0,40291.739866134594
-754072.0,906694.0,28929.85306515505
-753966.0,845792.0,4573.232324446124
-753922.0,912483.0,33657.073071609484
-753213.0,857662.0,11860.609480155712
-753193.0,857672.0,11863.740437263432
-753015.0,847518.0,3744.0317919001523
-752753.0,847196.0,3406.8807465420728
-752540.0,849127.0,4119.362955744393
-752476.0,864150.0,17989.85154675157
-752318.0,859851.0,13737.840321067928
-751684.0,847885.0,2683.898779901953
-751601.0,849088.0,3436.8193269299536
-751590.0,846827.0,2192.3862778167413
-751427.0,847680.0,2356.8561157523386
-751349.0,848785.0,3042.755076203023
-748926.0,897858.0,27107.628874100665
-748763.0,917199.0,40480.381590576195
-748754.0,898195.0,27289.05509268828
-748687.0,898518.0,27520.552485769178
-748682.0,841914.0,2869.446226105162
-748536.0,915899.0,39576.22006992658
-748463.0,915919.0,39636.585191394326
-748398.0,897717.0,26693.737915821686
-748369.0,916088.0,39827.84293815144
-748042.0,897011.0,25909.37396144832
-746947.0,893190.0,22166.285859177595
-746833.0,895556.0,24027.397467457366
-746564.0,895503.0,23834.933018890082
-746562.0,895113.0,23508.47830432622
-746526.0,898980.0,26793.37721816301
-745500.0,893923.0,21930.24957256476
-745395.0,896741.0,24287.09284995174
-745185.0,898638.0,25862.599611136866
-745171.0,896442.0,23916.775864643147
-745087.0,893681.0,21502.888296277248
-744953.0,898434.0,25576.09965808659
-744885.0,840042.0,5855.70619335612
-744822.0,840830.0,5282.874694530354
-743990.0,897339.0,24168.817805208782
-743380.0,866743.0,13234.31204494508
-741742.0,868337.0,10951.240943134195
-740999.0,895034.0,20863.923739612786
-740683.0,843280.0,7807.348425765882
-737656.0,909443.0,34135.41756878005
-734237.0,911777.0,36224.06528622346
-726643.0,907888.0,33049.211969303906
-725844.0,893689.0,19683.25622805793
-725207.0,905506.0,31075.727189837104
-724770.0,911500.0,36987.39346170233
-724524.0,901793.0,27729.390687517483
-723789.0,907602.0,33484.12589182494
-723760.0,903631.0,29716.062783252113
-723483.0,872145.0,7431.232976228636
-721887.0,903494.0,30255.67545027514
-720888.0,923567.0,49638.5229221074
-716687.0,891913.0,23461.65681819985
-716006.0,892368.0,24267.570873286506
-715248.0,892759.0,25086.315101373173
-714253.0,899565.0,30774.785259815926
-713128.0,892865.0,26737.776643875684
-712879.0,900691.0,32514.95048189654
-712011.0,978997.0,105647.54508476087
-711292.0,509859.0,105334.88705324943
-710512.0,889468.0,26876.85240875473
-710366.0,958352.0,85966.01064236715
-703652.0,901521.0,39566.42961966857
-697927.0,855415.0,30487.915995958607
-697873.0,909526.0,49231.268988085074
-694784.0,892974.0,42461.68531462674
-692742.0,929509.0,67620.67381240288
-691908.0,866486.0,35508.620580121504
-687045.0,898117.0,51651.39728402891
-682974.0,844849.0,48123.66326164532
-680999.0,941809.0,73591.94290703173
-680253.0,860456.0,47149.65311644436
-676723.0,1039170.0,96128.19631551701
-675740.0,944618.0,69045.94378904974
-675294.0,915127.0,67875.60438213585
-673717.0,950023.0,68608.86638334593
-673547.0,894208.0,61432.0963421515
-672964.0,942065.0,65766.72524593737
-672118.0,953216.0,68202.08886592709
-671487.0,892051.0,62367.892253221
-671107.0,971405.0,75936.64720611132
-669950.0,892890.0,64113.63629289936
-669512.0,970574.0,74152.63164274492
-667705.0,1153219.0,41483.00141204104
-667486.0,889040.0,64939.331310137335
-667466.0,1155765.0,43062.299471612045
-665838.0,885824.0,65358.32392216183
-665388.0,882077.0,64611.519031759584
-664951.0,965239.0,67383.2581254351
-664643.0,1035330.0,103676.2670657204
-664565.0,1150268.0,42827.5558920352
-663616.0,971997.0,70276.54567927634
-656335.0,1113868.0,50027.16186416528
-656233.0,1113959.0,50090.41859695917
-654072.0,962115.0,56680.6783534514
-651711.0,1105880.0,57479.29765616306
-650591.0,931047.0,42007.2283239613
-648533.0,947773.0,44412.479438254915
-644071.0,945723.0,39504.034978647636
-626269.0,1003628.0,61171.61771308144
-624487.0,1053748.0,105868.17720700295
-619549.0,933513.0,12110.469349741
-617526.0,932652.0,9915.909401634133
-612035.0,934388.0,7067.274732074307
-611440.0,934213.0,6645.613218252774
-605708.0,1076412.0,111954.75024367475
-603719.0,959954.0,13694.314841808626
-594980.0,958722.0,6478.456716007277
-594503.0,961130.0,8517.667750609888
-594216.0,960841.0,8157.178408431418
-593493.0,959827.0,6992.14205098693
-593296.0,897902.0,30170.868355079845
-592976.0,963935.0,10970.824370564847
-591550.0,962784.0,9774.8623609532
-590948.0,888201.0,38398.53478513416
-590002.0,962979.0,10144.641311578223
-589377.0,961766.0,9110.056149935606
-589293.0,961393.0,8777.109094136837
-588575.0,963971.0,11452.21472991052
-586749.0,965460.0,13472.829079067968
-586563.0,962668.0,11035.382334354323
-586412.0,958005.0,7426.012221359428
-586088.0,963643.0,12118.560027304376
-585003.0,964571.0,13463.312156522978
-584750.0,964253.0,13325.651173709275
-584591.0,961247.0,11016.089444951846
-584318.0,960948.0,10981.502766760997
-582991.0,871412.0,53702.852274218705
-577563.0,870826.0,54270.998509039404
-574426.0,870160.0,55170.60003266194
-572056.0,868769.0,56841.38284483548
-571414.0,870387.0,55337.38143851006
-570926.0,869506.0,56285.1508297238
-570509.0,970673.0,27746.69529213126
-570174.0,873526.0,52460.27107621879
-569064.0,872798.0,53393.759278345984
-567750.0,838803.0,87115.17635392329
-567365.0,891754.0,35638.95981454788
-566874.0,867737.0,58808.48257048602
-566600.0,1008215.0,60726.1200076028
-566344.0,838660.0,87466.91754753655
-565522.0,832541.0,93639.15624647606
-564509.0,896548.0,32479.76638251819
-563149.0,870563.0,57052.80485097081
-562750.0,871251.0,56517.52588645011
-561821.0,870958.0,57087.191312704796
-560281.0,902465.0,30042.87615057785
-559892.0,903754.0,29353.368340760477
-555681.0,871434.0,58906.196959489396
-555441.0,1000204.0,59639.60038600676
-554874.0,891809.0,41723.12055669804
-554867.0,891928.0,41632.65439385962
-554523.0,871739.0,59120.60731456129
-551870.0,827304.0,99901.36706548823
-551385.0,826280.0,100524.5596915272
-550185.0,975748.0,47517.618091897006
-549611.0,975817.0,48055.15920952898
-548682.0,942884.0,36138.93933322284
-548620.0,985924.0,54379.91803555406
-548519.0,855034.0,75425.18447740261
-542289.0,874767.0,56940.67858070552
-539188.0,901141.0,41181.8227423704
-539065.0,943899.0,45168.50376976153
-536468.0,889322.0,43525.04761225444
-533178.0,973022.0,62048.14575936317
-530459.0,926339.0,33632.67519466793
-516812.0,951910.0,42017.5814509002
-510529.0,959292.0,46627.63656915558
-508939.0,861957.0,51332.62456100622
-507698.0,990850.0,71704.85774179807
-507326.0,958722.0,44502.414203117725
-507109.0,862853.0,50144.811122081395
-501054.0,871725.0,40731.47211028861
-499543.0,867682.0,44747.94398493655
-497820.0,970148.0,49711.87945444329
-496729.0,908059.0,5220.550732175493
-496632.0,909030.0,4502.4292627222985
-496380.0,907954.0,5504.310341488578
-495494.0,950639.0,32322.318496569103
-495389.0,949169.0,30891.973102905766
-493632.0,912611.0,5758.367188763925
-493131.0,907813.0,7934.29234901376
-491003.0,917557.0,5810.372740319723
-490190.0,886351.0,27719.153219036452
-489156.0,908511.0,11139.764342732682
-488696.0,912758.0,7711.300554060258
-488313.0,912497.0,7813.8903350027895
-487783.0,914211.0,6022.287738081775
-487754.0,915567.0,4764.162039147095
-487581.0,958946.0,34565.37850790444
-487421.0,913892.0,6209.868938298945
-487417.0,915246.0,4924.742919021273
-484592.0,934828.0,15018.333333690909
-483808.0,916831.0,3541.764248118456
-483513.0,878754.0,37313.998737886825
-483411.0,916637.0,3922.121611048038
-483187.0,957904.0,30733.983342032025
-480970.0,968103.0,37726.79949623479
-480497.0,968618.0,37948.273690078466
-480342.0,968276.0,37573.75290213505
-476317.0,973895.0,41063.99348840176
-474016.0,895460.0,27026.491700615676
-473153.0,981536.0,47508.77351566446
-472561.0,964528.0,30980.585778985882
-472243.0,911910.0,15592.174852215105
-471658.0,930569.0,10370.126771467352
-471459.0,960962.0,27250.666663072712
-471218.0,956062.0,22592.18216290544
-470415.0,929277.0,9993.82419046403
-470099.0,953941.0,20203.762581724794
-470072.0,953825.0,20086.2266135654
-469736.0,974823.0,40237.66697726276
-469497.0,928458.0,9822.796434066224
-468701.0,930517.0,7878.625583050895
-467953.0,931877.0,6494.037652331871
-465684.0,919991.0,15264.397443837881
-465394.0,919684.0,15484.589230872236
-465212.0,876140.0,48255.98134793495
-465154.0,925801.0,9592.073400545058
-464622.0,916508.0,18429.98371209385
-464186.0,920677.0,14249.913699466542
-461561.0,922730.0,11943.03593880735
-461050.0,923012.0,11491.15056546967
-461025.0,922486.0,11786.68146089025
-460115.0,884907.0,43284.93378108653
-460031.0,936304.0,2200.1093229298854
-459871.0,920801.0,12085.260131560837
-459363.0,921047.0,11563.091390553558
-459199.0,934262.0,2344.784650504832
-456561.0,960778.0,26181.253850973284
-456396.0,960475.0,25923.768069698188
-456172.0,960511.0,26011.58353239386
-455578.0,910573.0,19540.835591501545
-454510.0,946064.0,13368.686198607624
-450815.0,900338.0,29406.923904347652
-446993.0,958058.0,27522.254065121626
-440681.0,931674.0,11216.339636748386
-439171.0,935046.0,13635.362028875245
-439006.0,964215.0,36756.02400589178
-437304.0,931602.0,14544.597776848032
-436794.0,934510.0,15679.835457130686
-430140.0,936721.0,22691.259826604877
-424313.0,932644.0,27569.07687560271
-422901.0,937697.0,29907.206020728383
-421683.0,943223.0,32935.178693292255
-420839.0,940948.0,32862.43658638373
-420802.0,941013.0,32919.43710888891
-420487.0,940728.0,33119.81454836503
-420404.0,940627.0,33164.79643214009
-419697.0,944671.0,35343.713325901284
-418624.0,940933.0,34947.771198634284
-418315.0,940637.0,35147.63407212912
-417255.0,950657.0,29470.939755931508
-417023.0,950146.0,29833.09763692574
-415893.0,925214.0,36118.25608080894
-410735.0,956921.0,21227.221192726673
-410441.0,956635.0,21416.02677554696
-407249.0,904152.0,51309.15628672227
-404262.0,935230.0,37325.98526030454
-399291.0,968890.0,9758.60853810341
-398935.0,927166.0,37764.25748607632
-398223.0,975188.0,5953.784514640803
-397983.0,975080.0,6168.805906589753
-397171.0,923322.0,39329.0888043986
-378879.0,891176.0,62381.372954639824
-377167.0,891109.0,62268.88705076291
