x,y,h,z,h_z,t,ido,keido
-1861411.4919999999,70034.9697,570.0,500,70.0,31.0,33.102222,131.11193799999998
-1859069.6519999998,70127.9894,892.0,500,392.0,23.8,33.109444,131.134171
-1856592.2130000002,67332.939,990.0,500,490.0,56.6,33.090278999999995,131.16583300000002
-1855581.935,75226.2649,748.0,500,248.0,185.3,33.166111,131.15333600000002
-1851143.3930000002,70448.8096,876.0,500,376.0,80.3,33.133888,131.209442
-1851138.9019999998,73627.0132,839.0,500,339.0,18.5,33.163334000000006,131.20056200000002
-1858209.621,65857.053,797.0,500,297.0,108.7,33.072224,131.154449
-1857565.759,73287.0322,860.0,500,360.0,191.8,33.142776,131.139725
-1854678.477,73281.7012,978.0,500,478.0,25.1,33.150555,131.167496
-1847946.9,68826.8959,1107.0,500,607.0,74.2,33.127499,131.24472
-1857023.763,70698.4136,1034.0,500,534.0,19.6,33.120277,131.152222
-1852338.757,71697.8609,828.0,500,328.0,23.1,33.142223,131.194443
-1858458.966,66589.8616,752.0,500,252.0,77.9,33.078334999999996,131.149994
-1855827.28,68758.5937,1196.0,500,696.0,24.5,33.105556,131.169174
-1854622.765,75245.4041,740.0,500,240.0,160.0,33.168888,131.162506
-1858853.416,75105.1485,626.0,500,126.0,141.9,33.156113,131.122223
-1858069.21,71964.6533,859.0,500,359.0,51.6,33.129166,131.138611
-1856156.938,66545.7065,940.0,500,440.0,112.4,33.084167,131.172226
-1849538.221,69710.7795,970.0,500,470.0,84.3,33.13139,131.226944
-1851117.034,70441.1151,885.0,500,385.0,81.4,33.133888,131.20971699999998
-593493.0696,959827.0845,1134.0,500,634.0,55.9,43.724724,142.82638500000002
-944337.7416,454732.3501,43.0,500,-457.0,75.8,38.612499,139.598892
-1825205.156,82116.4795,939.0,500,439.0,228.0,33.311668,131.42666599999998
-802133.1976,522740.4196,335.0,500,-165.0,57.7,39.441113,141.04388400000002
-825518.0616,576946.144,434.0,500,-66.0,110.1,39.915131,140.701622
-847615.0109,822161.2319,190.0,500,-310.0,86.2,42.1525,140.04361
-1927124.279,-33896.865,788.0,500,288.0,127.4,31.9575,130.779724
-1858677.396,65844.0768,769.0,500,269.0,102.4,33.070834999999995,131.149994
-1838469.8159999999,77196.9677,658.0,500,158.0,108.0,33.230556,131.3125
-1173751.024,241765.7096,1246.0,500,746.0,189.4,36.251389,137.563049
-953398.7948,331220.8406,395.0,500,-105.0,111.0,37.44611,139.710556
-815815.3678,645848.3204,386.0,500,-114.0,96.5,40.567223,140.701111
-832448.8518,867382.0837,474.0,500,-26.0,42.2,42.589443,140.140549
-767440.8106,735206.6172,50.0,500,-450.0,108.7,41.45639,141.109726
-768673.6697,733811.1064,277.0,500,-223.0,116.4,41.441944,141.097778
-769271.6515,731729.2259,350.0,500,-150.0,79.8,41.421944,141.094162
-761731.5868,854087.8792,238.0,500,-262.0,71.0,42.560555,140.988617
-856195.0872,827907.4097,281.0,500,-219.0,57.3,42.193333,139.934174
-1859481.611,72768.8868,676.0,500,176.0,78.8,33.132778,131.122772
-1860295.4119999998,71867.6114,663.0,500,163.0,46.3,33.122223,131.117493
-815639.6347,585923.9972,562.0,500,62.0,126.2,40.011447,140.797478
-813972.5598,584180.7641,896.0,500,396.0,122.9,39.997419,140.818758
-817604.292,583886.2964,987.0,500,487.0,135.1,39.989961,140.778781
-823318.8096,566458.0919,943.0,500,443.0,39.6,39.820557,140.742493
-820394.8381,564104.6455,638.0,500,138.0,81.8,39.802502000000004,140.77861000000001
-821610.6847,564006.0772,648.0,500,148.0,82.2,39.799999,140.765274
-798269.8101,658616.1551,642.0,500,142.0,65.4,40.708332,140.878616
-806091.5172,655869.7909,553.0,500,53.0,88.2,40.672779,140.794724
-894174.7483,446013.7781,357.0,500,-143.0,219.2,38.603333,140.157227
-1395782.773,25976.2492,74.0,500,-426.0,34.4,33.802776,135.763336
-1928625.001,-36645.8719,597.0,500,97.0,56.3,31.927778000000004,130.773331
-1926686.489,-39735.2653,584.0,500,84.0,183.4,31.904444,130.800278
-1928159.065,-39922.7401,441.0,500,-59.0,60.6,31.898611,130.78694199999998
-1156345.3190000001,306599.0935,269.0,500,-231.0,35.4,36.887778999999995,137.616104
-816511.4613,814698.4462,265.0,500,-235.0,77.2,42.126389,140.416382
-781495.0105,797532.7095,49.0,500,-451.0,59.2,42.014168,140.849716
-776841.8444,788607.0976,177.0,500,-323.0,82.4,41.937778,140.91777
-848586.3483,481375.9857,745.0,500,245.0,180.0,38.995277,140.597229
-849394.6492,483011.8623,475.0,500,-25.0,96.0,39.009445,140.585831
-853146.2355,477768.3408,497.0,500,-3.0,162.0,38.955555,140.553055
-1965779.792,-100462.9172,159.0,500,-341.0,159.7,31.22995,130.604972
-1965859.575,-104424.7836,41.0,500,-459.0,239.0,31.192803,130.61535800000001
-1966585.76,-101391.3437,152.0,500,-348.0,80.9,31.219031,130.600078
-756049.9527,860551.5552,391.0,500,-109.0,55.6,42.627224,141.044724
-753213.1378,857662.32,537.0,500,37.0,111.2,42.604168,141.082504
-752162.6063,859812.2002,631.0,500,131.0,93.1,42.625278,141.091385
-1076084.273,261098.2207,1490.0,500,990.0,95.2,36.599167,138.541382
-1856789.013,75249.7628,781.0,500,281.0,187.5,33.163055,131.141663
-1856533.8280000002,74934.7721,837.0,500,337.0,170.9,33.160831,131.145004
-1857025.195,75229.213,800.0,500,300.0,207.2,33.162224,131.13945
-1857144.144,75023.8466,797.0,500,297.0,207.2,33.16,131.13888500000002
-1857121.189,75497.1435,770.0,500,270.0,207.5,33.164444,131.13777199999998
-1856172.679,74889.1403,756.0,500,256.0,204.5,33.161388,131.148605
-1856145.76,75571.4577,763.0,500,263.0,197.3,33.167778000000006,131.146942
-1856524.428,75562.4973,788.0,500,288.0,196.2,33.166668,131.143326
-748686.6547,898517.8194,527.0,500,27.0,181.8,42.985832,141.070557
-748424.0695,897848.0899,562.0,500,62.0,210.9,42.98,141.074722
-743989.927,897338.8334,319.0,500,-181.0,108.4,42.980835,141.127777
-1842147.9780000001,79225.5082,617.0,500,117.0,171.6,33.239445,131.271393
-1843160.407,78920.3095,636.0,500,136.0,111.2,33.233891,131.262497
-1844269.914,77983.0394,687.0,500,187.0,61.7,33.222221000000005,131.25444
-1176283.3020000001,239039.9695,1060.0,500,560.0,178.5,36.22139,137.54222099999998
-1177031.564,238914.9547,1087.0,500,587.0,124.8,36.218887,137.534729
-1176098.385,237757.0213,1107.0,500,607.0,116.9,36.209721,137.546661
-882807.7382,396304.6543,612.0,500,112.0,72.3,38.154999,140.359726
-886931.4101,392839.3064,278.0,500,-222.0,46.3,38.116943,140.320831
-888111.2196,389387.9642,441.0,500,-59.0,35.3,38.083057000000004,140.313614
-417331.2793,950437.1166,202.0,500,-298.0,66.9,43.788569,144.954322
-410764.2218,956920.439,201.0,500,-299.0,64.7,43.853008,145.027539
-418630.6006,940932.1053,222.0,500,-278.0,75.6,43.699903000000006,144.94743300000002
-423221.7502,937992.4896,450.0,500,-50.0,101.1,43.6695,144.894972
-420808.544,941016.1212,426.0,500,-74.0,129.3,43.699135999999996,144.92117199999998
-440672.3701,931678.3977,278.0,500,-222.0,65.6,43.598492,144.691461
-422137.7095,942547.9276,300.0,500,-200.0,86.0,43.712333,144.903772
-430458.4259,937013.0684,297.0,500,-203.0,70.9,43.655246999999996,144.808961
-439174.9228,935026.0536,331.0,500,-169.0,58.7,43.630511,144.70620300000002
-468265.6281,932170.3539,198.0,500,-302.0,16.4,43.581908,144.360117
-471970.1154,930862.9948,130.0,500,-370.0,18.9,43.566908000000005,144.31706699999998
-469809.6191,928751.7148,148.0,500,-352.0,51.9,43.549133000000005,144.345122
-465467.2397,926094.9344,130.0,500,-370.0,32.8,43.528025,144.399839
-465707.0217,919978.8011,140.0,500,-360.0,92.8,43.471367,144.403178
-469022.7655,930816.166,147.0,500,-353.0,14.3,43.568811,144.352431
-488623.0226,912792.9666,346.0,500,-154.0,77.6,43.386644,144.13681699999998
-496916.4828,909445.0059,698.0,500,198.0,59.2,43.348872,144.041442
-487790.5587,914181.8412,357.0,500,-143.0,95.6,43.40015,144.145283
-493373.0547,908025.7483,503.0,500,3.0,67.2,43.338710999999996,144.085222
-496707.55700000003,908046.4746,426.0,500,-74.0,77.4,43.336133000000004,144.045439
-487727.7973,915541.312,388.0,500,-112.0,94.3,43.412753,144.144592
-493941.8733,912906.8302,761.0,500,261.0,135.6,43.383308,144.07321100000001
-483699.1654,916891.5040000001,469.0,500,-31.0,91.1,43.428506,144.19128899999998
-489466.0151,908807.3598,285.0,500,-215.0,82.3,43.34915,144.130986
-588870.8377,964262.2907,672.0,500,172.0,30.2,43.770164,142.876072
-593271.1813,964226.693,673.0,500,173.0,28.8,43.765442,142.8233
-591845.5784,963075.9912,761.0,500,261.0,37.8,43.756278,142.841911
-590297.0548,963270.1197,696.0,500,196.0,58.1,43.759611,142.860242
-594511.0631,961132.8279,876.0,500,376.0,57.6,43.735721999999996,142.812469
-589384.9511,961767.5555,912.0,500,412.0,63.9,43.746689,142.87313899999998
-595274.8216,959013.4921,1024.0,500,524.0,61.8,43.715447,142.806083
-584614.0214,961239.5044,595.0,500,95.0,123.6,43.746558,142.931069
-586859.2163,962959.1687,574.0,500,74.0,77.0,43.760166999999996,142.901906
-585042.5162,964528.1516,607.0,500,107.0,63.0,43.776408,142.921689
-746800.5065,899280.5345,399.0,500,-101.0,116.0,42.9952,141.09156399999998
-748365.6813,897362.6592,567.0,500,67.0,247.9,42.975608,141.076186
-745207.8821,898627.0926,357.0,500,-143.0,111.0,42.991172,141.111375
-749202.4968,898428.6073,514.0,500,14.0,186.6,42.984367,141.06462199999999
-747178.5,893353.3236,648.0,500,148.0,92.5,42.940208,141.096567
-746811.9853,895537.9606,667.0,500,167.0,41.0,42.960761,141.0974
-749028.3259999999,898495.5119,506.0,500,6.0,209.0,42.9852,141.066567
-745436.1804,896749.6671,519.0,500,19.0,121.9,42.973619,141.111675
-745499.7346,893923.173,527.0,500,27.0,71.8,42.947539,141.115425
-757285.9858,908291.0157,505.0,500,5.0,69.4,43.064889,140.953419
-761902.3031,907540.2301,462.0,500,-38.0,38.1,43.052131,140.90018899999998
-763694.8989,906000.8021,406.0,500,-94.0,32.4,43.035697,140.881567
-761642.0755,904433.5221,492.0,500,-8.0,28.7,43.023903000000004,140.908325
-758398.5909999999,903942.9836,534.0,500,34.0,62.1,43.023508,140.947356
-757144.4079,902486.8371,564.0,500,64.0,67.3,43.011706,140.9645
-760099.1507,909074.3907,554.0,500,54.0,73.4,43.068525,140.918956
-754068.9928,906697.8845,727.0,500,227.0,107.0,43.054303000000004,140.99395
-757279.949,904334.7471,609.0,500,109.0,74.2,43.028525,140.959908
-755975.9528,902161.9477,677.0,500,177.0,147.1,43.010194,140.978797
-754101.2606,905956.6013,792.0,500,292.0,87.5,43.047447,140.994767
-755213.4808,858895.4201,349.0,500,-151.0,96.7,42.613021999999994,141.057147
-757014.0155,857181.9872,397.0,500,-103.0,83.2,42.594986,141.038817
-758285.1187,855875.4852,247.0,500,-253.0,106.6,42.581358,141.026039
-761289.4032,853607.1698,297.0,500,-203.0,79.6,42.556686,140.994553
-752692.9193,849446.9545,433.0,500,-67.0,229.5,42.529146999999995,141.10159199999998
-753496.3317,858054.72,456.0,500,-44.0,194.8,42.607428000000006,141.078569
-756534.7091,854539.6539,518.0,500,18.0,112.4,42.571253000000006,141.048628
-751683.1812,847878.5709,337.0,500,-163.0,81.0,42.515956,141.11586100000002
-753043.91,847510.7182,366.0,500,-134.0,77.8,42.510872,141.100553
-751979.069,847123.6878,316.0,500,-184.0,69.2,42.508633,141.113597
-748956.5249,842220.7297,125.0,500,-375.0,56.6,42.467211,141.156589
-751614.1699,849091.5889,412.0,500,-88.0,146.9,42.527217,141.114753
-754240.4052,846098.8565,508.0,500,8.0,44.0,42.496371999999994,141.088817
-758398.4574,846955.4861,297.0,500,-203.0,47.6,42.499058000000005,141.038925
-757113.2502,844699.0824,178.0,500,-322.0,45.8,42.479883,141.057508
-837185.1026,826247.8184,130.0,500,-370.0,110.5,42.204581,140.157225
-839619.6490000001,822794.6463,288.0,500,-212.0,83.4,42.169436,140.13503300000002
-836973.6266,823886.4944,291.0,500,-209.0,114.0,42.183139000000004,140.163772
-839913.8786,824286.605,219.0,500,-281.0,112.6,42.182761,140.129031
-842112.3826,824873.1936,335.0,500,-165.0,114.6,42.185114,140.102553
-840529.8606,825380.06,181.0,500,-319.0,121.3,42.191972,140.119994
-838988.9627,824118.4264,315.0,500,-185.0,99.1,42.182491999999996,140.14003300000002
-838356.4299,829027.1446,179.0,500,-321.0,48.3,42.228542,140.138822
-842174.3489,825098.6587,285.0,500,-215.0,71.5,42.187103,140.101442
-832256.0463,822234.4783,246.0,500,-254.0,43.3,42.174417,140.221256
-847847.1921,821712.5739,40.0,500,-460.0,114.8,42.148047,140.04171100000002
-846242.6186,823431.084,140.0,500,-360.0,94.3,42.1661,140.057264
-850919.1429999999,822511.1206,151.0,500,-349.0,89.7,42.1511,140.00476899999998
-844635.2574,824063.2931,285.0,500,-215.0,118.0,42.174155999999996,140.07476100000002
-822466.0306,816418.7640000001,354.0,500,-146.0,71.7,42.134203,140.34455
-818154.5859999999,814438.1218,246.0,500,-254.0,99.4,42.121781,140.397806
-820013.7022,814981.2729999999,67.0,500,-433.0,111.7,42.124278000000004,140.375372
-816912.4781,813024.7946,284.0,500,-216.0,101.9,42.110433,140.414567
-816010.4372,815811.0943,228.0,500,-272.0,106.9,42.137311,140.420303
-816116.939,814051.9764,130.0,500,-370.0,140.0,42.120964,140.42203899999998
-815372.7349,814555.3549,178.0,500,-322.0,167.7,42.1266,140.429803
-780928.9816,792278.6268,313.0,500,-187.0,67.3,41.966428,140.8647
-778649.3656,788716.7469,300.0,500,-200.0,53.7,41.936483,140.896728
-782493.6274,787909.4562,658.0,500,158.0,26.0,41.924110999999996,140.85365
-778328.6622,793531.0965,153.0,500,-347.0,87.2,41.981311,140.892731
-778226.0532,789916.8640000001,291.0,500,-209.0,131.7,41.948097,140.899697
-778000.8345,791710.2390000001,211.0,500,-289.0,113.3,41.964931,140.899431
-780316.0706,791969.4368,326.0,500,-174.0,113.4,41.964361,140.872275
-782788.1765,789469.7049,635.0,500,135.0,56.8,41.938128000000006,140.847744
-778657.8775,790086.8818,345.0,500,-155.0,157.3,41.949114,140.89443899999998
-780787.4159,790887.4526,622.0,500,122.0,68.2,41.953775,140.86856699999998
-895709.0784,834737.8073,313.0,500,-187.0,49.5,42.199108,139.464586
-897423.7459,833958.4483,89.0,500,-411.0,103.0,42.189414,139.446208
-894189.8952,831202.6574,212.0,500,-288.0,78.5,42.168861,139.488706
-898850.6935,834943.7466,8.0,500,-492.0,108.0,42.196356,139.427875
-896997.4468,833920.1329,106.0,500,-394.0,97.7,42.189692,139.451208
-897371.9154,832859.9915,177.0,500,-323.0,98.4,42.179396999999994,139.44885
-892385.4384,836323.7949,142.0,500,-358.0,27.6,42.218578,139.500089
-894085.573,832455.1304,277.0,500,-223.0,60.2,42.180525,139.487592
-768617.2219,735105.2453,174.0,500,-326.0,153.3,41.453981,141.096419
-771927.0701,732310.318,499.0,500,-1.0,80.0,41.423986,141.06288899999998
-770131.3861,728433.8624,39.0,500,-461.0,74.0,41.390392,141.089436
-768150.4078,724179.2525,99.0,500,-401.0,94.4,41.353519,141.11865
-771544.4604,736402.1337,434.0,500,-66.0,72.9,41.4623,141.060903
-769501.4069,734845.5241,168.0,500,-332.0,114.9,41.450472,141.086703
-769501.7442,734835.9443,172.0,500,-328.0,120.9,41.450383,141.086714
-801718.1293,658756.4694,573.0,500,73.0,82.0,40.705189000000004,140.839494
-806598.7432,656923.1376,368.0,500,-132.0,88.3,40.681881,140.787342
-804368.3381,652771.7944,734.0,500,234.0,89.3,40.646303,140.819028
-807084.0098,655609.7855,313.0,500,-187.0,96.8,40.669081,140.78394699999998
-804947.4651,655047.6463,649.0,500,149.0,88.0,40.666644,140.80891699999998
-803274.8707,653559.6355,777.0,500,277.0,183.7,40.655019,140.83011100000002
-803487.9854,654934.2995,725.0,500,225.0,107.3,40.667483000000004,140.825547
-804076.6166,653208.5211,639.0,500,139.0,126.2,40.650728,140.821628
-812833.1326,652941.4055,254.0,500,-246.0,56.9,40.636860999999996,140.723397
-814280.2379,652995.9334,247.0,500,-253.0,52.1,40.635472,140.70701100000002
-814287.4779,647478.4675,310.0,500,-190.0,102.2,40.584333,140.715708
-811852.3565,646419.6771,561.0,500,61.0,144.9,40.577703,140.744789
-815790.2379,646320.5955,427.0,500,-73.0,98.3,40.571633,140.700642
-813666.2885,644937.1349,516.0,500,16.0,70.0,40.561592,140.726733
-817372.946,643671.1255,226.0,500,-274.0,79.2,40.545,140.687061
-810725.5621,646710.3735,591.0,500,91.0,113.3,40.581866999999995,140.757008
-809550.2835,646721.0798,637.0,500,137.0,99.7,40.583496999999994,140.770217
-809202.2297,581790.5312,1121.0,500,621.0,170.5,39.981383,140.875578
-809863.5977,576254.0533,1237.0,500,737.0,153.3,39.929083,140.876769
-809558.808,574616.0484,1157.0,500,657.0,143.9,39.914253,140.882686
-809740.7755,572851.8913,1168.0,500,668.0,93.0,39.897622,140.883383
-808201.5606,575150.5859,1041.0,500,541.0,91.9,39.920969,140.89695600000002
-805488.7096,573440.9695,738.0,500,238.0,104.7,39.908564,140.929753
-810521.5896,576457.5321,1240.0,500,740.0,95.2,39.930125,140.869136
-806304.272,574598.6595,878.0,500,378.0,109.5,39.918278,140.918906
-808319.554,582871.7739,1087.0,500,587.0,49.5,39.992567,140.883736
-808418.4635,582219.3861,1187.0,500,687.0,120.9,39.986378,140.88364199999998
-808455.4552,582370.3495,1165.0,500,665.0,110.4,39.987733,140.882997
-817467.9403,563308.1767,914.0,500,414.0,276.8,39.798908000000004,140.812322
-821667.9368,562103.9232,659.0,500,159.0,78.2,39.782242,140.767603
-822202.2494,559402.6076,717.0,500,217.0,69.1,39.756431,140.76588600000002
-819501.5179,563981.004,760.0,500,260.0,86.2,39.802517,140.788714
-820696.2688,564387.5920000001,635.0,500,135.0,84.9,39.804739,140.774825
-824540.9281,562564.0177,613.0,500,113.0,69.9,39.782761,140.735022
-823367.7396,559916.9064,483.0,500,-17.0,73.2,39.759689,140.752164
-823056.1173,557635.186,608.0,500,108.0,43.3,39.738883,140.759175
-808284.6584,563830.6918,491.0,500,-9.0,179.4,39.815633,140.913433
-804182.0654,569194.5998,826.0,500,326.0,100.7,39.870764,140.950783
-808156.5759,565763.3832,966.0,500,466.0,212.7,39.833767,140.911889
-802914.0076,563075.4226,701.0,500,201.0,79.5,39.815489,140.974211
-808314.9836,564771.238,950.0,500,450.0,135.5,39.824339,140.911653
-808301.9235,563832.2177,492.0,500,-8.0,177.9,39.815625,140.91323899999998
-828036.5268,517381.5244,254.0,500,-246.0,65.0,39.357839,140.766647
-829078.2359999999,508134.0211,342.0,500,-158.0,130.0,39.270358,140.769475
-827664.4074,516459.8876,257.0,500,-243.0,91.0,39.349744,140.772167
-825512.2944,507428.8732,361.0,500,-139.0,64.7,39.268444,140.80975
-828841.8707,506553.1415,453.0,500,-47.0,77.6,39.255942,140.77451100000002
-828607.7954,509639.6937,308.0,500,-192.0,101.0,39.284997,140.772322
-826191.5777,516586.5407,274.0,500,-226.0,43.8,39.352847,140.788181
-827026.8135,513742.097,245.0,500,-255.0,38.7,39.325269,140.783378
-828291.1415,510617.6223,285.0,500,-215.0,50.1,39.294519,140.774294
-847106.3076,486301.6786,428.0,500,-72.0,37.3,39.043156,140.605711
-843688.8284,485867.1384,328.0,500,-172.0,27.3,39.04365,140.643783
-840676.2625,481071.7697,562.0,500,62.0,73.9,39.002942,140.684189
-844785.5065,485350.3854,264.0,500,-236.0,61.3,39.037378000000004,140.632589
-838749.5013,477478.5933,681.0,500,181.0,93.4,38.971986,140.710814
-845812.243,482073.8038,557.0,500,57.0,177.8,39.005475,140.626469
-840033.1204,480131.7085,473.0,500,-27.0,195.1,38.995028000000005,140.692678
-840289.5023,478221.1682,390.0,500,-110.0,134.2,38.976878,140.692833
-845284.3187,481273.4961,568.0,500,68.0,150.4,38.998717,140.633489
-843359.5234,478872.1298,643.0,500,143.0,111.6,38.978885999999996,140.658267
-845289.6045,481281.3302,568.0,500,68.0,101.0,38.998783,140.633419
-851371.1304,480954.0938,871.0,500,371.0,153.2,38.987625,140.56745
-852150.5525,481145.3215,806.0,500,306.0,130.3,38.988364000000004,140.55863100000002
-850253.3698,480821.4313,991.0,500,491.0,110.7,38.987883000000004,140.579875
-850880.6629,480500.4627,937.0,500,437.0,32.3,38.984053,140.573522
-849695.8017,484918.1225,354.0,500,-146.0,76.1,39.026808,140.57955
-849760.473,483015.6763,485.0,500,-15.0,136.5,39.008992,140.581825
-851248.5447,480382.7616,868.0,500,368.0,195.2,38.982464,140.56968600000002
-853195.2629,480226.095,571.0,500,71.0,154.3,38.978396999999994,140.54865800000002
-852411.3444,476556.891,496.0,500,-4.0,157.9,38.945246999999995,140.562983
-849756.2989,483044.8,485.0,500,-15.0,74.6,39.009269,140.581825
-846988.8338,483036.5693,509.0,500,9.0,195.7,39.012883,140.6121
-855916.0803,480027.0749,336.0,500,-164.0,72.8,38.972889,140.519242
-851241.6691,480416.6446,869.0,500,369.0,108.7,38.982789000000004,140.56970800000002
-852020.6362,482286.9817,790.0,500,290.0,68.3,38.999178,140.558258
-849745.2527,483014.0313,487.0,500,-13.0,136.7,39.008996999999994,140.58199399999998
-852581.8217,479582.6568,702.0,500,202.0,209.5,38.973222,140.556372
-853337.0807,478051.8713,486.0,500,-14.0,210.5,38.957941999999996,140.550525
-852587.2409999999,479606.7178,701.0,500,201.0,220.0,38.973439,140.556275
-851750.6075,477996.7715,687.0,500,187.0,231.2,38.959553,140.567942
-854108.7117,478574.1265,419.0,500,-81.0,124.8,38.961775,140.541275
-852918.7221,479493.4305,717.0,500,217.0,163.6,38.971939,140.552831
-852237.8738,480268.8248,759.0,500,259.0,148.4,38.980078000000006,140.559053
-855913.8976,456333.874,257.0,500,-243.0,30.6,38.751975,140.55647199999999
-856646.3882,453594.6547,251.0,500,-249.0,45.0,38.725439,140.552786
-855661.1203,451112.6596,279.0,500,-221.0,44.7,38.703603,140.567381
-858087.8852,452462.5246,300.0,500,-200.0,53.2,38.712942,140.538878
-859453.5668,453034.4968,271.0,500,-229.0,39.0,38.716442,140.523128
-856083.7563,452015.2407,257.0,500,-243.0,79.1,38.711458,140.561375
-855059.4688,450693.4402,323.0,500,-177.0,51.7,38.700497,140.574578
-891315.5447,449046.8691,381.0,500,-119.0,73.4,38.635608000000005,140.183322
-893328.9959,448368.0865,435.0,500,-65.0,73.8,38.626469,140.162575
-892104.5164,447860.1832,409.0,500,-91.0,80.4,38.623442,140.17668600000002
-890726.3385,447216.5847,400.0,500,-100.0,72.0,38.619361,140.19268300000002
-891875.5418,446292.1897,457.0,500,-43.0,88.8,38.609139,140.181714
-892950.3128,445338.9588,307.0,500,-193.0,134.2,38.59875,140.171603
-861229.3015,437761.8114,280.0,500,-220.0,94.5,38.571533,140.527761
-860927.2397,437064.5716,276.0,500,-224.0,85.4,38.565431,140.532128
-858222.0467,436645.6209,463.0,500,-37.0,61.5,38.565153,140.562128
-861542.2667,441497.9107,403.0,500,-97.0,36.4,38.605983,140.518517
-859244.4304,441107.3164,419.0,500,-81.0,39.3,38.605428,140.544072
-861309.6603,439738.1593,340.0,500,-160.0,38.5,38.589872,140.523797
-859048.9617,439264.0699,455.0,500,-45.0,40.1,38.588485999999996,140.549072
-862485.7320000001,438152.3071,240.0,500,-260.0,43.8,38.573485999999995,140.513519
-861914.3347,436433.4176,454.0,500,-46.0,37.6,38.558211,140.522408
-859405.7656,435536.5171,385.0,500,-115.0,43.9,38.553211,140.551017
-898738.9195,359586.6802,820.0,500,320.0,93.8,37.789633,140.246939
-899407.1427,361788.1944,667.0,500,167.0,54.1,37.809303,140.236292
-903085.7533,361691.0164,935.0,500,435.0,51.2,37.803267,140.197094
-902321.0156,363214.0276,679.0,500,179.0,49.0,37.818583000000004,140.202844
-908621.7135,363604.6885,529.0,500,29.0,34.3,37.813414,140.134811
-898098.9346,360019.5066,793.0,500,293.0,104.5,37.794571999999995,140.253097
-900372.1272,359448.31899999996,789.0,500,289.0,124.6,37.786066999999996,140.229692
-904212.4799,359728.6453,1353.0,500,853.0,52.8,37.783333,140.188178
-898505.1009,361769.9156,719.0,500,219.0,67.1,37.810386,140.245972
-898874.7686,359502.9773,816.0,500,316.0,124.2,37.788661,140.245619
-900298.77,357650.2513,1065.0,500,565.0,173.3,37.769344,140.233336
-904223.7432,349806.7203,1209.0,500,709.0,44.8,37.690467,140.20388300000002
-903931.2288,347992.0162,984.0,500,484.0,61.1,37.673889,140.209894
-903743.3940000001,344133.3321,802.0,500,302.0,41.0,37.638028000000006,140.21803300000002
-901514.2371,346639.102,989.0,500,489.0,130.4,37.664592,140.23783899999998
-901383.0718,342794.3175,1117.0,500,617.0,99.6,37.628778000000004,140.24533300000002
-901497.2940000001,345418.2415,945.0,500,445.0,115.9,37.653186,140.239956
-903544.4954,347313.9289,957.0,500,457.0,113.2,37.668081,140.2151
-902989.6201,349230.6874,1370.0,500,870.0,93.7,37.686797,140.217975
-901379.2814,342800.2694,1118.0,500,618.0,103.4,37.628839,140.245364
-903597.3753,346336.8945,889.0,500,389.0,104.5,37.658861,140.21608899999998
-954431.65,333654.1433,306.0,500,-194.0,113.6,37.467364,139.69553100000002
-957156.4465,332551.0392,468.0,500,-32.0,81.5,37.453033000000005,139.66843300000002
-954144.9992,331733.3681,378.0,500,-122.0,122.1,37.449811,139.701778
-955745.0412,330613.3329,333.0,500,-167.0,159.7,37.436978,139.686656
-952678.1977,330233.9636,395.0,500,-105.0,89.6,37.437931,139.71985
-955041.9378,330870.5666,378.0,500,-122.0,210.2,37.440419,139.693692
-954731.1387,331265.8619,361.0,500,-139.0,153.4,37.444575,139.696333
-954745.572,334509.4651,288.0,500,-212.0,55.9,37.474906,139.690769
-952166.5845,334134.4749,487.0,500,-13.0,55.8,37.475183,139.718794
-956934.7461,333430.521,379.0,500,-121.0,47.4,37.461589000000004,139.669317
-951999.6143,332395.651,448.0,500,-52.0,50.3,37.459156,139.72346100000001
-954271.2632,330643.6873,433.0,500,-67.0,105.1,37.439428,139.702253
-956125.4016,329332.0861,385.0,500,-115.0,60.2,37.424428000000006,139.684756
-956064.0629,329063.0083,386.0,500,-114.0,99.7,37.422,139.685856
-955343.8561,328596.6134,411.0,500,-89.0,95.0,37.418694,139.694278
-1191610.108,202726.8488,1663.0,500,1163.0,43.1,35.854144,137.455803
-1190658.557,198643.0201,1279.0,500,779.0,38.8,35.817608,137.473625
-1185050.3159999999,200000.8338,1239.0,500,739.0,41.2,35.840369,137.528575
-1187521.4479999999,201049.6555,1458.0,500,958.0,42.0,35.845772,137.501122
-1183893.168,198430.3701,1249.0,500,749.0,21.0,35.827725,137.543542
-1191512.606,200513.1456,1425.0,500,925.0,24.3,35.833589,137.46116899999998
-1188860.637,198340.9236,1351.0,500,851.0,19.5,35.818003000000004,137.49268600000002
-1185486.946,197163.4694,1011.0,500,511.0,20.9,35.813010999999996,137.52965
-1016623.646,-117102.0737,121.0,500,-379.0,35.4,33.1188,139.780472
-1016317.7440000001,-121635.326,108.0,500,-392.0,94.0,33.076028,139.790475
-1010208.691,-121050.7151,155.0,500,-345.0,36.7,33.090639,139.849989
-1013119.832,-120937.7553,567.0,500,67.0,94.0,33.087416999999995,139.821025
-1014197.5090000001,-122147.7582,221.0,500,-279.0,250.0,33.074283,139.812225
-1011614.026,-122277.93199999999,168.0,500,-332.0,57.2,33.076861,139.837969
-1014572.135,-121790.1258,258.0,500,-242.0,212.3,33.077139,139.807972
-1015153.2990000001,-122174.9686,163.0,500,-337.0,246.1,33.072608,139.802817
-1399187.754,28246.487999999998,184.0,500,-316.0,23.6,33.817106,135.724753
-1396758.1919999998,31490.8734,240.0,500,-260.0,45.1,33.852589,135.741756
-1394431.7580000001,29838.7892,68.0,500,-432.0,64.8,33.841846999999994,135.76835
-1393959.3469999998,28311.066000000003,57.0,500,-443.0,50.0,33.828461,135.776325
-1396172.499,31135.0191,135.0,500,-365.0,90.7,33.85045,135.748322
-1839529.246,82452.031,760.0,500,260.0,39.6,33.276371999999995,131.287586
-1847436.8,80344.8115,488.0,500,-12.0,44.7,33.235541999999995,131.21731699999998
-1842244.9619999998,89452.9198,520.0,500,20.0,55.8,33.333864,131.241758
-1860115.2230000002,80507.2698,734.0,500,234.0,28.0,33.202686,131.09483899999998
-1855307.503,95405.58300000001,452.0,500,-48.0,35.6,33.353581,131.09899199999998
-1837177.519,81619.0273,828.0,500,328.0,93.4,33.274983,131.312586
-1846903.993,79872.2534,490.0,500,-10.0,71.5,33.232606,131.223775
-1838190.169,75194.6733,538.0,500,38.0,138.9,33.212761,131.320789
-1839858.594,72892.8159,837.0,500,337.0,168.5,33.186953,131.311156
-1843623.124,74179.8074,876.0,500,376.0,39.0,33.188742,131.271322
-1844109.226,68579.4024,961.0,500,461.0,15.7,33.135553,131.28231399999999
-1844332.755,75750.6301,801.0,500,301.0,52.3,33.201378000000005,131.260092
-1841027.685,73252.6565,831.0,500,331.0,203.8,33.187142,131.298897
-1840881.53,71637.1019,809.0,500,309.0,120.6,33.172569,131.30481899999998
-1838945.5,73667.158,608.0,500,108.0,138.9,33.196581,131.31778300000002
-1842930.73,75313.0044,765.0,500,265.0,43.9,33.201103,131.274814
-1827757.03,70583.286,191.0,500,-309.0,71.9,33.197986,131.43411899999998
-1834188.1469999999,71516.8552,250.0,500,-250.0,66.9,33.189428,131.369586
-1837997.235,69318.5769,636.0,500,136.0,50.4,33.158839,131.339047
-1827367.688,73465.9566,476.0,500,-24.0,49.6,33.225742,131.42986399999998
-1832124.9419999998,72992.3404,523.0,500,23.0,18.5,33.208628000000004,131.385347
-1835627.3530000001,70744.7076,531.0,500,31.0,37.3,33.178414000000004,131.357881
-1831523.355,68064.6447,233.0,500,-267.0,41.8,33.164572,131.404847
-1844626.11,72954.7307,1005.0,500,505.0,21.8,33.174692,131.2651
-1841608.856,60870.2704,586.0,500,86.0,55.9,33.070839,131.327867
-1846945.0580000002,62751.2088,990.0,500,490.0,48.7,33.073908,131.271347
-1851085.3909999998,60898.1538,829.0,500,329.0,25.3,33.045564,131.236764
-1844790.697,62118.0054,792.0,500,292.0,53.1,33.073844,131.293814
-1848191.3090000001,61136.415,819.0,500,319.0,52.8,33.055583,131.26388899999998
-1842562.8090000001,62157.7797,695.0,500,195.0,67.8,33.080208,131.315111
-1846955.46,62768.0474,994.0,500,494.0,49.6,33.074036,131.2712
-1850870.2680000002,62902.6162,1071.0,500,571.0,76.5,33.064719000000004,131.233219
-1842458.6090000002,64425.78,897.0,500,397.0,50.4,33.101508,131.309786
-1852482.095,63462.0873,1130.0,500,630.0,74.9,33.065546999999995,131.216172
-1877372.256,51800.8382,525.0,500,25.0,18.1,32.889833,131.010381
-1879228.815,46001.6943,426.0,500,-74.0,41.4,32.831025,131.008997
-1885623.493,56505.3482,304.0,500,-196.0,16.2,32.910789,130.918111
-1876951.0459999999,49778.0178,521.0,500,21.0,55.8,32.872244,131.020122
-1877205.5590000001,48324.5234,481.0,500,-19.0,34.9,32.858081,131.02178899999998
-1876616.381,50518.7913,619.0,500,119.0,122.4,32.880022,131.021233
-1880436.1130000001,48498.7687,457.0,500,-43.0,57.9,32.850858,130.99040300000001
-1884087.4019999998,51767.779,185.0,500,-315.0,55.1,32.871133,130.946239
-1875901.045,49498.3453,709.0,500,209.0,78.8,32.872522,131.030956
-1876242.535,49029.7294,636.0,500,136.0,53.1,32.867247,131.029011
-1955169.227,61325.3341,311.0,500,-189.0,132.8,32.760946999999994,130.240608
-1958882.105,58697.9656,145.0,500,-355.0,64.3,32.726110999999996,130.212989
-1953281.97,61060.3774,544.0,500,44.0,65.9,32.763864,130.259344
-1958122.946,59234.3997,132.0,500,-368.0,142.8,32.733228000000004,130.218636
-1956313.634,57630.0387,586.0,500,86.0,46.4,32.723556,130.240544
-1956121.1930000002,62179.10400000001,377.0,500,-123.0,46.3,32.766125,130.229047
-1955668.0469999998,59399.5293,392.0,500,-108.0,207.9,32.741739,130.241503
-1957496.823,62905.8994,137.0,500,-363.0,26.5,32.768921999999996,130.213825
-1958142.0690000001,59189.4131,124.0,500,-376.0,170.9,32.732758000000004,130.21858600000002
-1960504.155,58178.5904,53.0,500,-447.0,43.5,32.716692,130.199089
-2104486.124,102049.05900000001,99.0,500,-401.0,25.5,32.695085999999996,128.70185800000002
-2106173.514,99344.8867,19.0,500,-481.0,45.1,32.665122,128.69445
-2109513.645,97650.4985,12.0,500,-488.0,35.5,32.639353,128.66829199999998
-2109228.3019999997,101894.3551,4.0,500,-496.0,55.9,32.679147,128.657611
-2103613.001,97748.6853,111.0,500,-389.0,34.9,32.658311,128.723617
-2108762.32,101021.0649,8.0,500,-492.0,69.6,32.672567,128.664758
-2107380.611,99946.7488,2.0,500,-498.0,51.0,32.666947,128.681172
-1923148.5580000002,-34372.1091,1001.0,500,501.0,98.6,31.964119,130.818525
-1922024.0119999999,-33991.1447,967.0,500,467.0,99.0,31.970778000000003,130.828053
-1922945.664,-33821.4726,951.0,500,451.0,107.0,31.9698,130.81888899999998
-1923349.157,-35075.0964,955.0,500,455.0,98.9,31.957028,130.818611
-1932994.835,-21261.9024,321.0,500,-179.0,42.1,32.058533000000004,130.688681
-1935726.594,-22317.3015,235.0,500,-265.0,29.5,32.041106,130.66591100000002
-1934891.166,-27610.1435,236.0,500,-264.0,49.7,31.994283000000003,130.68878600000002
-1936299.625,-24256.2239,196.0,500,-304.0,59.9,32.0215,130.666008
-1933218.159,-26258.7808,288.0,500,-212.0,98.2,32.011503000000005,130.700728
-1933194.669,-24894.082000000002,350.0,500,-150.0,56.0,32.024244,130.697086
-1932375.688,-27139.4253,441.0,500,-59.0,73.6,32.005672,130.711161
-1935276.3090000001,-27302.6641,241.0,500,-259.0,98.0,31.996064,130.68428600000001
-1931784.437,-26756.077,476.0,500,-24.0,110.9,32.010881,130.71565
-1935423.9340000001,-26736.7745,237.0,500,-263.0,84.0,32.000908,130.68129199999998
-1921765.033,-43370.4762,756.0,500,256.0,137.2,31.884286,130.856817
-1921770.086,-43367.4668,756.0,500,256.0,140.8,31.8843,130.856761
-1921767.146,-43374.363,756.0,500,256.0,154.7,31.884244,130.856808
-1921771.6719999998,-43371.7254,756.0,500,256.0,142.5,31.884256,130.856758
-1921765.341,-43366.5139,756.0,500,256.0,172.3,31.884321999999997,130.856803
-1925621.104,-36083.8578,857.0,500,357.0,72.1,31.941346999999997,130.800042
-1927017.614,-34889.6536,760.0,500,260.0,51.0,31.948569,130.783525
-1927700.408,-35992.9301,699.0,500,199.0,41.7,31.936417,130.7802
-1926841.4030000002,-38190.531,692.0,500,192.0,162.6,31.918375,130.794475
-1924123.5369999998,-39909.4465,857.0,500,357.0,263.7,31.909936,130.8249
-1926877.364,-39129.6992,598.0,500,98.0,145.6,31.909544,130.796778
-1923460.582,-38655.5163,1032.0,500,532.0,197.9,31.923433000000003,130.827622
-1923278.04,-39449.8988,907.0,500,407.0,211.9,31.916553000000004,130.831572
-1923908.642,-37897.4087,1028.0,500,528.0,112.9,31.929239000000003,130.821272
-1924647.678,-37817.3946,964.0,500,464.0,128.9,31.927933000000003,130.814086
-1964744.108,-98328.3217,117.0,500,-383.0,92.8,31.252753000000002,130.60861699999998
-1969813.3169999998,-96745.6488,68.0,500,-432.0,29.1,31.253225,130.556953
-1966324.718,-99246.3496,269.0,500,-231.0,50.3,31.239753000000004,130.596478
-1970472.325,-101367.1343,81.0,500,-419.0,50.9,31.208311,130.563836
-1964914.26,-99040.1362,226.0,500,-274.0,140.3,31.245642,130.609033
-1965626.3190000001,-98306.5032,192.0,500,-308.0,114.0,31.250475,130.600339
-1969073.6069999998,-103242.3743,130.0,500,-370.0,71.1,31.194778000000003,130.582128
-1965954.257,-100071.349,292.0,500,-208.0,164.8,31.233108,130.602247
-1970766.128,-104690.8289,25.0,500,-475.0,68.8,31.176510999999998,130.570456
-838922.7912,460730.6986,606.0,500,106.0,118.8,38.815556,140.734726
-839919.3749,458906.1761,535.0,500,35.0,91.6,38.797222,140.726669
-841468.6085,461655.9991,660.0,500,160.0,31.1,38.820834999999995,140.705551
-841080.9417,458623.6633,499.0,500,-1.0,109.3,38.793056,140.714447
-842708.4554,457751.9965,244.0,500,-256.0,106.5,38.782776,140.698059
-846189.9578,462861.3012,428.0,500,-72.0,65.5,38.825832,140.652222
-821281.3397,569722.1759,569.0,500,69.0,48.8,39.853558,140.760013
-818767.9093,577152.0841,567.0,500,67.0,104.1,39.925881,140.776347
-824820.2847,579300.1974,498.0,500,-2.0,84.4,39.937917,140.705678
-824062.5929,574051.3960000001,490.0,500,-10.0,43.5,39.890147,140.722344
-819089.1803,582959.713,1063.0,500,563.0,176.3,39.979417,140.7637
-820987.3795,579346.9403,903.0,500,403.0,125.7,39.943375,140.748233
-817336.8224,582653.5651,1084.0,500,584.0,149.2,39.978858,140.783683
-816737.3897,583589.7096,889.0,500,389.0,76.7,39.988335,140.788895
-825038.6322,571251.2124,433.0,500,-67.0,43.8,39.862846999999995,140.715894
-821677.7457,570280.4206,530.0,500,30.0,24.0,39.858228000000004,140.754739
-826246.6008,572378.2834,405.0,500,-95.0,33.3,39.871733,140.70070800000002
-824106.9563,574036.1336,486.0,500,-14.0,28.1,39.889947,140.721875
-824778.1147,577497.4532,448.0,500,-52.0,74.6,39.921225,140.708981
-821791.2574,569016.2526,681.0,500,181.0,23.3,39.846331,140.755453
-826839.2515,575088.6296,406.0,500,-94.0,49.8,39.896136,140.689861
-826457.8697,571245.3477,404.0,500,-96.0,49.0,39.860928,140.700142
-821289.9692,583446.7032,933.0,500,433.0,38.4,39.981064,140.738442
-812441.0019,584840.251,723.0,500,223.0,107.5,40.005531,140.834789
-806024.6502,581629.3222,1014.0,500,514.0,69.3,39.983975,140.911206
-805087.1537,577839.2627,1002.0,500,502.0,70.5,39.949958,140.927469
-1851161.649,70484.262,872.0,500,372.0,60.0,33.134167,131.20916699999998
-1851085.025,70251.7895,892.0,500,392.0,86.1,33.132221,131.210556
-1922450.51,-38190.6331,1147.0,500,647.0,164.3,31.930555,130.835831
-1923184.62,-38180.7704,1065.0,500,565.0,145.0,31.928612,130.82888799999998
-813698.5755,814559.9966,109.0,500,-391.0,190.8,42.128887,140.449173
-813329.7907,813632.233,104.0,500,-396.0,209.4,42.120834,140.455002
-814350.1057,813388.4718,119.0,500,-381.0,241.7,42.117222,140.443604
-1856439.231,74667.274,841.0,500,341.0,207.5,33.158611,131.14666699999998
-1857158.035,73497.6245,892.0,500,392.0,210.8,33.145832,131.143051
-1857153.534,72326.2056,1002.0,500,502.0,219.8,33.134997999999996,131.146393
-817542.1925,583373.5683,1019.0,500,519.0,166.1,39.985279,140.780273
-816799.9758,582791.1308,1066.0,500,566.0,225.5,39.980835,140.789444
-853254.0446,477902.9274,496.0,500,-4.0,195.4,38.956665,140.55166599999998
-894540.2045,445800.5885,378.0,500,-122.0,169.2,38.600834000000006,140.15361000000001
-894256.2775,445638.9972,422.0,500,-78.0,173.1,38.599724,140.156952
-1966805.445,-104257.3807,58.0,500,-442.0,138.7,31.191703000000004,130.606086
-1966362.024,-103949.2642,51.0,500,-449.0,150.8,31.195821999999996,130.60934699999999
-1924730.551,-33087.9557,676.0,500,176.0,74.5,31.971666,130.800003
-1924332.774,-32937.6491,651.0,500,151.0,68.6,31.974166999999998,130.803329
-1075767.938,261277.1002,1557.0,500,1057.0,149.5,36.60136,138.54435700000002
-1076087.0590000001,259569.2613,1298.0,500,798.0,136.8,36.584846,138.544144
-1175229.978,237799.6238,1486.0,500,986.0,104.8,36.211665999999994,137.555557
-1175917.955,238138.6916,1186.0,500,686.0,139.7,36.213612,137.547775
-847723.0329,481908.2727,686.0,500,186.0,190.0,39.001389,140.605835
-847503.3648,481668.0885,715.0,500,215.0,215.0,38.999443,140.60861200000002
-813902.4601,583438.9996,996.0,500,496.0,223.0,39.990619,140.82069199999998
-813814.9927,583692.3391,964.0,500,464.0,162.2,39.993086,140.821272
-1840442.5769999998,79539.4391,787.0,500,287.0,162.2,33.246944,131.28694199999998
-1841171.495,79511.1685,659.0,500,159.0,146.5,33.24472,131.279999
-1922560.3180000002,-33915.0113,966.0,500,466.0,188.0,31.969998999999998,130.822784
-1923010.716,-33840.3649,961.0,500,461.0,97.8,31.969444,130.818329
-1924439.489,-38434.0992,959.0,500,459.0,159.1,31.922777000000004,130.81778
-1924925.294,-38378.7395,922.0,500,422.0,148.9,31.921944,130.813049
-816380.421,583931.5363,782.0,500,282.0,164.0,39.991975,140.792336
-816387.0697,583231.8988,909.0,500,409.0,187.0,39.985467,140.793353
-1856969.707,74042.7497,761.0,500,261.0,200.6,33.15139,131.143326
-1857145.2519999999,74034.0249,776.0,500,276.0,198.8,33.150833,131.141663
-809528.7867,575858.1043,1160.0,500,660.0,109.6,39.925835,140.881104
-812850.2335,566337.7675,670.0,500,170.0,61.4,39.833057000000004,140.858887
-812796.5275,566180.5627,677.0,500,177.0,151.2,39.831665,140.859726
-1857023.763,70698.4136,1034.0,1000,34.0,47.4,33.120277,131.152222
-1852338.757,71697.8609,828.0,1000,-172.0,69.3,33.142223,131.194443
-1858458.966,66589.8616,752.0,1000,-248.0,95.8,33.078334999999996,131.149994
-1855827.28,68758.5937,1196.0,1000,196.0,113.9,33.105556,131.169174
-1854622.765,75245.4041,740.0,1000,-260.0,188.5,33.168888,131.162506
-1858853.416,75105.1485,626.0,1000,-374.0,178.1,33.156113,131.122223
-1858069.21,71964.6533,859.0,1000,-141.0,75.6,33.129166,131.138611
-1856156.938,66545.7065,940.0,1000,-60.0,138.2,33.084167,131.172226
-1849538.221,69710.7795,970.0,1000,-30.0,135.7,33.13139,131.226944
-1851117.034,70441.1151,885.0,1000,-115.0,121.5,33.133888,131.20971699999998
-1838469.8159999999,77196.9677,658.0,1000,-342.0,114.3,33.230556,131.3125
-769271.6515,731729.2259,350.0,1000,-650.0,92.2,41.421944,141.094162
-821610.6847,564006.0772,648.0,1000,-352.0,87.0,39.799999,140.765274
-1856789.013,75249.7628,781.0,1000,-219.0,181.0,33.163055,131.141663
-1857025.195,75229.213,800.0,1000,-200.0,205.9,33.162224,131.13945
-1857144.144,75023.8466,797.0,1000,-203.0,206.1,33.16,131.13888500000002
-1857121.189,75497.1435,770.0,1000,-230.0,206.4,33.164444,131.13777199999998
-1844269.914,77983.0394,687.0,1000,-313.0,69.0,33.222221000000005,131.25444
-882807.7382,396304.6543,612.0,1000,-388.0,76.1,38.154999,140.359726
-417331.2793,950437.1166,202.0,1000,-798.0,86.1,43.788569,144.954322
-410764.2218,956920.439,201.0,1000,-799.0,80.3,43.853008,145.027539
-418630.6006,940932.1053,222.0,1000,-778.0,118.4,43.699903000000006,144.94743300000002
-423221.7502,937992.4896,450.0,1000,-550.0,122.5,43.6695,144.894972
-420808.544,941016.1212,426.0,1000,-574.0,209.7,43.699135999999996,144.92117199999998
-440672.3701,931678.3977,278.0,1000,-722.0,95.3,43.598492,144.691461
-422137.7095,942547.9276,300.0,1000,-700.0,92.3,43.712333,144.903772
-430458.4259,937013.0684,297.0,1000,-703.0,74.7,43.655246999999996,144.808961
-439174.9228,935026.0536,331.0,1000,-669.0,61.5,43.630511,144.70620300000002
-468265.6281,932170.3539,198.0,1000,-802.0,24.4,43.581908,144.360117
-471970.1154,930862.9948,130.0,1000,-870.0,85.2,43.566908000000005,144.31706699999998
-469809.6191,928751.7148,148.0,1000,-852.0,71.6,43.549133000000005,144.345122
-465467.2397,926094.9344,130.0,1000,-870.0,52.8,43.528025,144.399839
-465707.0217,919978.8011,140.0,1000,-860.0,98.5,43.471367,144.403178
-469022.7655,930816.166,147.0,1000,-853.0,56.4,43.568811,144.352431
-487790.5587,914181.8412,357.0,1000,-643.0,163.0,43.40015,144.145283
-493373.0547,908025.7483,503.0,1000,-497.0,97.8,43.338710999999996,144.085222
-496707.55700000003,908046.4746,426.0,1000,-574.0,108.9,43.336133000000004,144.045439
-487727.7973,915541.312,388.0,1000,-612.0,173.1,43.412753,144.144592
-493941.8733,912906.8302,761.0,1000,-239.0,259.0,43.383308,144.07321100000001
-483699.1654,916891.5040000001,469.0,1000,-531.0,122.0,43.428506,144.19128899999998
-489466.0151,908807.3598,285.0,1000,-715.0,103.5,43.34915,144.130986
-590297.0548,963270.1197,696.0,1000,-304.0,75.1,43.759611,142.860242
-594511.0631,961132.8279,876.0,1000,-124.0,70.0,43.735721999999996,142.812469
-589384.9511,961767.5555,912.0,1000,-88.0,113.9,43.746689,142.87313899999998
-595274.8216,959013.4921,1024.0,1000,24.0,88.7,43.715447,142.806083
-584614.0214,961239.5044,595.0,1000,-405.0,195.3,43.746558,142.931069
-585042.5162,964528.1516,607.0,1000,-393.0,84.2,43.776408,142.921689
-746800.5065,899280.5345,399.0,1000,-601.0,132.2,42.9952,141.09156399999998
-748365.6813,897362.6592,567.0,1000,-433.0,299.5,42.975608,141.076186
-745207.8821,898627.0926,357.0,1000,-643.0,117.0,42.991172,141.111375
-749202.4968,898428.6073,514.0,1000,-486.0,267.1,42.984367,141.06462199999999
-747178.5,893353.3236,648.0,1000,-352.0,151.3,42.940208,141.096567
-760099.1507,909074.3907,554.0,1000,-446.0,88.9,43.068525,140.918956
-754068.9928,906697.8845,727.0,1000,-273.0,138.8,43.054303000000004,140.99395
-757279.949,904334.7471,609.0,1000,-391.0,80.9,43.028525,140.959908
-755975.9528,902161.9477,677.0,1000,-323.0,194.1,43.010194,140.978797
-754101.2606,905956.6013,792.0,1000,-208.0,107.4,43.047447,140.994767
-755213.4808,858895.4201,349.0,1000,-651.0,108.9,42.613021999999994,141.057147
-757014.0155,857181.9872,397.0,1000,-603.0,109.1,42.594986,141.038817
-758285.1187,855875.4852,247.0,1000,-753.0,125.9,42.581358,141.026039
-761289.4032,853607.1698,297.0,1000,-703.0,94.6,42.556686,140.994553
-752692.9193,849446.9545,433.0,1000,-567.0,271.1,42.529146999999995,141.10159199999998
-753496.3317,858054.72,456.0,1000,-544.0,138.6,42.607428000000006,141.078569
-756534.7091,854539.6539,518.0,1000,-482.0,133.5,42.571253000000006,141.048628
-751683.1812,847878.5709,337.0,1000,-663.0,163.6,42.515956,141.11586100000002
-753043.91,847510.7182,366.0,1000,-634.0,129.4,42.510872,141.100553
-751979.069,847123.6878,316.0,1000,-684.0,94.1,42.508633,141.113597
-748956.5249,842220.7297,125.0,1000,-875.0,75.6,42.467211,141.156589
-751614.1699,849091.5889,412.0,1000,-588.0,219.7,42.527217,141.114753
-754240.4052,846098.8565,508.0,1000,-492.0,71.1,42.496371999999994,141.088817
-837185.1026,826247.8184,130.0,1000,-870.0,138.3,42.204581,140.157225
-839619.6490000001,822794.6463,288.0,1000,-712.0,114.9,42.169436,140.13503300000002
-836973.6266,823886.4944,291.0,1000,-709.0,167.1,42.183139000000004,140.163772
-839913.8786,824286.605,219.0,1000,-781.0,172.8,42.182761,140.129031
-842112.3826,824873.1936,335.0,1000,-665.0,158.5,42.185114,140.102553
-840529.8606,825380.06,181.0,1000,-819.0,181.2,42.191972,140.119994
-838988.9627,824118.4264,315.0,1000,-685.0,161.6,42.182491999999996,140.14003300000002
-847847.1921,821712.5739,40.0,1000,-960.0,162.8,42.148047,140.04171100000002
-846242.6186,823431.084,140.0,1000,-860.0,139.3,42.1661,140.057264
-850919.1429999999,822511.1206,151.0,1000,-849.0,106.3,42.1511,140.00476899999998
-844635.2574,824063.2931,285.0,1000,-715.0,128.6,42.174155999999996,140.07476100000002
-822466.0306,816418.7640000001,354.0,1000,-646.0,81.7,42.134203,140.34455
-818154.5859999999,814438.1218,246.0,1000,-754.0,132.5,42.121781,140.397806
-820013.7022,814981.2729999999,67.0,1000,-933.0,116.0,42.124278000000004,140.375372
-816912.4781,813024.7946,284.0,1000,-716.0,155.4,42.110433,140.414567
-816010.4372,815811.0943,228.0,1000,-772.0,147.4,42.137311,140.420303
-816116.939,814051.9764,130.0,1000,-870.0,181.0,42.120964,140.42203899999998
-815372.7349,814555.3549,178.0,1000,-822.0,193.8,42.1266,140.429803
-778328.6622,793531.0965,153.0,1000,-847.0,102.6,41.981311,140.892731
-778226.0532,789916.8640000001,291.0,1000,-709.0,176.3,41.948097,140.899697
-778000.8345,791710.2390000001,211.0,1000,-789.0,134.0,41.964931,140.899431
-780316.0706,791969.4368,326.0,1000,-674.0,152.9,41.964361,140.872275
-782788.1765,789469.7049,635.0,1000,-365.0,95.0,41.938128000000006,140.847744
-778657.8775,790086.8818,345.0,1000,-655.0,165.0,41.949114,140.89443899999998
-780787.4159,790887.4526,622.0,1000,-378.0,116.8,41.953775,140.86856699999998
-895709.0784,834737.8073,313.0,1000,-687.0,100.1,42.199108,139.464586
-897423.7459,833958.4483,89.0,1000,-911.0,149.9,42.189414,139.446208
-894189.8952,831202.6574,212.0,1000,-788.0,110.5,42.168861,139.488706
-898850.6935,834943.7466,8.0,1000,-992.0,109.4,42.196356,139.427875
-896997.4468,833920.1329,106.0,1000,-894.0,158.3,42.189692,139.451208
-897371.9154,832859.9915,177.0,1000,-823.0,138.2,42.179396999999994,139.44885
-768617.2219,735105.2453,174.0,1000,-826.0,183.2,41.453981,141.096419
-771927.0701,732310.318,499.0,1000,-501.0,112.0,41.423986,141.06288899999998
-770131.3861,728433.8624,39.0,1000,-961.0,89.9,41.390392,141.089436
-768150.4078,724179.2525,99.0,1000,-901.0,135.9,41.353519,141.11865
-771544.4604,736402.1337,434.0,1000,-566.0,246.2,41.4623,141.060903
-769501.4069,734845.5241,168.0,1000,-832.0,181.5,41.450472,141.086703
-801718.1293,658756.4694,573.0,1000,-427.0,105.9,40.705189000000004,140.839494
-806598.7432,656923.1376,368.0,1000,-632.0,110.6,40.681881,140.787342
-804368.3381,652771.7944,734.0,1000,-266.0,123.0,40.646303,140.819028
-807084.0098,655609.7855,313.0,1000,-687.0,121.5,40.669081,140.78394699999998
-804947.4651,655047.6463,649.0,1000,-351.0,145.4,40.666644,140.80891699999998
-803274.8707,653559.6355,777.0,1000,-223.0,219.2,40.655019,140.83011100000002
-803487.9854,654934.2995,725.0,1000,-275.0,176.7,40.667483000000004,140.825547
-804076.6166,653208.5211,639.0,1000,-361.0,178.3,40.650728,140.821628
-814287.4779,647478.4675,310.0,1000,-690.0,140.8,40.584333,140.715708
-815790.2379,646320.5955,427.0,1000,-573.0,152.9,40.571633,140.700642
-813666.2885,644937.1349,516.0,1000,-484.0,97.6,40.561592,140.726733
-817372.946,643671.1255,226.0,1000,-774.0,91.0,40.545,140.687061
-810725.5621,646710.3735,591.0,1000,-409.0,147.1,40.581866999999995,140.757008
-809550.2835,646721.0798,637.0,1000,-363.0,143.8,40.583496999999994,140.770217
-809202.2297,581790.5312,1121.0,1000,121.0,186.3,39.981383,140.875578
-809863.5977,576254.0533,1237.0,1000,237.0,210.4,39.929083,140.876769
-809558.808,574616.0484,1157.0,1000,157.0,128.3,39.914253,140.882686
-809740.7755,572851.8913,1168.0,1000,168.0,139.3,39.897622,140.883383
-805488.7096,573440.9695,738.0,1000,-262.0,135.5,39.908564,140.929753
-806304.272,574598.6595,878.0,1000,-122.0,143.7,39.918278,140.918906
-808319.554,582871.7739,1087.0,1000,87.0,108.4,39.992567,140.883736
-808418.4635,582219.3861,1187.0,1000,187.0,215.8,39.986378,140.88364199999998
-808455.4552,582370.3495,1165.0,1000,165.0,263.8,39.987733,140.882997
-817467.9403,563308.1767,914.0,1000,-86.0,289.0,39.798908000000004,140.812322
-821667.9368,562103.9232,659.0,1000,-341.0,121.8,39.782242,140.767603
-822202.2494,559402.6076,717.0,1000,-283.0,108.2,39.756431,140.76588600000002
-819501.5179,563981.004,760.0,1000,-240.0,123.0,39.802517,140.788714
-820696.2688,564387.5920000001,635.0,1000,-365.0,120.3,39.804739,140.774825
-824540.9281,562564.0177,613.0,1000,-387.0,90.1,39.782761,140.735022
-823367.7396,559916.9064,483.0,1000,-517.0,94.4,39.759689,140.752164
-823056.1173,557635.186,608.0,1000,-392.0,62.5,39.738883,140.759175
-808284.6584,563830.6918,491.0,1000,-509.0,223.0,39.815633,140.913433
-804182.0654,569194.5998,826.0,1000,-174.0,176.8,39.870764,140.950783
-808156.5759,565763.3832,966.0,1000,-34.0,283.5,39.833767,140.911889
-802914.0076,563075.4226,701.0,1000,-299.0,124.4,39.815489,140.974211
-808314.9836,564771.238,950.0,1000,-50.0,251.7,39.824339,140.911653
-808301.9235,563832.2177,492.0,1000,-508.0,266.9,39.815625,140.91323899999998
-828036.5268,517381.5244,254.0,1000,-746.0,95.0,39.357839,140.766647
-829078.2359999999,508134.0211,342.0,1000,-658.0,150.0,39.270358,140.769475
-827664.4074,516459.8876,257.0,1000,-743.0,120.0,39.349744,140.772167
-825512.2944,507428.8732,361.0,1000,-639.0,80.2,39.268444,140.80975
-828841.8707,506553.1415,453.0,1000,-547.0,121.7,39.255942,140.77451100000002
-828607.7954,509639.6937,308.0,1000,-692.0,117.0,39.284997,140.772322
-844785.5065,485350.3854,264.0,1000,-736.0,76.9,39.037378000000004,140.632589
-838749.5013,477478.5933,681.0,1000,-319.0,159.5,38.971986,140.710814
-845812.243,482073.8038,557.0,1000,-443.0,244.0,39.005475,140.626469
-840033.1204,480131.7085,473.0,1000,-527.0,201.0,38.995028000000005,140.692678
-840289.5023,478221.1682,390.0,1000,-610.0,173.0,38.976878,140.692833
-845284.3187,481273.4961,568.0,1000,-432.0,256.4,38.998717,140.633489
-843359.5234,478872.1298,643.0,1000,-357.0,160.4,38.978885999999996,140.658267
-851371.1304,480954.0938,871.0,1000,-129.0,220.4,38.987625,140.56745
-852150.5525,481145.3215,806.0,1000,-194.0,205.0,38.988364000000004,140.55863100000002
-850253.3698,480821.4313,991.0,1000,-9.0,154.6,38.987883000000004,140.579875
-850880.6629,480500.4627,937.0,1000,-63.0,72.9,38.984053,140.573522
-849695.8017,484918.1225,354.0,1000,-646.0,92.2,39.026808,140.57955
-849760.473,483015.6763,485.0,1000,-515.0,199.8,39.008992,140.581825
-851248.5447,480382.7616,868.0,1000,-132.0,241.9,38.982464,140.56968600000002
-853195.2629,480226.095,571.0,1000,-429.0,195.9,38.978396999999994,140.54865800000002
-852411.3444,476556.891,496.0,1000,-504.0,193.4,38.945246999999995,140.562983
-846988.8338,483036.5693,509.0,1000,-491.0,252.5,39.012883,140.6121
-855916.0803,480027.0749,336.0,1000,-664.0,105.8,38.972889,140.519242
-852020.6362,482286.9817,790.0,1000,-210.0,119.2,38.999178,140.558258
-849745.2527,483014.0313,487.0,1000,-513.0,190.7,39.008996999999994,140.58199399999998
-852581.8217,479582.6568,702.0,1000,-298.0,277.9,38.973222,140.556372
-853337.0807,478051.8713,486.0,1000,-514.0,240.5,38.957941999999996,140.550525
-852587.2409999999,479606.7178,701.0,1000,-299.0,258.0,38.973439,140.556275
-851750.6075,477996.7715,687.0,1000,-313.0,285.2,38.959553,140.567942
-854108.7117,478574.1265,419.0,1000,-581.0,148.8,38.961775,140.541275
-852918.7221,479493.4305,717.0,1000,-283.0,216.8,38.971939,140.552831
-852237.8738,480268.8248,759.0,1000,-241.0,254.3,38.980078000000006,140.559053
-858087.8852,452462.5246,300.0,1000,-700.0,60.5,38.712942,140.538878
-859453.5668,453034.4968,271.0,1000,-729.0,47.2,38.716442,140.523128
-856083.7563,452015.2407,257.0,1000,-743.0,89.2,38.711458,140.561375
-855059.4688,450693.4402,323.0,1000,-677.0,73.1,38.700497,140.574578
-891315.5447,449046.8691,381.0,1000,-619.0,111.5,38.635608000000005,140.183322
-893328.9959,448368.0865,435.0,1000,-565.0,130.2,38.626469,140.162575
-892104.5164,447860.1832,409.0,1000,-591.0,111.8,38.623442,140.17668600000002
-890726.3385,447216.5847,400.0,1000,-600.0,93.9,38.619361,140.19268300000002
-891875.5418,446292.1897,457.0,1000,-543.0,151.2,38.609139,140.181714
-892950.3128,445338.9588,307.0,1000,-693.0,196.6,38.59875,140.171603
-861229.3015,437761.8114,280.0,1000,-720.0,110.1,38.571533,140.527761
-860927.2397,437064.5716,276.0,1000,-724.0,117.6,38.565431,140.532128
-858222.0467,436645.6209,463.0,1000,-537.0,89.2,38.565153,140.562128
-898098.9346,360019.5066,793.0,1000,-207.0,146.9,37.794571999999995,140.253097
-900372.1272,359448.31899999996,789.0,1000,-211.0,175.7,37.786066999999996,140.229692
-904212.4799,359728.6453,1353.0,1000,353.0,72.6,37.783333,140.188178
-898874.7686,359502.9773,816.0,1000,-184.0,168.7,37.788661,140.245619
-900298.77,357650.2513,1065.0,1000,65.0,263.6,37.769344,140.233336
-901514.2371,346639.102,989.0,1000,-11.0,166.7,37.664592,140.23783899999998
-901383.0718,342794.3175,1117.0,1000,117.0,133.3,37.628778000000004,140.24533300000002
-901497.2940000001,345418.2415,945.0,1000,-55.0,187.4,37.653186,140.239956
-903544.4954,347313.9289,957.0,1000,-43.0,170.2,37.668081,140.2151
-902989.6201,349230.6874,1370.0,1000,370.0,124.2,37.686797,140.217975
-901379.2814,342800.2694,1118.0,1000,118.0,168.5,37.628839,140.245364
-903597.3753,346336.8945,889.0,1000,-111.0,178.3,37.658861,140.21608899999998
-954431.65,333654.1433,306.0,1000,-694.0,135.5,37.467364,139.69553100000002
-957156.4465,332551.0392,468.0,1000,-532.0,103.2,37.453033000000005,139.66843300000002
-954144.9992,331733.3681,378.0,1000,-622.0,147.0,37.449811,139.701778
-955745.0412,330613.3329,333.0,1000,-667.0,238.7,37.436978,139.686656
-952678.1977,330233.9636,395.0,1000,-605.0,119.8,37.437931,139.71985
-955041.9378,330870.5666,378.0,1000,-622.0,260.8,37.440419,139.693692
-954731.1387,331265.8619,361.0,1000,-639.0,161.6,37.444575,139.696333
-956064.0629,329063.0083,386.0,1000,-614.0,160.7,37.422,139.685856
-955343.8561,328596.6134,411.0,1000,-589.0,143.8,37.418694,139.694278
-1191610.108,202726.8488,1663.0,1000,663.0,62.0,35.854144,137.455803
-1190658.557,198643.0201,1279.0,1000,279.0,48.3,35.817608,137.473625
-1185050.3159999999,200000.8338,1239.0,1000,239.0,55.2,35.840369,137.528575
-1187521.4479999999,201049.6555,1458.0,1000,458.0,50.8,35.845772,137.501122
-1016623.646,-117102.0737,121.0,1000,-879.0,56.2,33.1188,139.780472
-1016317.7440000001,-121635.326,108.0,1000,-892.0,147.8,33.076028,139.790475
-1010208.691,-121050.7151,155.0,1000,-845.0,68.9,33.090639,139.849989
-1013119.832,-120937.7553,567.0,1000,-433.0,160.2,33.087416999999995,139.821025
-1011614.026,-122277.93199999999,168.0,1000,-832.0,81.3,33.076861,139.837969
-1014572.135,-121790.1258,258.0,1000,-742.0,303.9,33.077139,139.807972
-1015153.2990000001,-122174.9686,163.0,1000,-837.0,288.2,33.072608,139.802817
-1393959.3469999998,28311.066000000003,57.0,1000,-943.0,56.5,33.828461,135.776325
-1396172.499,31135.0191,135.0,1000,-865.0,104.8,33.85045,135.748322
-1837177.519,81619.0273,828.0,1000,-172.0,140.4,33.274983,131.312586
-1846903.993,79872.2534,490.0,1000,-510.0,112.9,33.232606,131.223775
-1838190.169,75194.6733,538.0,1000,-462.0,161.9,33.212761,131.320789
-1839858.594,72892.8159,837.0,1000,-163.0,175.5,33.186953,131.311156
-1843623.124,74179.8074,876.0,1000,-124.0,73.7,33.188742,131.271322
-1844109.226,68579.4024,961.0,1000,-39.0,43.5,33.135553,131.28231399999999
-1844332.755,75750.6301,801.0,1000,-199.0,116.5,33.201378000000005,131.260092
-1841027.685,73252.6565,831.0,1000,-169.0,191.4,33.187142,131.298897
-1840881.53,71637.1019,809.0,1000,-191.0,165.5,33.172569,131.30481899999998
-1838945.5,73667.158,608.0,1000,-392.0,152.3,33.196581,131.31778300000002
-1842930.73,75313.0044,765.0,1000,-235.0,171.0,33.201103,131.274814
-1827757.03,70583.286,191.0,1000,-809.0,84.1,33.197986,131.43411899999998
-1834188.1469999999,71516.8552,250.0,1000,-750.0,72.7,33.189428,131.369586
-1837997.235,69318.5769,636.0,1000,-364.0,80.5,33.158839,131.339047
-1827367.688,73465.9566,476.0,1000,-524.0,83.3,33.225742,131.42986399999998
-1844626.11,72954.7307,1005.0,1000,5.0,42.9,33.174692,131.2651
-1844790.697,62118.0054,792.0,1000,-208.0,67.4,33.073844,131.293814
-1848191.3090000001,61136.415,819.0,1000,-181.0,76.1,33.055583,131.26388899999998
-1842562.8090000001,62157.7797,695.0,1000,-305.0,71.2,33.080208,131.315111
-1846955.46,62768.0474,994.0,1000,-6.0,89.1,33.074036,131.2712
-1850870.2680000002,62902.6162,1071.0,1000,71.0,137.6,33.064719000000004,131.233219
-1842458.6090000002,64425.78,897.0,1000,-103.0,69.6,33.101508,131.309786
-1852482.095,63462.0873,1130.0,1000,130.0,142.6,33.065546999999995,131.216172
-1876951.0459999999,49778.0178,521.0,1000,-479.0,77.3,32.872244,131.020122
-1877205.5590000001,48324.5234,481.0,1000,-519.0,108.3,32.858081,131.02178899999998
-1876616.381,50518.7913,619.0,1000,-381.0,84.1,32.880022,131.021233
-1880436.1130000001,48498.7687,457.0,1000,-543.0,85.7,32.850858,130.99040300000001
-1884087.4019999998,51767.779,185.0,1000,-815.0,77.8,32.871133,130.946239
-1875901.045,49498.3453,709.0,1000,-291.0,149.0,32.872522,131.030956
-1876242.535,49029.7294,636.0,1000,-364.0,130.0,32.867247,131.029011
-1955169.227,61325.3341,311.0,1000,-689.0,247.7,32.760946999999994,130.240608
-1958882.105,58697.9656,145.0,1000,-855.0,77.7,32.726110999999996,130.212989
-1953281.97,61060.3774,544.0,1000,-456.0,164.8,32.763864,130.259344
-1958122.946,59234.3997,132.0,1000,-868.0,81.2,32.733228000000004,130.218636
-1956313.634,57630.0387,586.0,1000,-414.0,75.6,32.723556,130.240544
-1956121.1930000002,62179.10400000001,377.0,1000,-623.0,69.0,32.766125,130.229047
-1955668.0469999998,59399.5293,392.0,1000,-608.0,243.4,32.741739,130.241503
-2109228.3019999997,101894.3551,4.0,1000,-996.0,65.3,32.679147,128.657611
-2103613.001,97748.6853,111.0,1000,-889.0,41.9,32.658311,128.723617
-2108762.32,101021.0649,8.0,1000,-992.0,79.0,32.672567,128.664758
-2107380.611,99946.7488,2.0,1000,-998.0,60.6,32.666947,128.681172
-1923148.5580000002,-34372.1091,1001.0,1000,1.0,188.3,31.964119,130.818525
-1922024.0119999999,-33991.1447,967.0,1000,-33.0,174.0,31.970778000000003,130.828053
-1922945.664,-33821.4726,951.0,1000,-49.0,193.0,31.9698,130.81888899999998
-1923349.157,-35075.0964,955.0,1000,-45.0,203.0,31.957028,130.818611
-1936299.625,-24256.2239,196.0,1000,-804.0,73.0,32.0215,130.666008
-1933218.159,-26258.7808,288.0,1000,-712.0,99.0,32.011503000000005,130.700728
-1933194.669,-24894.082000000002,350.0,1000,-650.0,67.0,32.024244,130.697086
-1932375.688,-27139.4253,441.0,1000,-559.0,100.5,32.005672,130.711161
-1935276.3090000001,-27302.6641,241.0,1000,-759.0,95.2,31.996064,130.68428600000001
-1931784.437,-26756.077,476.0,1000,-524.0,111.1,32.010881,130.71565
-1935423.9340000001,-26736.7745,237.0,1000,-763.0,94.5,32.000908,130.68129199999998
-1921765.033,-43370.4762,756.0,1000,-244.0,196.6,31.884286,130.856817
-1921770.086,-43367.4668,756.0,1000,-244.0,149.2,31.8843,130.856761
-1921767.146,-43374.363,756.0,1000,-244.0,217.9,31.884244,130.856808
-1921771.6719999998,-43371.7254,756.0,1000,-244.0,173.9,31.884256,130.856758
-1921765.341,-43366.5139,756.0,1000,-244.0,234.9,31.884321999999997,130.856803
-1925621.104,-36083.8578,857.0,1000,-143.0,151.3,31.941346999999997,130.800042
-1927017.614,-34889.6536,760.0,1000,-240.0,86.9,31.948569,130.783525
-1927700.408,-35992.9301,699.0,1000,-301.0,87.5,31.936417,130.7802
-1926841.4030000002,-38190.531,692.0,1000,-308.0,182.6,31.918375,130.794475
-1924123.5369999998,-39909.4465,857.0,1000,-143.0,283.5,31.909936,130.8249
-1926877.364,-39129.6992,598.0,1000,-402.0,158.9,31.909544,130.796778
-1923460.582,-38655.5163,1032.0,1000,32.0,252.6,31.923433000000003,130.827622
-1923278.04,-39449.8988,907.0,1000,-93.0,214.1,31.916553000000004,130.831572
-1923908.642,-37897.4087,1028.0,1000,28.0,213.6,31.929239000000003,130.821272
-1924647.678,-37817.3946,964.0,1000,-36.0,202.2,31.927933000000003,130.814086
-1964744.108,-98328.3217,117.0,1000,-883.0,115.0,31.252753000000002,130.60861699999998
-1969813.3169999998,-96745.6488,68.0,1000,-932.0,43.6,31.253225,130.556953
-1966324.718,-99246.3496,269.0,1000,-731.0,75.3,31.239753000000004,130.596478
-1970472.325,-101367.1343,81.0,1000,-919.0,77.8,31.208311,130.563836
-1964914.26,-99040.1362,226.0,1000,-774.0,132.8,31.245642,130.609033
-1965626.3190000001,-98306.5032,192.0,1000,-808.0,122.7,31.250475,130.600339
-1969073.6069999998,-103242.3743,130.0,1000,-870.0,135.1,31.194778000000003,130.582128
-1965954.257,-100071.349,292.0,1000,-708.0,173.9,31.233108,130.602247
-1970766.128,-104690.8289,25.0,1000,-975.0,103.9,31.176510999999998,130.570456
-838922.7912,460730.6986,606.0,1000,-394.0,190.5,38.815556,140.734726
-839919.3749,458906.1761,535.0,1000,-465.0,161.9,38.797222,140.726669
-842708.4554,457751.9965,244.0,1000,-756.0,183.8,38.782776,140.698059
-846189.9578,462861.3012,428.0,1000,-572.0,106.7,38.825832,140.652222
-821281.3397,569722.1759,569.0,1000,-431.0,76.7,39.853558,140.760013
-818767.9093,577152.0841,567.0,1000,-433.0,160.1,39.925881,140.776347
-824820.2847,579300.1974,498.0,1000,-502.0,123.0,39.937917,140.705678
-824062.5929,574051.3960000001,490.0,1000,-510.0,78.3,39.890147,140.722344
-819089.1803,582959.713,1063.0,1000,63.0,229.2,39.979417,140.7637
-820987.3795,579346.9403,903.0,1000,-97.0,197.0,39.943375,140.748233
-817336.8224,582653.5651,1084.0,1000,84.0,198.2,39.978858,140.783683
-816737.3897,583589.7096,889.0,1000,-111.0,142.4,39.988335,140.788895
-1851161.649,70484.262,872.0,1000,-128.0,90.0,33.134167,131.20916699999998
-1851085.025,70251.7895,892.0,1000,-108.0,122.2,33.132221,131.210556
-1922450.51,-38190.6331,1147.0,1000,147.0,220.8,31.930555,130.835831
-1923184.62,-38180.7704,1065.0,1000,65.0,164.4,31.928612,130.82888799999998
-813698.5755,814559.9966,109.0,1000,-891.0,193.6,42.128887,140.449173
-813329.7907,813632.233,104.0,1000,-896.0,260.4,42.120834,140.455002
-814350.1057,813388.4718,119.0,1000,-881.0,264.2,42.117222,140.443604
-1856439.231,74667.274,841.0,1000,-159.0,198.9,33.158611,131.14666699999998
-1857158.035,73497.6245,892.0,1000,-108.0,206.8,33.145832,131.143051
-1857153.534,72326.2056,1002.0,1000,2.0,225.7,33.134997999999996,131.146393
-817542.1925,583373.5683,1019.0,1000,19.0,189.2,39.985279,140.780273
-816799.9758,582791.1308,1066.0,1000,66.0,232.6,39.980835,140.789444
-853254.0446,477902.9274,496.0,1000,-504.0,220.8,38.956665,140.55166599999998
-894540.2045,445800.5885,378.0,1000,-622.0,199.9,38.600834000000006,140.15361000000001
-894256.2775,445638.9972,422.0,1000,-578.0,184.4,38.599724,140.156952
-1966805.445,-104257.3807,58.0,1000,-942.0,99.2,31.191703000000004,130.606086
-1966362.024,-103949.2642,51.0,1000,-949.0,106.6,31.195821999999996,130.60934699999999
-1924730.551,-33087.9557,676.0,1000,-324.0,184.3,31.971666,130.800003
-1924332.774,-32937.6491,651.0,1000,-349.0,71.0,31.974166999999998,130.803329
-1075767.938,261277.1002,1557.0,1000,557.0,234.5,36.60136,138.54435700000002
-1076087.0590000001,259569.2613,1298.0,1000,298.0,222.3,36.584846,138.544144
-1175229.978,237799.6238,1486.0,1000,486.0,146.0,36.211665999999994,137.555557
-1175917.955,238138.6916,1186.0,1000,186.0,178.8,36.213612,137.547775
-847723.0329,481908.2727,686.0,1000,-314.0,275.0,39.001389,140.605835
-847503.3648,481668.0885,715.0,1000,-285.0,290.0,38.999443,140.60861200000002
-813902.4601,583438.9996,996.0,1000,-4.0,265.0,39.990619,140.82069199999998
-813814.9927,583692.3391,964.0,1000,-36.0,199.1,39.993086,140.821272
-1841171.495,79511.1685,659.0,1000,-341.0,143.4,33.24472,131.279999
-1922560.3180000002,-33915.0113,966.0,1000,-34.0,196.0,31.969998999999998,130.822784
-1924439.489,-38434.0992,959.0,1000,-41.0,200.4,31.922777000000004,130.81778
-1924925.294,-38378.7395,922.0,1000,-78.0,160.6,31.921944,130.813049
-848116.0148,482888.1559,553.0,1000,-447.0,246.0,39.009997999999996,140.600006
-848050.4867,482819.4486,576.0,1000,-424.0,228.4,39.009445,140.60083
-816380.421,583931.5363,782.0,1000,-218.0,181.0,39.991975,140.792336
-816387.0697,583231.8988,909.0,1000,-91.0,223.8,39.985467,140.793353
-1856969.707,74042.7497,761.0,1000,-239.0,205.6,33.15139,131.143326
-812850.2335,566337.7675,670.0,1000,-330.0,39.6,39.833057000000004,140.858887
-1857023.763,70698.4136,1034.0,1500,-466.0,85.2,33.120277,131.152222
-1855827.28,68758.5937,1196.0,1500,-304.0,222.0,33.105556,131.169174
-1854622.765,75245.4041,740.0,1500,-760.0,188.1,33.168888,131.162506
-1858853.416,75105.1485,626.0,1500,-874.0,182.5,33.156113,131.122223
-1858069.21,71964.6533,859.0,1500,-641.0,107.3,33.129166,131.138611
-1856156.938,66545.7065,940.0,1500,-560.0,161.4,33.084167,131.172226
-1849538.221,69710.7795,970.0,1500,-530.0,177.6,33.13139,131.226944
-1851117.034,70441.1151,885.0,1500,-615.0,167.0,33.133888,131.20971699999998
-418630.6006,940932.1053,222.0,1500,-1278.0,153.3,43.699903000000006,144.94743300000002
-423221.7502,937992.4896,450.0,1500,-1050.0,150.4,43.6695,144.894972
-420808.544,941016.1212,426.0,1500,-1074.0,263.4,43.699135999999996,144.92117199999998
-440672.3701,931678.3977,278.0,1500,-1222.0,107.6,43.598492,144.691461
-471970.1154,930862.9948,130.0,1500,-1370.0,132.3,43.566908000000005,144.31706699999998
-465707.0217,919978.8011,140.0,1500,-1360.0,105.9,43.471367,144.403178
-469022.7655,930816.166,147.0,1500,-1353.0,85.1,43.568811,144.352431
-487790.5587,914181.8412,357.0,1500,-1143.0,194.5,43.40015,144.145283
-487727.7973,915541.312,388.0,1500,-1112.0,245.9,43.412753,144.144592
-493941.8733,912906.8302,761.0,1500,-739.0,292.1,43.383308,144.07321100000001
-589384.9511,961767.5555,912.0,1500,-588.0,140.2,43.746689,142.87313899999998
-584614.0214,961239.5044,595.0,1500,-905.0,241.5,43.746558,142.931069
-748365.6813,897362.6592,567.0,1500,-933.0,309.2,42.975608,141.076186
-745207.8821,898627.0926,357.0,1500,-1143.0,119.8,42.991172,141.111375
-747178.5,893353.3236,648.0,1500,-852.0,158.3,42.940208,141.096567
-754068.9928,906697.8845,727.0,1500,-773.0,142.4,43.054303000000004,140.99395
-757279.949,904334.7471,609.0,1500,-891.0,81.6,43.028525,140.959908
-755975.9528,902161.9477,677.0,1500,-823.0,205.4,43.010194,140.978797
-754101.2606,905956.6013,792.0,1500,-708.0,111.9,43.047447,140.994767
-755213.4808,858895.4201,349.0,1500,-1151.0,126.4,42.613021999999994,141.057147
-757014.0155,857181.9872,397.0,1500,-1103.0,121.2,42.594986,141.038817
-758285.1187,855875.4852,247.0,1500,-1253.0,136.8,42.581358,141.026039
-761289.4032,853607.1698,297.0,1500,-1203.0,106.4,42.556686,140.994553
-753043.91,847510.7182,366.0,1500,-1134.0,154.6,42.510872,141.100553
-751614.1699,849091.5889,412.0,1500,-1088.0,223.0,42.527217,141.114753
-754240.4052,846098.8565,508.0,1500,-992.0,84.9,42.496371999999994,141.088817
-839913.8786,824286.605,219.0,1500,-1281.0,182.0,42.182761,140.129031
-842112.3826,824873.1936,335.0,1500,-1165.0,186.0,42.185114,140.102553
-840529.8606,825380.06,181.0,1500,-1319.0,232.5,42.191972,140.119994
-838988.9627,824118.4264,315.0,1500,-1185.0,195.2,42.182491999999996,140.14003300000002
-847847.1921,821712.5739,40.0,1500,-1460.0,196.2,42.148047,140.04171100000002
-846242.6186,823431.084,140.0,1500,-1360.0,185.2,42.1661,140.057264
-844635.2574,824063.2931,285.0,1500,-1215.0,174.6,42.174155999999996,140.07476100000002
-820013.7022,814981.2729999999,67.0,1500,-1433.0,117.2,42.124278000000004,140.375372
-816912.4781,813024.7946,284.0,1500,-1216.0,179.3,42.110433,140.414567
-816116.939,814051.9764,130.0,1500,-1370.0,191.3,42.120964,140.42203899999998
-815372.7349,814555.3549,178.0,1500,-1322.0,197.3,42.1266,140.429803
-780316.0706,791969.4368,326.0,1500,-1174.0,165.8,41.964361,140.872275
-782788.1765,789469.7049,635.0,1500,-865.0,119.5,41.938128000000006,140.847744
-778657.8775,790086.8818,345.0,1500,-1155.0,170.4,41.949114,140.89443899999998
-780787.4159,790887.4526,622.0,1500,-878.0,164.6,41.953775,140.86856699999998
-896997.4468,833920.1329,106.0,1500,-1394.0,180.9,42.189692,139.451208
-768617.2219,735105.2453,174.0,1500,-1326.0,205.9,41.453981,141.096419
-768150.4078,724179.2525,99.0,1500,-1401.0,150.6,41.353519,141.11865
-769501.4069,734845.5241,168.0,1500,-1332.0,228.4,41.450472,141.086703
-804947.4651,655047.6463,649.0,1500,-851.0,175.6,40.666644,140.80891699999998
-803274.8707,653559.6355,777.0,1500,-723.0,235.7,40.655019,140.83011100000002
-803487.9854,654934.2995,725.0,1500,-775.0,192.3,40.667483000000004,140.825547
-804076.6166,653208.5211,639.0,1500,-861.0,219.5,40.650728,140.821628
-815790.2379,646320.5955,427.0,1500,-1073.0,171.0,40.571633,140.700642
-810725.5621,646710.3735,591.0,1500,-909.0,158.8,40.581866999999995,140.757008
-809740.7755,572851.8913,1168.0,1500,-332.0,149.1,39.897622,140.883383
-808319.554,582871.7739,1087.0,1500,-413.0,203.3,39.992567,140.883736
-808418.4635,582219.3861,1187.0,1500,-313.0,314.7,39.986378,140.88364199999998
-821667.9368,562103.9232,659.0,1500,-841.0,143.7,39.782242,140.767603
-822202.2494,559402.6076,717.0,1500,-783.0,128.8,39.756431,140.76588600000002
-819501.5179,563981.004,760.0,1500,-740.0,146.8,39.802517,140.788714
-820696.2688,564387.5920000001,635.0,1500,-865.0,140.1,39.804739,140.774825
-808314.9836,564771.238,950.0,1500,-550.0,276.6,39.824339,140.911653
-808301.9235,563832.2177,492.0,1500,-1008.0,316.1,39.815625,140.91323899999998
-829078.2359999999,508134.0211,342.0,1500,-1158.0,159.0,39.270358,140.769475
-827664.4074,516459.8876,257.0,1500,-1243.0,133.1,39.349744,140.772167
-828841.8707,506553.1415,453.0,1500,-1047.0,137.4,39.255942,140.77451100000002
-828607.7954,509639.6937,308.0,1500,-1192.0,120.8,39.284997,140.772322
-845812.243,482073.8038,557.0,1500,-943.0,267.9,39.005475,140.626469
-840289.5023,478221.1682,390.0,1500,-1110.0,186.5,38.976878,140.692833
-845284.3187,481273.4961,568.0,1500,-932.0,277.5,38.998717,140.633489
-843359.5234,478872.1298,643.0,1500,-857.0,192.7,38.978885999999996,140.658267
-851371.1304,480954.0938,871.0,1500,-629.0,236.4,38.987625,140.56745
-852150.5525,481145.3215,806.0,1500,-694.0,243.4,38.988364000000004,140.55863100000002
-849760.473,483015.6763,485.0,1500,-1015.0,228.2,39.008992,140.581825
-846988.8338,483036.5693,509.0,1500,-991.0,286.6,39.012883,140.6121
-855916.0803,480027.0749,336.0,1500,-1164.0,122.3,38.972889,140.519242
-852020.6362,482286.9817,790.0,1500,-710.0,160.2,38.999178,140.558258
-849745.2527,483014.0313,487.0,1500,-1013.0,249.3,39.008996999999994,140.58199399999998
-852581.8217,479582.6568,702.0,1500,-798.0,287.9,38.973222,140.556372
-853337.0807,478051.8713,486.0,1500,-1014.0,242.3,38.957941999999996,140.550525
-852587.2409999999,479606.7178,701.0,1500,-799.0,261.0,38.973439,140.556275
-851750.6075,477996.7715,687.0,1500,-813.0,284.9,38.959553,140.567942
-852918.7221,479493.4305,717.0,1500,-783.0,246.0,38.971939,140.552831
-852237.8738,480268.8248,759.0,1500,-741.0,270.6,38.980078000000006,140.559053
-856083.7563,452015.2407,257.0,1500,-1243.0,97.3,38.711458,140.561375
-855059.4688,450693.4402,323.0,1500,-1177.0,76.0,38.700497,140.574578
-891315.5447,449046.8691,381.0,1500,-1119.0,133.7,38.635608000000005,140.183322
-891875.5418,446292.1897,457.0,1500,-1043.0,184.6,38.609139,140.181714
-892950.3128,445338.9588,307.0,1500,-1193.0,242.9,38.59875,140.171603
-860927.2397,437064.5716,276.0,1500,-1224.0,141.8,38.565431,140.532128
-858222.0467,436645.6209,463.0,1500,-1037.0,96.7,38.565153,140.562128
-898098.9346,360019.5066,793.0,1500,-707.0,163.6,37.794571999999995,140.253097
-900372.1272,359448.31899999996,789.0,1500,-711.0,182.1,37.786066999999996,140.229692
-898874.7686,359502.9773,816.0,1500,-684.0,184.8,37.788661,140.245619
-901497.2940000001,345418.2415,945.0,1500,-555.0,227.2,37.653186,140.239956
-903544.4954,347313.9289,957.0,1500,-543.0,179.0,37.668081,140.2151
-901379.2814,342800.2694,1118.0,1500,-382.0,181.3,37.628839,140.245364
-903597.3753,346336.8945,889.0,1500,-611.0,204.3,37.658861,140.21608899999998
-954144.9992,331733.3681,378.0,1500,-1122.0,156.1,37.449811,139.701778
-955745.0412,330613.3329,333.0,1500,-1167.0,258.4,37.436978,139.686656
-956064.0629,329063.0083,386.0,1500,-1114.0,216.5,37.422,139.685856
-955343.8561,328596.6134,411.0,1500,-1089.0,188.7,37.418694,139.694278
-1191610.108,202726.8488,1663.0,1500,163.0,63.8,35.854144,137.455803
-1013119.832,-120937.7553,567.0,1500,-933.0,181.6,33.087416999999995,139.821025
-1837177.519,81619.0273,828.0,1500,-672.0,138.8,33.274983,131.312586
-1846903.993,79872.2534,490.0,1500,-1010.0,125.4,33.232606,131.223775
-1843623.124,74179.8074,876.0,1500,-624.0,81.1,33.188742,131.271322
-1844332.755,75750.6301,801.0,1500,-699.0,166.8,33.201378000000005,131.260092
-1841027.685,73252.6565,831.0,1500,-669.0,196.6,33.187142,131.298897
-1838945.5,73667.158,608.0,1500,-892.0,167.4,33.196581,131.31778300000002
-1842930.73,75313.0044,765.0,1500,-735.0,231.4,33.201103,131.274814
-1837997.235,69318.5769,636.0,1500,-864.0,103.1,33.158839,131.339047
-1827367.688,73465.9566,476.0,1500,-1024.0,102.1,33.225742,131.42986399999998
-1844626.11,72954.7307,1005.0,1500,-495.0,56.8,33.174692,131.2651
-1850870.2680000002,62902.6162,1071.0,1500,-429.0,191.2,33.064719000000004,131.233219
-1852482.095,63462.0873,1130.0,1500,-370.0,206.0,33.065546999999995,131.216172
-1876616.381,50518.7913,619.0,1500,-881.0,147.7,32.880022,131.021233
-1875901.045,49498.3453,709.0,1500,-791.0,189.7,32.872522,131.030956
-1876242.535,49029.7294,636.0,1500,-864.0,192.7,32.867247,131.029011
-1953281.97,61060.3774,544.0,1500,-956.0,232.2,32.763864,130.259344
-1958122.946,59234.3997,132.0,1500,-1368.0,96.7,32.733228000000004,130.218636
-1955668.0469999998,59399.5293,392.0,1500,-1108.0,142.1,32.741739,130.241503
-2108762.32,101021.0649,8.0,1500,-1492.0,81.9,32.672567,128.664758
-2107380.611,99946.7488,2.0,1500,-1498.0,62.6,32.666947,128.681172
-1923148.5580000002,-34372.1091,1001.0,1500,-499.0,188.3,31.964119,130.818525
-1922024.0119999999,-33991.1447,967.0,1500,-533.0,180.0,31.970778000000003,130.828053
-1923349.157,-35075.0964,955.0,1500,-545.0,202.7,31.957028,130.818611
-1932375.688,-27139.4253,441.0,1500,-1059.0,113.6,32.005672,130.711161
-1931784.437,-26756.077,476.0,1500,-1024.0,117.7,32.010881,130.71565
-1935423.9340000001,-26736.7745,237.0,1500,-1263.0,106.3,32.000908,130.68129199999998
-1921770.086,-43367.4668,756.0,1500,-744.0,179.1,31.8843,130.856761
-1921767.146,-43374.363,756.0,1500,-744.0,212.5,31.884244,130.856808
-1921771.6719999998,-43371.7254,756.0,1500,-744.0,197.9,31.884256,130.856758
-1925621.104,-36083.8578,857.0,1500,-643.0,192.4,31.941346999999997,130.800042
-1926877.364,-39129.6992,598.0,1500,-902.0,212.8,31.909544,130.796778
-1923460.582,-38655.5163,1032.0,1500,-468.0,297.4,31.923433000000003,130.827622
-1923278.04,-39449.8988,907.0,1500,-593.0,286.6,31.916553000000004,130.831572
-1923908.642,-37897.4087,1028.0,1500,-472.0,251.5,31.929239000000003,130.821272
-1924647.678,-37817.3946,964.0,1500,-536.0,243.0,31.927933000000003,130.814086
-1964744.108,-98328.3217,117.0,1500,-1383.0,115.5,31.252753000000002,130.60861699999998
-1966324.718,-99246.3496,269.0,1500,-1231.0,126.2,31.239753000000004,130.596478
-1964914.26,-99040.1362,226.0,1500,-1274.0,128.8,31.245642,130.609033
-1965626.3190000001,-98306.5032,192.0,1500,-1308.0,122.7,31.250475,130.600339
-1969073.6069999998,-103242.3743,130.0,1500,-1370.0,134.3,31.194778000000003,130.582128
-1965954.257,-100071.349,292.0,1500,-1208.0,161.3,31.233108,130.602247
-1970766.128,-104690.8289,25.0,1500,-1475.0,165.6,31.176510999999998,130.570456
-842708.4554,457751.9965,244.0,1500,-1256.0,216.2,38.782776,140.698059
-846189.9578,462861.3012,428.0,1500,-1072.0,130.5,38.825832,140.652222
-821281.3397,569722.1759,569.0,1500,-931.0,105.2,39.853558,140.760013
-818767.9093,577152.0841,567.0,1500,-933.0,184.7,39.925881,140.776347
-824820.2847,579300.1974,498.0,1500,-1002.0,147.0,39.937917,140.705678
-824062.5929,574051.3960000001,490.0,1500,-1010.0,128.6,39.890147,140.722344
-819089.1803,582959.713,1063.0,1500,-437.0,277.3,39.979417,140.7637
-820987.3795,579346.9403,903.0,1500,-597.0,231.0,39.943375,140.748233
-817336.8224,582653.5651,1084.0,1500,-416.0,256.8,39.978858,140.783683
-1851161.649,70484.262,872.0,1500,-628.0,150.0,33.134167,131.20916699999998
-1851085.025,70251.7895,892.0,1500,-608.0,183.9,33.132221,131.210556
-1922450.51,-38190.6331,1147.0,1500,-353.0,229.5,31.930555,130.835831
-1923184.62,-38180.7704,1065.0,1500,-435.0,195.5,31.928612,130.82888799999998
-813329.7907,813632.233,104.0,1500,-1396.0,262.4,42.120834,140.455002
-814350.1057,813388.4718,119.0,1500,-1381.0,249.7,42.117222,140.443604
-1857153.534,72326.2056,1002.0,1500,-498.0,202.7,33.134997999999996,131.146393
-817542.1925,583373.5683,1019.0,1500,-481.0,203.3,39.985279,140.780273
-816799.9758,582791.1308,1066.0,1500,-434.0,250.4,39.980835,140.789444
-1924730.551,-33087.9557,676.0,1500,-824.0,226.0,31.971666,130.800003
-1075767.938,261277.1002,1557.0,1500,57.0,235.8,36.60136,138.54435700000002
-1076087.0590000001,259569.2613,1298.0,1500,-202.0,227.5,36.584846,138.544144
-847723.0329,481908.2727,686.0,1500,-814.0,275.0,39.001389,140.605835
-813902.4601,583438.9996,996.0,1500,-504.0,280.7,39.990619,140.82069199999998
-848116.0148,482888.1559,553.0,1500,-947.0,277.0,39.009997999999996,140.600006
-848050.4867,482819.4486,576.0,1500,-924.0,238.5,39.009445,140.60083
-812850.2335,566337.7675,670.0,1500,-830.0,85.7,39.833057000000004,140.858887
-1858853.416,75105.1485,626.0,2000,-1374.0,182.8,33.156113,131.122223
-1858069.21,71964.6533,859.0,2000,-1141.0,170.3,33.129166,131.138611
-1856156.938,66545.7065,940.0,2000,-1060.0,165.7,33.084167,131.172226
-1849538.221,69710.7795,970.0,2000,-1030.0,256.4,33.13139,131.226944
-1851117.034,70441.1151,885.0,2000,-1115.0,228.5,33.133888,131.20971699999998
-471970.1154,930862.9948,130.0,2000,-1870.0,140.1,43.566908000000005,144.31706699999998
-755213.4808,858895.4201,349.0,2000,-1651.0,130.7,42.613021999999994,141.057147
-844635.2574,824063.2931,285.0,2000,-1715.0,180.2,42.174155999999996,140.07476100000002
-816116.939,814051.9764,130.0,2000,-1870.0,195.0,42.120964,140.42203899999998
-815372.7349,814555.3549,178.0,2000,-1822.0,196.9,42.1266,140.429803
-808319.554,582871.7739,1087.0,2000,-913.0,209.2,39.992567,140.883736
-808418.4635,582219.3861,1187.0,2000,-813.0,334.0,39.986378,140.88364199999998
-846988.8338,483036.5693,509.0,2000,-1491.0,289.9,39.012883,140.6121
-852918.7221,479493.4305,717.0,2000,-1283.0,247.3,38.971939,140.552831
-892950.3128,445338.9588,307.0,2000,-1693.0,247.4,38.59875,140.171603
-956064.0629,329063.0083,386.0,2000,-1614.0,243.0,37.422,139.685856
-955343.8561,328596.6134,411.0,2000,-1589.0,192.8,37.418694,139.694278
-1842930.73,75313.0044,765.0,2000,-1235.0,237.8,33.201103,131.274814
-1844626.11,72954.7307,1005.0,2000,-995.0,77.6,33.174692,131.2651
-1876616.381,50518.7913,619.0,2000,-1381.0,154.0,32.880022,131.021233
-1923148.5580000002,-34372.1091,1001.0,2000,-999.0,189.5,31.964119,130.818525
-1922024.0119999999,-33991.1447,967.0,2000,-1033.0,202.6,31.970778000000003,130.828053
-1926877.364,-39129.6992,598.0,2000,-1402.0,216.7,31.909544,130.796778
-1923460.582,-38655.5163,1032.0,2000,-968.0,298.4,31.923433000000003,130.827622
-1923908.642,-37897.4087,1028.0,2000,-972.0,252.4,31.929239000000003,130.821272
-1924647.678,-37817.3946,964.0,2000,-1036.0,233.4,31.927933000000003,130.814086
-1965954.257,-100071.349,292.0,2000,-1708.0,131.6,31.233108,130.602247
-1970766.128,-104690.8289,25.0,2000,-1975.0,176.4,31.176510999999998,130.570456
-821281.3397,569722.1759,569.0,2000,-1431.0,124.0,39.853558,140.760013
-817336.8224,582653.5651,1084.0,2000,-916.0,278.9,39.978858,140.783683
-812850.2335,566337.7675,670.0,2000,-1330.0,276.4,39.833057000000004,140.858887
